crop,category,N,P,K,temperature,humidity,ph,rainfall,soil_type,season,water_avail,state
pineapple,horticulture,57.0,30.0,46.0,30.4,91.2,4.73,133.7,laterite,kharif,irrigated,Assam
mango,horticulture,27.0,27.0,55.0,37.5,59.5,5.56,94.6,loamy,kharif,rainfed,Bihar
sugarcane,cash,106.0,59.0,96.0,23.2,73.9,6.46,166.5,black,kharif,rainfed,Maharashtra
pomegranate,horticulture,34.0,25.0,30.0,35.0,44.1,8.33,58.8,loamy,kharif,rainfed,Karnataka
maize,cereal,64.0,44.0,61.0,31.7,59.8,6.52,57.5,red,kharif,rainfed,Karnataka
mothbeans,pulse,10.0,38.0,17.0,28.8,40.7,7.97,30.6,sandy,kharif,irrigated,Rajasthan
rubber,plantation,19.0,20.0,43.0,27.5,92.0,5.51,247.2,laterite,kharif,irrigated,Tamil Nadu
tea,plantation,39.0,20.0,23.0,17.6,96.6,5.84,235.9,laterite,kharif,rainfed,Assam
ginger,spice,81.0,57.0,51.0,19.0,72.4,6.55,153.5,loamy,kharif,irrigated,Arunachal Pradesh
pigeonpeas,pulse,34.0,51.0,31.0,35.1,60.6,6.01,63.9,loamy,kharif,rainfed,Madhya Pradesh
maize,cereal,61.0,32.0,55.0,21.2,61.0,6.6,114.0,loamy,rabi,irrigated,Rajasthan
muskmelon,horticulture,54.0,49.0,66.0,29.5,75.8,6.25,60.5,sandy,zaid,irrigated,Uttar Pradesh
grapes,horticulture,24.0,37.0,34.0,27.5,70.6,7.19,90.6,black,rabi,rainfed,Tamil Nadu
jasmine,flower,61.0,31.0,55.0,32.7,55.9,7.14,100.9,sandy,kharif,irrigated,Karnataka
rice,cereal,120.0,55.0,33.0,19.8,89.7,6.78,201.2,clay,kharif,irrigated,Odisha
coffee,plantation,82.0,34.0,50.0,17.7,90.2,7.17,200.8,loamy,kharif,irrigated,Andhra Pradesh
sesame,oilseed,28.0,48.0,41.0,36.4,41.5,6.85,46.5,loamy,kharif,rainfed,West Bengal
maize,cereal,64.0,54.0,46.0,19.7,60.2,6.34,126.5,loamy,rabi,rainfed,Karnataka
cotton,cash,94.0,47.0,41.0,33.1,65.9,7.69,125.1,loamy,kharif,rainfed,Haryana
cabbage,vegetable,95.0,56.0,62.0,12.2,87.9,6.91,152.4,loamy,rabi,rainfed,Assam
potato,vegetable,101.0,48.0,111.0,9.3,82.5,5.89,126.6,loamy,rabi,rainfed,Bihar
marigold,flower,74.0,49.0,40.0,27.4,73.1,7.38,86.9,alluvial,kharif,rainfed,Maharashtra
tea,plantation,19.0,23.0,28.0,18.4,96.3,5.43,220.9,loamy,kharif,rainfed,West Bengal
wheat,cereal,152.0,81.0,47.0,14.8,67.3,7.14,100.1,loamy,rabi,rainfed,Punjab
grapes,horticulture,29.0,39.0,30.0,15.3,54.3,7.59,99.5,loamy,rabi,irrigated,Maharashtra
okra,vegetable,45.0,32.0,34.0,28.5,76.8,6.28,101.2,sandy,kharif,rainfed,Andhra Pradesh
cabbage,vegetable,129.0,65.0,74.0,23.7,91.5,6.89,103.4,loamy,rabi,rainfed,West Bengal
watermelon,horticulture,72.0,53.0,60.0,25.0,76.4,6.34,60.6,red,zaid,irrigated,Maharashtra
pineapple,horticulture,40.0,30.0,41.0,33.6,90.0,4.92,246.3,sandy,kharif,rainfed,West Bengal
sesame,oilseed,33.0,36.0,22.0,36.0,66.1,6.05,65.4,red,kharif,irrigated,Gujarat
chickpea,pulse,26.0,51.0,53.0,23.2,53.3,6.54,56.7,black,rabi,rainfed,Karnataka
papaya,horticulture,86.0,41.0,55.0,39.8,66.8,7.15,94.6,sandy,kharif,rainfed,Gujarat
rose,flower,62.0,62.0,74.0,22.8,60.1,6.9,123.5,loamy,rabi,irrigated,Himachal Pradesh
okra,vegetable,59.0,56.0,43.0,34.8,67.5,7.06,121.0,loamy,kharif,rainfed,Gujarat
kidneybeans,pulse,22.0,72.0,43.0,21.0,64.4,7.12,112.5,alluvial,kharif,rainfed,Jammu & Kashmir
jasmine,flower,53.0,35.0,41.0,26.9,78.7,6.32,132.2,loamy,kharif,rainfed,Maharashtra
sugarcane,cash,115.0,49.0,83.0,27.7,94.9,6.13,130.9,loamy,kharif,rainfed,Karnataka
ginger,spice,74.0,54.0,53.0,23.3,76.9,7.33,119.6,alluvial,kharif,rainfed,Karnataka
barley,cereal,61.0,50.0,52.0,15.6,69.0,6.81,73.8,loamy,rabi,irrigated,Haryana
jowar,millet,60.0,20.0,51.0,33.6,46.3,7.8,93.8,loamy,rabi,rainfed,Rajasthan
mustard,oilseed,78.0,40.0,35.0,18.0,67.1,6.71,28.3,sandy,rabi,rainfed,Rajasthan
cocoa,plantation,32.0,35.0,30.0,32.5,96.0,6.94,268.9,alluvial,kharif,irrigated,Tamil Nadu
pineapple,horticulture,29.0,42.0,29.0,36.1,76.6,6.14,265.6,loamy,kharif,rainfed,Karnataka
rice,cereal,128.0,48.0,32.0,36.7,87.1,5.72,144.7,clay,kharif,rainfed,Punjab
tobacco,cash,40.0,51.0,33.0,33.0,64.7,5.76,77.9,sandy,rabi,rainfed,Bihar
okra,vegetable,37.0,32.0,49.0,29.2,81.5,6.86,81.4,alluvial,kharif,irrigated,Andhra Pradesh
cowpea,pulse,26.0,32.0,36.0,34.1,77.5,7.29,106.4,sandy,zaid,irrigated,Karnataka
soybean,oilseed,36.0,66.0,64.0,22.9,85.3,6.98,91.1,black,kharif,rainfed,Maharashtra
cauliflower,vegetable,112.0,60.0,52.0,20.9,77.5,6.35,125.4,loamy,rabi,rainfed,Maharashtra
mothbeans,pulse,25.0,33.0,24.0,39.1,44.9,8.76,24.7,sandy,kharif,rainfed,Rajasthan
tea,plantation,36.0,21.0,24.0,11.5,90.6,4.79,279.1,red,kharif,irrigated,Kerala
kidneybeans,pulse,25.0,69.0,43.0,15.3,66.8,7.11,123.1,loamy,kharif,irrigated,Uttarakhand
watermelon,horticulture,65.0,58.0,59.0,34.1,62.7,6.98,63.9,loamy,kharif,rainfed,Karnataka
lentil,pulse,28.0,31.0,25.0,25.6,44.1,6.99,44.9,loamy,rabi,rainfed,Uttar Pradesh
coriander,spice,44.0,58.0,30.0,14.6,50.3,7.17,63.4,alluvial,rabi,rainfed,Gujarat
cabbage,vegetable,75.0,75.0,68.0,18.0,87.3,6.59,85.5,alluvial,rabi,irrigated,Odisha
sapota,horticulture,29.0,35.0,58.0,27.3,55.9,6.29,132.2,loamy,kharif,irrigated,Karnataka
bajra,millet,49.0,27.0,45.0,25.6,50.9,8.35,30.0,sandy,kharif,irrigated,Uttar Pradesh
jowar,millet,59.0,42.0,32.0,26.1,34.8,6.09,42.4,loamy,kharif,rainfed,Maharashtra
marigold,flower,44.0,39.0,52.0,19.8,73.0,6.77,102.0,sandy,kharif,rainfed,Andhra Pradesh
mothbeans,pulse,20.0,43.0,31.0,39.9,51.8,8.1,32.2,sandy,kharif,rainfed,Rajasthan
cocoa,plantation,43.0,37.0,53.0,23.0,80.6,6.65,149.5,alluvial,kharif,rainfed,Tamil Nadu
ginger,spice,59.0,35.0,50.0,19.1,90.9,7.08,142.8,loamy,kharif,irrigated,Arunachal Pradesh
mustard,oilseed,96.0,47.0,34.0,19.6,50.0,7.12,29.6,loamy,rabi,rainfed,Haryana
coconut,plantation,20.0,22.0,49.0,37.6,77.1,7.48,146.5,loamy,kharif,rainfed,West Bengal
sunflower,oilseed,80.0,80.0,76.0,18.2,61.2,7.97,60.7,alluvial,rabi,rainfed,Orissa
arecanut,plantation,36.0,24.0,101.0,20.4,80.3,7.22,258.5,loamy,kharif,rainfed,West Bengal
banana,horticulture,91.0,58.0,101.0,21.3,94.6,5.7,129.8,red,kharif,rainfed,Tamil Nadu
chickpea,pulse,41.0,71.0,32.0,21.4,63.4,7.63,50.1,alluvial,rabi,rainfed,Uttar Pradesh
blackgram,pulse,21.0,43.0,19.0,26.2,65.9,6.42,102.8,red,kharif,rainfed,Maharashtra
cardamom,spice,29.0,29.0,64.0,15.7,87.6,5.89,406.3,laterite,kharif,irrigated,Tamil Nadu
sunflower,oilseed,94.0,84.0,76.0,25.8,59.9,7.65,95.5,loamy,kharif,irrigated,Karnataka
sesame,oilseed,37.0,41.0,20.0,29.3,48.1,5.9,53.5,loamy,kharif,rainfed,Rajasthan
onion,vegetable,49.0,53.0,59.0,19.9,54.8,6.29,96.4,alluvial,kharif,rainfed,Karnataka
mango,horticulture,23.0,35.0,65.0,38.6,36.9,6.77,110.6,loamy,kharif,rainfed,Andhra Pradesh
cardamom,spice,30.0,24.0,52.0,22.6,77.2,5.33,286.6,red,kharif,rainfed,Tamil Nadu
blackgram,pulse,23.0,32.0,38.0,23.4,91.0,6.35,79.0,loamy,kharif,rainfed,Madhya Pradesh
onion,vegetable,58.0,58.0,38.0,29.9,64.5,6.1,71.6,black,kharif,irrigated,Rajasthan
coconut,plantation,29.0,31.0,70.0,33.1,78.8,5.85,221.4,loamy,kharif,rainfed,Kerala
kidneybeans,pulse,42.0,81.0,38.0,22.7,64.0,6.5,77.4,alluvial,kharif,rainfed,Karnataka
jute,cash,76.0,35.0,54.0,29.3,87.3,7.31,230.0,alluvial,kharif,rainfed,Assam
ragi,millet,58.0,34.0,28.0,28.6,73.4,6.09,73.3,loamy,kharif,rainfed,Tamil Nadu
tomato,vegetable,74.0,62.0,72.0,28.5,53.0,6.69,119.8,red,rabi,rainfed,Andhra Pradesh
sapota,horticulture,28.0,28.0,31.0,24.4,59.0,7.52,175.0,laterite,kharif,irrigated,Maharashtra
blackgram,pulse,30.0,31.0,41.0,30.3,73.9,7.48,84.8,loamy,rabi,irrigated,Madhya Pradesh
rose,flower,41.0,43.0,64.0,19.1,73.3,5.68,91.7,alluvial,rabi,rainfed,Himachal Pradesh
wheat,cereal,162.0,53.0,45.0,11.0,55.7,6.44,73.6,alluvial,rabi,rainfed,Punjab
brinjal,vegetable,45.0,32.0,74.0,26.4,55.1,6.82,102.6,sandy,rabi,irrigated,Gujarat
bajra,millet,55.0,19.0,45.0,38.5,41.7,6.56,64.9,red,kharif,irrigated,Maharashtra
cotton,cash,90.0,57.0,66.0,19.7,70.9,7.77,73.1,loamy,kharif,irrigated,Gujarat
sunflower,oilseed,81.0,76.0,84.0,25.9,62.7,7.86,107.2,alluvial,kharif,irrigated,Bihar
tomato,vegetable,71.0,42.0,83.0,20.9,65.5,6.92,122.3,red,rabi,irrigated,Karnataka
ginger,spice,61.0,32.0,46.0,26.6,65.3,5.73,116.4,laterite,kharif,rainfed,Karnataka
blackgram,pulse,30.0,30.0,35.0,32.8,81.7,6.86,80.3,alluvial,kharif,rainfed,Madhya Pradesh
blackgram,pulse,25.0,29.0,35.0,34.2,84.8,7.38,66.0,red,kharif,irrigated,Uttar Pradesh
ragi,millet,73.0,46.0,43.0,18.0,58.0,5.96,85.9,laterite,kharif,rainfed,Uttarakhand
lentil,pulse,22.0,30.0,38.0,20.3,42.8,6.6,74.8,alluvial,rabi,irrigated,Bihar
barley,cereal,92.0,54.0,43.0,10.3,61.1,7.43,53.5,loamy,rabi,rainfed,Madhya Pradesh
watermelon,horticulture,54.0,49.0,68.0,38.2,64.8,6.58,80.5,sandy,kharif,irrigated,Karnataka
rice,cereal,143.0,42.0,36.0,37.8,81.1,5.64,146.8,loamy,kharif,rainfed,Punjab
tapioca,horticulture,61.0,55.0,125.0,25.8,79.4,6.59,208.6,red,kharif,irrigated,Maharashtra
chickpea,pulse,22.0,70.0,36.0,15.6,55.2,7.18,50.6,loamy,rabi,irrigated,Madhya Pradesh
apple,horticulture,38.0,26.0,22.0,7.7,82.3,6.21,152.6,alluvial,rabi,irrigated,Uttarakhand
pigeonpeas,pulse,28.0,44.0,42.0,30.6,48.7,6.23,109.6,red,kharif,rainfed,Karnataka
muskmelon,horticulture,45.0,44.0,43.0,36.6,68.4,6.35,70.2,sandy,zaid,irrigated,Punjab
ragi,millet,77.0,44.0,51.0,21.1,84.5,6.36,95.1,red,kharif,rainfed,Odisha
tobacco,cash,42.0,39.0,59.0,31.7,67.4,7.29,84.7,sandy,rabi,irrigated,Karnataka
sapota,horticulture,31.0,26.0,30.0,22.9,63.4,7.61,186.6,loamy,kharif,rainfed,Tamil Nadu
cotton,cash,71.0,48.0,51.0,26.4,84.7,6.5,79.8,loamy,kharif,rainfed,Gujarat
guava,horticulture,44.0,28.0,38.0,21.2,63.7,5.53,125.2,loamy,kharif,rainfed,Karnataka
cowpea,pulse,16.0,33.0,38.0,24.1,63.1,7.4,77.5,loamy,kharif,irrigated,Karnataka
banana,horticulture,80.0,62.0,101.0,22.9,71.6,6.64,209.9,alluvial,kharif,rainfed,Andhra Pradesh
pomegranate,horticulture,38.0,28.0,19.0,16.8,42.0,8.06,68.7,loamy,kharif,irrigated,Rajasthan
chilli,spice,57.0,70.0,63.0,21.8,59.6,6.82,89.6,loamy,rabi,irrigated,Andhra Pradesh
kidneybeans,pulse,38.0,53.0,57.0,27.9,62.3,7.08,83.5,loamy,kharif,irrigated,Himachal Pradesh
rice,cereal,105.0,63.0,49.0,29.6,65.7,5.62,260.3,alluvial,kharif,rainfed,Punjab
wheat,cereal,161.0,78.0,43.0,18.0,56.7,6.86,75.0,alluvial,rabi,irrigated,Rajasthan
watermelon,horticulture,54.0,53.0,70.0,28.6,78.0,6.27,86.0,sandy,kharif,rainfed,Andhra Pradesh
tapioca,horticulture,105.0,58.0,140.0,30.2,82.6,7.34,196.6,red,kharif,rainfed,Maharashtra
jowar,millet,51.0,33.0,53.0,30.6,61.1,7.63,46.5,loamy,kharif,rainfed,Madhya Pradesh
onion,vegetable,56.0,40.0,60.0,21.4,75.2,7.17,90.4,loamy,rabi,rainfed,Madhya Pradesh
cotton,cash,71.0,33.0,75.0,26.9,71.3,6.54,101.1,black,kharif,rainfed,Maharashtra
jowar,millet,86.0,28.0,52.0,37.7,34.1,6.47,59.4,loamy,kharif,rainfed,Karnataka
cauliflower,vegetable,74.0,73.0,48.0,22.5,85.2,7.35,84.1,alluvial,rabi,rainfed,West Bengal
guava,horticulture,47.0,22.0,45.0,31.4,72.0,6.59,109.2,alluvial,kharif,irrigated,Andhra Pradesh
ragi,millet,64.0,26.0,56.0,22.8,68.9,5.94,107.1,loamy,kharif,rainfed,Karnataka
horsegram,pulse,15.0,33.0,29.0,30.6,42.0,5.96,72.8,loamy,kharif,irrigated,Odisha
soybean,oilseed,29.0,75.0,64.0,28.6,59.3,6.74,56.6,alluvial,kharif,rainfed,Madhya Pradesh
coffee,plantation,73.0,20.0,47.0,24.4,64.9,7.13,115.1,loamy,kharif,irrigated,Andhra Pradesh
papaya,horticulture,66.0,31.0,79.0,31.8,84.5,6.22,116.5,alluvial,kharif,irrigated,Tamil Nadu
cabbage,vegetable,112.0,64.0,85.0,13.0,65.9,7.19,117.5,alluvial,rabi,rainfed,West Bengal
pigeonpeas,pulse,37.0,52.0,41.0,33.4,47.5,6.42,57.0,loamy,kharif,rainfed,Maharashtra
cauliflower,vegetable,82.0,59.0,81.0,23.2,77.1,6.59,150.8,alluvial,rabi,rainfed,Maharashtra
cocoa,plantation,41.0,26.0,34.0,33.5,72.8,6.21,180.9,alluvial,kharif,irrigated,Andhra Pradesh
barley,cereal,70.0,41.0,31.0,21.0,57.5,6.65,63.7,alluvial,rabi,rainfed,Madhya Pradesh
ginger,spice,37.0,52.0,86.0,32.1,81.4,7.38,152.8,alluvial,kharif,irrigated,Kerala
ragi,millet,83.0,48.0,37.0,17.2,83.2,6.94,55.5,laterite,kharif,irrigated,Odisha
cardamom,spice,29.0,18.0,65.0,25.5,79.6,6.92,244.9,loamy,kharif,irrigated,Karnataka
wheat,cereal,150.0,50.0,43.0,20.6,74.7,6.08,66.7,loamy,rabi,rainfed,Punjab
maize,cereal,74.0,30.0,65.0,24.7,57.3,5.57,108.1,alluvial,rabi,rainfed,Andhra Pradesh
guava,horticulture,28.0,27.0,51.0,31.2,65.7,7.45,159.7,sandy,kharif,rainfed,Karnataka
mothbeans,pulse,22.0,26.0,27.0,31.3,41.3,8.03,53.6,sandy,kharif,irrigated,Gujarat
jute,cash,91.0,37.0,60.0,33.5,69.5,7.1,146.4,alluvial,kharif,irrigated,Meghalaya
castor,oilseed,63.0,40.0,52.0,38.6,50.6,8.12,89.6,sandy,kharif,rainfed,Gujarat
castor,oilseed,37.0,34.0,57.0,30.2,48.5,6.23,83.5,loamy,kharif,rainfed,Gujarat
pepper,spice,36.0,19.0,97.0,27.1,101.8,6.61,234.7,red,kharif,rainfed,Andhra Pradesh
turmeric,spice,84.0,53.0,65.0,34.2,91.6,6.82,123.9,alluvial,kharif,irrigated,Telangana
cabbage,vegetable,110.0,60.0,77.0,12.9,69.7,7.41,121.5,alluvial,rabi,rainfed,Bihar
ginger,spice,62.0,41.0,83.0,19.9,87.7,7.43,108.8,loamy,kharif,rainfed,Kerala
groundnut,cash,17.0,58.0,60.0,35.5,69.1,6.83,60.1,loamy,rabi,rainfed,Karnataka
barley,cereal,63.0,60.0,37.0,12.7,56.8,6.75,66.8,loamy,rabi,irrigated,Haryana
cabbage,vegetable,84.0,52.0,66.0,14.2,86.2,7.06,92.5,loamy,rabi,rainfed,Odisha
coconut,plantation,42.0,12.0,82.0,30.7,73.7,5.82,261.9,alluvial,kharif,rainfed,Andhra Pradesh
sapota,horticulture,43.0,25.0,36.0,32.6,74.3,7.94,147.8,loamy,kharif,irrigated,Maharashtra
apple,horticulture,42.0,25.0,34.0,15.9,68.0,6.59,130.0,alluvial,rabi,rainfed,Jammu & Kashmir
tobacco,cash,39.0,51.0,35.0,32.9,54.2,6.05,61.9,loamy,rabi,irrigated,Bihar
coffee,plantation,53.0,25.0,63.0,22.0,71.2,7.27,159.6,red,kharif,irrigated,Karnataka
tomato,vegetable,76.0,60.0,51.0,17.0,75.2,6.89,85.9,alluvial,kharif,rainfed,Andhra Pradesh
turmeric,spice,85.0,50.0,82.0,21.8,91.7,5.15,163.0,red,kharif,irrigated,Karnataka
cabbage,vegetable,84.0,73.0,50.0,15.5,87.5,6.87,101.4,alluvial,rabi,irrigated,Assam
pepper,spice,41.0,20.0,83.0,22.1,75.7,6.72,223.7,laterite,kharif,rainfed,Assam
blackgram,pulse,29.0,34.0,21.0,28.4,90.1,6.18,93.1,red,kharif,rainfed,Andhra Pradesh
apple,horticulture,33.0,22.0,41.0,11.9,85.0,6.25,204.9,alluvial,rabi,rainfed,Jammu & Kashmir
sesame,oilseed,32.0,30.0,30.0,27.2,48.8,7.29,84.0,sandy,kharif,rainfed,Gujarat
okra,vegetable,32.0,39.0,37.0,28.9,65.9,6.13,69.9,alluvial,kharif,rainfed,Bihar
cotton,cash,64.0,56.0,37.0,31.7,69.0,7.2,122.7,alluvial,kharif,rainfed,Gujarat
jasmine,flower,63.0,29.0,62.0,24.6,85.1,6.58,110.6,loamy,kharif,rainfed,Tamil Nadu
pigeonpeas,pulse,40.0,58.0,28.0,18.0,65.5,6.31,68.5,loamy,kharif,rainfed,Maharashtra
pepper,spice,52.0,33.0,61.0,27.6,78.8,6.66,351.7,loamy,kharif,irrigated,Tamil Nadu
chilli,spice,59.0,67.0,67.0,29.4,56.9,6.61,96.6,black,rabi,rainfed,Tamil Nadu
rice,cereal,140.0,36.0,58.0,27.3,74.4,6.69,180.3,loamy,kharif,rainfed,Odisha
orange,horticulture,33.0,29.0,31.0,14.5,61.3,6.93,136.1,loamy,rabi,irrigated,Assam
sesame,oilseed,32.0,48.0,26.0,23.2,67.5,5.77,53.0,red,kharif,rainfed,Andhra Pradesh
sugarcane,cash,98.0,80.0,107.0,29.3,68.2,6.27,153.3,loamy,kharif,rainfed,Tamil Nadu
horsegram,pulse,30.0,31.0,18.0,19.6,64.8,6.53,84.0,loamy,rabi,rainfed,Tamil Nadu
brinjal,vegetable,67.0,33.0,69.0,20.3,59.8,7.44,67.8,alluvial,rabi,rainfed,Andhra Pradesh
pepper,spice,47.0,30.0,79.0,21.8,99.2,5.58,317.1,loamy,kharif,rainfed,Karnataka
banana,horticulture,104.0,64.0,92.0,35.8,91.3,7.05,186.9,loamy,kharif,irrigated,Tamil Nadu
rose,flower,47.0,42.0,58.0,15.8,65.3,6.18,154.2,alluvial,rabi,rainfed,Maharashtra
cabbage,vegetable,86.0,68.0,84.0,18.3,63.6,6.04,113.4,clay,rabi,rainfed,Bihar
arecanut,plantation,22.0,26.0,82.0,28.7,66.3,6.07,171.7,loamy,kharif,rainfed,Karnataka
barley,cereal,72.0,40.0,47.0,19.7,52.2,6.83,60.2,sandy,rabi,rainfed,Uttar Pradesh
sapota,horticulture,27.0,21.0,28.0,32.2,80.3,7.23,213.3,laterite,kharif,irrigated,Tamil Nadu
greengram,pulse,15.0,28.0,40.0,28.3,60.1,7.24,102.4,alluvial,zaid,irrigated,Andhra Pradesh
jute,cash,94.0,42.0,39.0,23.4,84.2,6.63,180.3,alluvial,kharif,irrigated,Meghalaya
soybean,oilseed,43.0,90.0,74.0,19.0,74.6,6.8,58.4,loamy,kharif,rainfed,Maharashtra
tea,plantation,28.0,25.0,30.0,22.2,81.4,5.29,154.5,laterite,kharif,rainfed,Tamil Nadu
banana,horticulture,117.0,72.0,112.0,22.1,72.4,6.49,136.9,red,kharif,irrigated,Tamil Nadu
pigeonpeas,pulse,19.0,42.0,52.0,28.7,71.6,6.78,117.0,loamy,kharif,rainfed,Madhya Pradesh
tomato,vegetable,68.0,53.0,75.0,22.2,61.8,6.78,124.1,alluvial,rabi,rainfed,Madhya Pradesh
turmeric,spice,83.0,61.0,98.0,30.2,83.2,6.59,212.1,red,kharif,rainfed,Odisha
ginger,spice,52.0,43.0,49.0,22.3,88.5,7.09,177.6,loamy,kharif,irrigated,Meghalaya
horsegram,pulse,11.0,26.0,28.0,32.1,58.0,5.65,48.7,loamy,kharif,rainfed,Andhra Pradesh
jowar,millet,37.0,36.0,49.0,37.6,43.3,6.26,41.8,black,kharif,rainfed,Rajasthan
maize,cereal,98.0,29.0,41.0,32.3,61.0,5.99,89.2,loamy,kharif,rainfed,Rajasthan
tobacco,cash,45.0,31.0,61.0,28.8,52.0,7.03,92.2,alluvial,rabi,irrigated,Karnataka
sugarcane,cash,129.0,71.0,77.0,30.6,95.0,7.75,165.7,loamy,kharif,rainfed,Karnataka
soybean,oilseed,41.0,96.0,58.0,32.3,56.5,6.25,128.0,alluvial,kharif,rainfed,Uttar Pradesh
coriander,spice,46.0,35.0,39.0,14.3,59.4,7.19,55.8,sandy,rabi,rainfed,Karnataka
kidneybeans,pulse,38.0,48.0,30.0,26.8,59.6,6.52,95.8,loamy,kharif,rainfed,Himachal Pradesh
jute,cash,89.0,39.0,47.0,35.5,85.1,7.35,141.1,loamy,kharif,irrigated,Assam
mango,horticulture,27.0,27.0,64.0,30.7,46.4,7.4,214.1,loamy,kharif,irrigated,Karnataka
arecanut,plantation,33.0,32.0,100.0,31.8,81.0,6.13,188.1,loamy,kharif,irrigated,Karnataka
coconut,plantation,37.0,15.0,54.0,26.4,93.9,6.07,310.0,alluvial,kharif,irrigated,West Bengal
potato,vegetable,118.0,76.0,110.0,11.9,89.7,6.4,86.2,sandy,rabi,rainfed,Punjab
barley,cereal,104.0,57.0,43.0,11.4,61.4,7.69,60.4,alluvial,rabi,irrigated,Rajasthan
okra,vegetable,36.0,31.0,42.0,33.7,69.3,6.26,119.7,loamy,kharif,rainfed,Bihar
rose,flower,38.0,70.0,38.0,25.0,63.4,5.55,146.2,alluvial,rabi,irrigated,Karnataka
jasmine,flower,54.0,62.0,64.0,23.0,66.0,7.24,144.2,alluvial,kharif,irrigated,Tamil Nadu
jowar,millet,47.0,36.0,37.0,34.6,54.4,6.1,68.0,loamy,rabi,irrigated,Andhra Pradesh
mustard,oilseed,77.0,37.0,52.0,20.3,70.5,6.11,55.5,alluvial,rabi,irrigated,Madhya Pradesh
soybean,oilseed,45.0,56.0,67.0,27.3,80.9,6.71,91.3,black,kharif,irrigated,Madhya Pradesh
jute,cash,58.0,52.0,52.0,36.8,90.8,6.01,146.7,alluvial,kharif,rainfed,Bihar
bajra,millet,28.0,18.0,49.0,37.1,38.8,6.99,62.1,sandy,kharif,irrigated,Haryana
wheat,cereal,121.0,72.0,51.0,20.4,54.6,7.43,75.9,black,rabi,rainfed,Haryana
watermelon,horticulture,52.0,51.0,58.0,26.5,57.8,7.03,48.3,loamy,kharif,rainfed,Karnataka
soybean,oilseed,32.0,85.0,40.0,31.0,64.0,6.66,99.9,loamy,kharif,irrigated,Maharashtra
chilli,spice,55.0,73.0,47.0,31.0,53.1,6.7,117.6,black,kharif,rainfed,Andhra Pradesh
jute,cash,62.0,46.0,49.0,34.4,86.3,7.1,267.0,alluvial,kharif,rainfed,Bihar
wheat,cereal,112.0,83.0,51.0,11.4,71.2,6.68,101.7,loamy,rabi,rainfed,Haryana
pigeonpeas,pulse,38.0,46.0,50.0,30.6,76.7,6.05,102.4,loamy,kharif,rainfed,Maharashtra
cashew,plantation,13.0,30.0,11.0,26.1,70.9,6.15,133.2,sandy,kharif,irrigated,Goa
horsegram,pulse,15.0,35.0,27.0,29.0,41.6,6.64,50.1,loamy,rabi,rainfed,Odisha
maize,cereal,76.0,34.0,49.0,21.7,69.7,6.47,78.1,alluvial,kharif,rainfed,Bihar
blackgram,pulse,22.0,41.0,42.0,35.3,84.2,7.27,91.4,alluvial,rabi,irrigated,Maharashtra
cowpea,pulse,17.0,30.0,28.0,25.2,65.7,5.54,75.9,red,kharif,rainfed,Tamil Nadu
chickpea,pulse,40.0,43.0,43.0,22.9,53.5,7.07,80.8,black,rabi,rainfed,Karnataka
muskmelon,horticulture,37.0,30.0,42.0,29.6,60.1,6.63,76.5,sandy,zaid,irrigated,Karnataka
soybean,oilseed,38.0,62.0,68.0,23.1,56.7,6.92,95.0,loamy,kharif,rainfed,Maharashtra
rose,flower,52.0,45.0,50.0,16.2,74.7,6.21,91.5,loamy,rabi,irrigated,Maharashtra
rubber,plantation,34.0,15.0,19.0,25.0,93.2,6.18,221.9,loamy,kharif,rainfed,Karnataka
rice,cereal,88.0,30.0,63.0,27.7,91.4,6.1,151.8,clay,kharif,rainfed,Odisha
rose,flower,58.0,54.0,56.0,18.2,59.2,6.08,112.0,alluvial,rabi,rainfed,Maharashtra
rice,cereal,75.0,62.0,60.0,34.5,74.5,5.59,301.3,alluvial,kharif,irrigated,Uttar Pradesh
soybean,oilseed,33.0,90.0,64.0,26.9,70.1,7.18,65.1,loamy,kharif,irrigated,Uttar Pradesh
cardamom,spice,19.0,26.0,44.0,16.6,91.0,6.39,244.0,laterite,kharif,irrigated,Arunachal Pradesh
jasmine,flower,43.0,29.0,64.0,19.8,55.4,6.99,97.7,sandy,kharif,rainfed,Karnataka
cowpea,pulse,19.0,38.0,24.0,29.3,73.6,6.46,87.7,sandy,zaid,rainfed,Karnataka
coffee,plantation,69.0,28.0,51.0,25.4,67.3,6.84,159.9,laterite,kharif,rainfed,Kerala
pineapple,horticulture,46.0,33.0,42.0,21.4,83.4,5.39,162.1,loamy,kharif,irrigated,Assam
chickpea,pulse,23.0,70.0,42.0,17.8,66.5,7.14,83.2,alluvial,rabi,irrigated,Madhya Pradesh
barley,cereal,72.0,38.0,39.0,14.4,48.2,7.18,84.0,loamy,rabi,rainfed,Haryana
coffee,plantation,59.0,36.0,61.0,18.6,74.6,6.89,150.4,laterite,kharif,irrigated,Andhra Pradesh
horsegram,pulse,15.0,42.0,25.0,31.2,37.1,7.08,63.7,red,kharif,rainfed,Tamil Nadu
lentil,pulse,14.0,56.0,31.0,25.3,61.5,7.3,49.5,black,rabi,rainfed,Bihar
marigold,flower,42.0,64.0,64.0,21.1,64.4,6.4,92.8,loamy,rabi,rainfed,Andhra Pradesh
coriander,spice,49.0,41.0,45.0,18.9,42.0,6.14,40.5,sandy,rabi,irrigated,Gujarat
ragi,millet,78.0,27.0,33.0,28.8,65.7,6.45,97.7,red,kharif,irrigated,Uttarakhand
brinjal,vegetable,53.0,33.0,39.0,26.1,83.5,7.44,120.3,sandy,rabi,rainfed,Bihar
pineapple,horticulture,55.0,25.0,34.0,34.0,88.2,5.01,136.8,sandy,kharif,rainfed,Karnataka
banana,horticulture,113.0,61.0,101.0,32.3,70.9,6.22,125.0,alluvial,kharif,rainfed,Andhra Pradesh
pigeonpeas,pulse,38.0,52.0,36.0,30.4,57.3,7.06,93.5,loamy,kharif,rainfed,Uttar Pradesh
groundnut,cash,18.0,65.0,66.0,30.3,55.5,6.59,73.6,red,rabi,irrigated,Rajasthan
bajra,millet,43.0,23.0,30.0,35.3,51.6,7.03,73.7,red,kharif,rainfed,Haryana
castor,oilseed,49.0,30.0,59.0,29.0,61.5,8.17,103.1,alluvial,kharif,irrigated,Tamil Nadu
cocoa,plantation,33.0,39.0,49.0,20.5,81.3,6.37,252.4,alluvial,kharif,irrigated,Kerala
pepper,spice,30.0,40.0,107.0,28.2,99.7,6.08,281.4,laterite,kharif,rainfed,Karnataka
mustard,oilseed,90.0,64.0,35.0,20.2,55.9,7.01,65.3,loamy,rabi,rainfed,Madhya Pradesh
jasmine,flower,58.0,56.0,39.0,19.8,68.5,7.26,141.5,alluvial,kharif,irrigated,Andhra Pradesh
papaya,horticulture,83.0,36.0,75.0,35.4,68.1,7.15,153.9,loamy,kharif,rainfed,Karnataka
greengram,pulse,30.0,54.0,33.0,27.9,73.2,7.44,87.7,loamy,zaid,rainfed,Andhra Pradesh
cotton,cash,65.0,38.0,58.0,23.8,79.1,6.62,93.1,alluvial,kharif,irrigated,Gujarat
cocoa,plantation,37.0,41.0,30.0,36.5,75.7,7.38,185.1,loamy,kharif,irrigated,Karnataka
apple,horticulture,43.0,37.0,42.0,5.9,71.2,6.19,173.4,alluvial,rabi,irrigated,Arunachal Pradesh
chickpea,pulse,37.0,52.0,61.0,16.5,65.9,6.62,77.4,loamy,rabi,rainfed,Karnataka
castor,oilseed,31.0,27.0,36.0,37.8,58.7,6.77,66.9,sandy,kharif,rainfed,Rajasthan
mustard,oilseed,81.0,42.0,40.0,13.0,57.0,6.32,71.1,loamy,rabi,irrigated,Uttar Pradesh
wheat,cereal,146.0,66.0,49.0,12.1,51.9,6.91,100.1,loamy,rabi,rainfed,Madhya Pradesh
cabbage,vegetable,75.0,53.0,74.0,16.4,80.4,6.99,109.1,loamy,rabi,rainfed,West Bengal
lentil,pulse,24.0,28.0,22.0,18.7,64.9,7.64,56.4,alluvial,rabi,rainfed,Uttar Pradesh
chilli,spice,85.0,71.0,68.0,29.6,65.8,6.82,81.5,alluvial,kharif,rainfed,Andhra Pradesh
rose,flower,68.0,73.0,69.0,28.9,82.7,5.62,160.9,alluvial,rabi,irrigated,Tamil Nadu
cocoa,plantation,43.0,22.0,39.0,25.8,94.6,6.16,223.3,loamy,kharif,rainfed,Tamil Nadu
onion,vegetable,49.0,58.0,40.0,22.7,65.0,6.78,86.2,loamy,kharif,rainfed,Gujarat
jasmine,flower,37.0,59.0,57.0,33.0,69.9,6.54,143.7,loamy,kharif,rainfed,Tamil Nadu
apple,horticulture,34.0,38.0,19.0,13.2,67.0,5.91,106.5,loamy,rabi,rainfed,Jammu & Kashmir
kidneybeans,pulse,43.0,70.0,29.0,14.7,65.9,6.81,98.1,loamy,kharif,irrigated,Karnataka
watermelon,horticulture,70.0,28.0,66.0,39.0,55.1,7.29,49.9,loamy,zaid,rainfed,Rajasthan
tobacco,cash,44.0,29.0,59.0,20.0,64.1,5.88,62.0,loamy,rabi,irrigated,Bihar
jute,cash,82.0,28.0,54.0,34.7,75.5,7.08,204.4,alluvial,kharif,irrigated,Assam
jute,cash,81.0,40.0,51.0,24.1,70.5,7.06,269.4,loamy,kharif,irrigated,Bihar
guava,horticulture,46.0,27.0,28.0,22.1,53.1,5.12,144.1,sandy,kharif,irrigated,Karnataka
sapota,horticulture,27.0,17.0,54.0,33.1,65.5,7.24,113.5,loamy,kharif,rainfed,Andhra Pradesh
ginger,spice,61.0,37.0,60.0,30.8,73.5,6.21,214.9,alluvial,kharif,rainfed,Karnataka
grapes,horticulture,39.0,20.0,35.0,24.5,55.6,6.7,80.9,loamy,rabi,irrigated,Mizoram
chilli,spice,68.0,62.0,76.0,18.9,63.3,6.94,61.7,black,rabi,rainfed,Karnataka
watermelon,horticulture,39.0,31.0,58.0,29.5,72.7,6.02,39.2,sandy,zaid,rainfed,Andhra Pradesh
grapes,horticulture,29.0,28.0,32.0,21.1,54.8,7.58,70.7,red,rabi,rainfed,Andhra Pradesh
ragi,millet,69.0,41.0,31.0,28.3,84.5,6.54,65.3,laterite,kharif,rainfed,Odisha
pigeonpeas,pulse,29.0,45.0,36.0,29.4,77.2,7.5,64.9,loamy,kharif,irrigated,Maharashtra
rubber,plantation,24.0,27.0,34.0,26.1,90.0,4.79,308.8,laterite,kharif,rainfed,Tamil Nadu
tobacco,cash,61.0,39.0,63.0,18.6,76.7,7.02,92.1,sandy,rabi,rainfed,Gujarat
chilli,spice,54.0,59.0,61.0,25.5,59.5,7.37,61.8,loamy,kharif,irrigated,Maharashtra
ginger,spice,76.0,40.0,68.0,20.8,72.8,7.48,161.5,loamy,kharif,irrigated,Karnataka
coffee,plantation,82.0,30.0,55.0,29.2,72.1,6.39,211.6,red,kharif,rainfed,Andhra Pradesh
banana,horticulture,120.0,60.0,120.0,22.2,87.0,7.49,235.3,red,kharif,rainfed,Maharashtra
barley,cereal,59.0,57.0,41.0,7.6,67.5,7.43,48.8,sandy,rabi,irrigated,Himachal Pradesh
pomegranate,horticulture,41.0,38.0,24.0,23.2,48.4,6.84,46.8,sandy,kharif,rainfed,Gujarat
greengram,pulse,31.0,50.0,36.0,37.8,82.6,6.32,81.9,red,kharif,irrigated,Maharashtra
blackgram,pulse,41.0,36.0,38.0,26.4,71.7,6.43,99.8,alluvial,rabi,rainfed,Madhya Pradesh
orange,horticulture,36.0,23.0,34.0,18.8,69.1,5.84,119.2,laterite,rabi,irrigated,Meghalaya
mustard,oilseed,100.0,51.0,39.0,20.6,59.6,6.28,50.0,sandy,rabi,irrigated,Haryana
brinjal,vegetable,55.0,53.0,51.0,27.5,65.5,7.22,86.0,alluvial,kharif,irrigated,Andhra Pradesh
cowpea,pulse,23.0,35.0,32.0,29.2,57.2,6.03,105.3,red,zaid,irrigated,Rajasthan
turmeric,spice,47.0,49.0,87.0,30.2,72.9,6.3,123.1,red,kharif,rainfed,Telangana
pineapple,horticulture,42.0,29.0,36.0,34.1,86.0,6.47,154.8,sandy,kharif,irrigated,West Bengal
ragi,millet,57.0,24.0,46.0,32.0,71.7,5.63,109.1,loamy,kharif,irrigated,Uttarakhand
mango,horticulture,20.0,32.0,73.0,26.5,44.0,5.59,83.0,alluvial,kharif,irrigated,Karnataka
papaya,horticulture,79.0,46.0,71.0,27.3,77.6,6.03,152.9,alluvial,kharif,rainfed,Gujarat
castor,oilseed,54.0,33.0,53.0,23.6,71.7,7.54,66.5,alluvial,kharif,rainfed,Tamil Nadu
rubber,plantation,39.0,30.0,39.0,26.5,81.8,5.45,231.7,alluvial,kharif,rainfed,Assam
sesame,oilseed,30.0,46.0,20.0,29.1,45.3,7.08,63.7,sandy,kharif,irrigated,Gujarat
turmeric,spice,59.0,54.0,84.0,26.3,88.7,5.75,93.5,red,kharif,rainfed,Karnataka
okra,vegetable,64.0,30.0,37.0,26.6,55.8,6.93,100.0,alluvial,kharif,rainfed,Andhra Pradesh
greengram,pulse,22.0,40.0,24.0,33.2,60.0,6.74,88.4,red,zaid,irrigated,Rajasthan
watermelon,horticulture,73.0,50.0,73.0,39.5,76.6,6.33,62.6,sandy,kharif,rainfed,Andhra Pradesh
sesame,oilseed,30.0,31.0,42.0,30.6,48.3,7.73,58.0,loamy,kharif,rainfed,West Bengal
jowar,millet,67.0,30.0,28.0,36.9,33.7,7.78,48.0,black,kharif,rainfed,Madhya Pradesh
cowpea,pulse,21.0,48.0,41.0,30.1,73.8,7.09,90.4,red,zaid,rainfed,Andhra Pradesh
jowar,millet,69.0,26.0,41.0,30.5,55.4,6.59,40.7,loamy,rabi,rainfed,Maharashtra
brinjal,vegetable,73.0,49.0,48.0,22.9,67.1,6.33,63.1,sandy,kharif,rainfed,Gujarat
cardamom,spice,22.0,27.0,36.0,20.7,91.2,5.39,416.8,laterite,kharif,irrigated,Karnataka
watermelon,horticulture,71.0,39.0,70.0,29.0,62.8,6.35,58.3,loamy,kharif,irrigated,Andhra Pradesh
wheat,cereal,153.0,77.0,64.0,25.4,68.1,7.25,102.0,black,rabi,irrigated,Uttar Pradesh
groundnut,cash,18.0,86.0,51.0,29.3,55.8,6.37,90.9,red,kharif,rainfed,Tamil Nadu
greengram,pulse,24.0,30.0,20.0,23.8,81.7,6.6,87.8,alluvial,kharif,rainfed,Maharashtra
kidneybeans,pulse,37.0,76.0,40.0,21.1,67.7,6.31,94.9,loamy,kharif,rainfed,Uttarakhand
orange,horticulture,41.0,21.0,14.0,22.0,79.2,6.26,117.8,loamy,rabi,rainfed,Rajasthan
rice,cereal,138.0,54.0,50.0,37.6,85.9,5.51,290.0,alluvial,kharif,irrigated,Tamil Nadu
horsegram,pulse,15.0,37.0,31.0,31.7,66.2,6.56,67.0,red,rabi,rainfed,Chhattisgarh
tomato,vegetable,70.0,64.0,53.0,27.6,67.2,6.21,110.0,red,rabi,irrigated,Andhra Pradesh
potato,vegetable,114.0,71.0,93.0,19.3,88.6,5.41,131.9,sandy,rabi,irrigated,Gujarat
arecanut,plantation,27.0,23.0,85.0,35.1,74.9,6.76,170.1,loamy,kharif,irrigated,Tamil Nadu
jute,cash,62.0,32.0,58.0,29.7,96.2,6.72,224.7,loamy,kharif,irrigated,Bihar
cocoa,plantation,37.0,32.0,47.0,37.4,85.9,6.56,201.6,alluvial,kharif,rainfed,Kerala
pomegranate,horticulture,39.0,33.0,31.0,30.6,40.6,6.65,49.0,loamy,kharif,rainfed,Karnataka
rose,flower,57.0,65.0,58.0,30.0,68.3,6.73,83.3,loamy,rabi,irrigated,Karnataka
grapes,horticulture,33.0,34.0,37.0,17.9,74.1,6.85,61.6,red,rabi,irrigated,Karnataka
brinjal,vegetable,62.0,30.0,53.0,35.4,86.0,5.52,100.5,sandy,rabi,rainfed,Gujarat
jowar,millet,45.0,30.0,54.0,24.1,49.4,6.03,52.2,loamy,rabi,rainfed,Madhya Pradesh
arecanut,plantation,23.0,19.0,74.0,21.6,74.2,6.48,252.1,laterite,kharif,rainfed,Kerala
greengram,pulse,20.0,41.0,21.0,34.2,84.6,6.67,85.4,alluvial,kharif,rainfed,Rajasthan
tea,plantation,18.0,27.0,10.0,25.1,84.9,5.44,299.5,laterite,kharif,irrigated,Assam
muskmelon,horticulture,33.0,45.0,57.0,25.7,52.9,6.57,73.8,loamy,zaid,rainfed,Rajasthan
pepper,spice,50.0,35.0,70.0,25.2,99.6,5.88,361.0,loamy,kharif,irrigated,Assam
sunflower,oilseed,92.0,81.0,73.0,26.2,79.9,7.84,81.3,loamy,kharif,rainfed,Bihar
groundnut,cash,12.0,68.0,73.0,34.8,78.6,7.19,115.7,loamy,rabi,irrigated,Karnataka
arecanut,plantation,43.0,18.0,108.0,26.7,68.9,6.74,259.6,laterite,kharif,rainfed,Kerala
jowar,millet,80.0,29.0,51.0,28.5,49.4,6.93,45.2,black,kharif,irrigated,Madhya Pradesh
cotton,cash,97.0,33.0,39.0,25.1,53.1,6.25,94.3,black,kharif,irrigated,Haryana
chickpea,pulse,33.0,74.0,59.0,14.0,62.6,7.29,82.3,black,rabi,irrigated,Madhya Pradesh
coriander,spice,34.0,47.0,34.0,28.5,55.1,6.01,62.7,sandy,rabi,irrigated,Madhya Pradesh
blackgram,pulse,33.0,38.0,35.0,34.3,68.9,6.09,86.4,loamy,kharif,irrigated,Uttar Pradesh
rice,cereal,140.0,30.0,36.0,23.5,90.4,6.38,287.5,alluvial,kharif,irrigated,Punjab
tea,plantation,20.0,22.0,28.0,17.7,100.5,4.63,235.3,laterite,kharif,rainfed,West Bengal
cabbage,vegetable,79.0,60.0,81.0,9.7,81.9,7.09,153.0,alluvial,rabi,rainfed,Assam
coconut,plantation,38.0,15.0,56.0,23.0,81.2,6.43,179.8,laterite,kharif,rainfed,Tamil Nadu
brinjal,vegetable,53.0,55.0,52.0,27.4,51.1,6.64,82.8,sandy,rabi,rainfed,West Bengal
apple,horticulture,32.0,31.0,19.0,16.6,69.3,6.93,180.7,loamy,rabi,rainfed,Jammu & Kashmir
mango,horticulture,30.0,40.0,37.0,38.2,44.7,5.8,144.8,loamy,kharif,rainfed,Bihar
cashew,plantation,24.0,32.0,13.0,21.9,62.8,6.38,168.3,loamy,kharif,rainfed,Andhra Pradesh
groundnut,cash,13.0,47.0,45.0,32.4,67.5,6.27,62.7,red,kharif,irrigated,Andhra Pradesh
kidneybeans,pulse,30.0,57.0,58.0,16.8,67.6,6.78,79.6,alluvial,kharif,rainfed,Karnataka
turmeric,spice,61.0,39.0,99.0,30.5,87.9,5.76,170.2,loamy,kharif,irrigated,Odisha
chickpea,pulse,21.0,69.0,65.0,26.8,52.4,7.79,84.2,alluvial,rabi,rainfed,Madhya Pradesh
cardamom,spice,36.0,37.0,38.0,21.7,72.9,5.0,210.0,laterite,kharif,irrigated,Karnataka
chilli,spice,65.0,55.0,70.0,28.4,75.4,5.96,64.4,loamy,kharif,rainfed,Tamil Nadu
papaya,horticulture,70.0,51.0,48.0,38.8,70.3,6.4,144.3,alluvial,kharif,irrigated,Andhra Pradesh
sunflower,oilseed,58.0,51.0,55.0,23.9,62.8,7.81,103.8,black,rabi,irrigated,Karnataka
guava,horticulture,40.0,35.0,28.0,20.6,55.8,6.7,122.1,sandy,kharif,irrigated,Maharashtra
grapes,horticulture,20.0,38.0,39.0,19.6,68.9,6.82,69.1,red,rabi,rainfed,Mizoram
wheat,cereal,153.0,84.0,49.0,25.5,47.5,6.43,65.4,black,rabi,rainfed,Punjab
banana,horticulture,85.0,66.0,116.0,22.9,84.3,7.07,176.5,red,kharif,rainfed,Karnataka
muskmelon,horticulture,48.0,39.0,40.0,38.8,55.8,6.7,66.5,loamy,zaid,rainfed,Rajasthan
cowpea,pulse,25.0,48.0,21.0,27.0,63.8,6.91,79.1,loamy,zaid,rainfed,Maharashtra
mustard,oilseed,77.0,54.0,28.0,14.4,48.2,6.91,72.3,sandy,rabi,irrigated,Uttar Pradesh
pomegranate,horticulture,42.0,24.0,26.0,17.6,61.9,7.83,80.9,sandy,kharif,rainfed,Gujarat
sugarcane,cash,157.0,59.0,104.0,29.0,66.6,7.97,200.3,alluvial,kharif,irrigated,Tamil Nadu
jute,cash,85.0,52.0,49.0,26.9,83.4,6.23,196.6,loamy,kharif,rainfed,Odisha
barley,cereal,75.0,51.0,45.0,8.6,64.9,7.83,81.6,sandy,rabi,rainfed,Himachal Pradesh
tomato,vegetable,70.0,56.0,64.0,20.6,72.7,6.48,103.7,red,kharif,irrigated,Karnataka
ragi,millet,59.0,30.0,48.0,16.2,81.4,5.54,104.6,red,kharif,irrigated,Odisha
sugarcane,cash,92.0,73.0,98.0,35.1,92.3,6.89,120.8,alluvial,kharif,irrigated,Maharashtra
chickpea,pulse,20.0,39.0,47.0,16.1,65.5,6.82,44.6,loamy,rabi,rainfed,Maharashtra
sapota,horticulture,32.0,22.0,58.0,19.1,84.8,7.4,163.7,alluvial,kharif,rainfed,Gujarat
greengram,pulse,31.0,38.0,29.0,36.9,75.6,6.54,80.1,alluvial,zaid,rainfed,Andhra Pradesh
potato,vegetable,125.0,63.0,82.0,15.9,81.8,5.21,110.2,sandy,rabi,irrigated,West Bengal
rose,flower,68.0,63.0,72.0,29.4,78.7,5.65,82.8,alluvial,rabi,irrigated,West Bengal
mango,horticulture,29.0,28.0,53.0,23.4,42.3,7.23,213.0,loamy,kharif,rainfed,Bihar
maize,cereal,64.0,52.0,75.0,23.7,70.7,6.9,126.8,loamy,kharif,rainfed,Madhya Pradesh
arecanut,plantation,37.0,17.0,106.0,27.6,68.4,6.99,202.9,alluvial,kharif,irrigated,Karnataka
horsegram,pulse,23.0,19.0,31.0,26.7,53.6,6.94,49.6,red,kharif,rainfed,Tamil Nadu
pigeonpeas,pulse,30.0,43.0,32.0,36.5,55.1,6.91,63.1,red,kharif,irrigated,Maharashtra
cocoa,plantation,33.0,33.0,61.0,37.2,73.0,6.78,266.9,laterite,kharif,rainfed,Kerala
coriander,spice,34.0,32.0,29.0,26.9,44.8,6.82,74.7,alluvial,rabi,rainfed,Rajasthan
rubber,plantation,39.0,23.0,31.0,35.4,80.7,6.36,218.6,alluvial,kharif,rainfed,Karnataka
apple,horticulture,30.0,29.0,38.0,7.9,84.1,5.92,167.2,alluvial,rabi,rainfed,Arunachal Pradesh
coconut,plantation,23.0,20.0,57.0,31.7,97.2,6.45,134.5,sandy,kharif,rainfed,Tamil Nadu
onion,vegetable,61.0,44.0,72.0,15.0,68.2,7.01,58.6,loamy,kharif,rainfed,Gujarat
pepper,spice,45.0,39.0,99.0,27.3,70.8,6.76,251.7,laterite,kharif,irrigated,Tamil Nadu
wheat,cereal,111.0,53.0,62.0,26.0,74.6,6.44,100.0,black,rabi,rainfed,Rajasthan
sunflower,oilseed,83.0,84.0,76.0,29.9,52.2,6.29,73.3,alluvial,kharif,irrigated,Orissa
potato,vegetable,86.0,58.0,98.0,13.2,78.2,6.46,91.2,alluvial,rabi,irrigated,Bihar
cardamom,spice,32.0,35.0,63.0,19.4,72.1,5.17,423.1,red,kharif,rainfed,Kerala
rubber,plantation,41.0,22.0,18.0,32.7,99.5,6.31,332.7,laterite,kharif,irrigated,Tripura
cardamom,spice,40.0,25.0,54.0,26.9,85.6,6.32,393.6,red,kharif,rainfed,Karnataka
watermelon,horticulture,68.0,44.0,43.0,36.2,71.1,6.67,50.0,sandy,zaid,rainfed,Karnataka
mothbeans,pulse,12.0,31.0,15.0,29.3,39.7,8.61,52.8,loamy,kharif,rainfed,Maharashtra
cabbage,vegetable,128.0,63.0,86.0,11.2,90.5,7.19,93.6,clay,rabi,irrigated,Odisha
mustard,oilseed,95.0,56.0,49.0,9.8,59.9,6.41,47.5,sandy,rabi,irrigated,Haryana
cashew,plantation,10.0,29.0,10.0,36.1,75.3,5.51,129.4,laterite,kharif,irrigated,Andhra Pradesh
sapota,horticulture,20.0,19.0,28.0,28.6,59.2,6.64,111.0,alluvial,kharif,irrigated,Maharashtra
sunflower,oilseed,62.0,57.0,54.0,26.7,63.5,7.11,80.7,alluvial,kharif,rainfed,Andhra Pradesh
coffee,plantation,46.0,21.0,43.0,19.8,86.4,6.59,166.3,laterite,kharif,rainfed,Andhra Pradesh
rose,flower,40.0,50.0,41.0,19.4,59.5,6.28,116.5,alluvial,rabi,rainfed,West Bengal
marigold,flower,61.0,66.0,44.0,30.8,79.3,6.93,88.2,sandy,kharif,rainfed,Karnataka
cotton,cash,72.0,53.0,68.0,28.6,61.0,6.58,67.1,alluvial,kharif,rainfed,Maharashtra
cardamom,spice,26.0,17.0,55.0,15.9,77.1,5.04,241.4,laterite,kharif,rainfed,Tamil Nadu
sunflower,oilseed,57.0,62.0,68.0,30.8,51.1,7.09,62.8,loamy,kharif,rainfed,Andhra Pradesh
jasmine,flower,51.0,41.0,38.0,28.9,74.4,7.39,121.7,sandy,kharif,rainfed,Karnataka
mango,horticulture,31.0,41.0,62.0,40.3,62.9,5.95,151.1,alluvial,kharif,rainfed,Andhra Pradesh
cashew,plantation,20.0,30.0,24.0,24.2,72.3,5.25,143.5,loamy,kharif,rainfed,Maharashtra
sapota,horticulture,39.0,34.0,54.0,26.9,65.5,7.32,195.6,loamy,kharif,rainfed,Maharashtra
jasmine,flower,51.0,48.0,60.0,28.3,76.6,6.69,81.5,alluvial,kharif,rainfed,Maharashtra
cardamom,spice,34.0,31.0,63.0,25.1,71.7,5.26,233.1,laterite,kharif,irrigated,Kerala
greengram,pulse,23.0,35.0,19.0,25.1,79.7,6.63,104.7,loamy,kharif,irrigated,Maharashtra
guava,horticulture,51.0,18.0,41.0,20.1,51.9,5.38,98.2,laterite,kharif,irrigated,Andhra Pradesh
tobacco,cash,60.0,35.0,60.0,20.8,66.7,6.31,69.6,loamy,rabi,rainfed,Gujarat
watermelon,horticulture,55.0,58.0,54.0,27.5,73.9,7.02,41.2,sandy,zaid,rainfed,Rajasthan
mothbeans,pulse,15.0,41.0,18.0,25.7,29.6,8.68,31.3,sandy,kharif,rainfed,Maharashtra
chickpea,pulse,25.0,43.0,59.0,21.8,42.7,6.25,73.6,alluvial,rabi,rainfed,Madhya Pradesh
tobacco,cash,34.0,45.0,40.0,30.5,78.2,6.87,73.2,sandy,rabi,rainfed,Bihar
horsegram,pulse,27.0,19.0,16.0,24.6,40.5,5.53,78.0,laterite,kharif,irrigated,Chhattisgarh
rice,cereal,128.0,45.0,48.0,36.2,68.4,5.7,224.4,clay,kharif,rainfed,Andhra Pradesh
muskmelon,horticulture,63.0,46.0,59.0,24.7,79.8,6.35,58.2,sandy,zaid,irrigated,Punjab
maize,cereal,72.0,53.0,60.0,30.1,77.4,6.1,60.9,red,kharif,rainfed,Andhra Pradesh
bajra,millet,34.0,15.0,36.0,30.5,44.7,6.23,40.6,red,kharif,irrigated,Maharashtra
pomegranate,horticulture,40.0,29.0,25.0,29.1,52.2,6.88,79.8,loamy,kharif,rainfed,Maharashtra
coffee,plantation,63.0,19.0,38.0,17.5,81.6,6.73,174.9,laterite,kharif,rainfed,Karnataka
cabbage,vegetable,122.0,56.0,84.0,9.4,85.2,6.63,149.4,clay,rabi,rainfed,West Bengal
tapioca,horticulture,56.0,64.0,135.0,24.7,83.6,6.79,188.9,laterite,kharif,rainfed,Maharashtra
ginger,spice,45.0,38.0,89.0,30.9,81.9,6.4,190.3,alluvial,kharif,rainfed,Odisha
bajra,millet,30.0,18.0,35.0,28.9,48.6,7.73,36.6,sandy,kharif,irrigated,Rajasthan
rubber,plantation,21.0,11.0,36.0,29.5,92.1,6.18,225.1,laterite,kharif,rainfed,Karnataka
cocoa,plantation,23.0,31.0,43.0,33.8,70.6,6.12,138.4,alluvial,kharif,irrigated,Karnataka
cabbage,vegetable,81.0,52.0,71.0,16.3,90.2,6.4,139.6,loamy,rabi,rainfed,Assam
sapota,horticulture,25.0,36.0,53.0,38.2,72.9,7.49,195.0,loamy,kharif,irrigated,Karnataka
barley,cereal,77.0,49.0,33.0,9.8,45.4,7.33,78.6,sandy,rabi,rainfed,Haryana
apple,horticulture,41.0,31.0,20.0,13.1,81.1,5.63,177.1,alluvial,rabi,irrigated,Himachal Pradesh
pomegranate,horticulture,38.0,33.0,30.0,18.5,61.7,7.68,48.9,loamy,kharif,rainfed,Rajasthan
cashew,plantation,18.0,15.0,22.0,19.0,65.4,6.79,102.4,laterite,kharif,irrigated,Goa
barley,cereal,103.0,54.0,37.0,8.6,59.6,7.6,43.7,alluvial,rabi,rainfed,Haryana
guava,horticulture,30.0,27.0,44.0,32.8,72.1,6.42,70.1,loamy,kharif,irrigated,Karnataka
groundnut,cash,10.0,67.0,64.0,31.6,58.8,6.06,117.6,sandy,rabi,rainfed,Karnataka
pineapple,horticulture,35.0,43.0,40.0,33.1,81.0,6.41,257.9,sandy,kharif,rainfed,Assam
muskmelon,horticulture,64.0,53.0,61.0,33.3,62.1,7.16,39.8,sandy,zaid,rainfed,Haryana
cabbage,vegetable,121.0,55.0,54.0,16.9,70.1,6.41,86.7,clay,rabi,rainfed,Assam
greengram,pulse,31.0,43.0,38.0,33.5,72.7,6.19,84.7,red,zaid,rainfed,Rajasthan
banana,horticulture,115.0,51.0,119.0,38.1,82.0,6.08,191.4,loamy,kharif,irrigated,Andhra Pradesh
ragi,millet,85.0,46.0,46.0,26.1,59.9,6.8,68.5,red,kharif,irrigated,Uttarakhand
sapota,horticulture,22.0,15.0,35.0,40.0,56.4,6.76,150.0,loamy,kharif,irrigated,Gujarat
pigeonpeas,pulse,28.0,37.0,38.0,26.0,53.9,6.57,104.3,loamy,kharif,rainfed,Karnataka
cardamom,spice,23.0,25.0,63.0,16.1,87.6,5.32,348.2,laterite,kharif,irrigated,Kerala
sapota,horticulture,34.0,28.0,40.0,22.8,57.8,6.28,140.5,laterite,kharif,rainfed,Tamil Nadu
mustard,oilseed,56.0,41.0,37.0,9.7,70.0,7.81,66.3,alluvial,rabi,irrigated,Uttar Pradesh
wheat,cereal,129.0,64.0,54.0,11.0,66.8,7.28,86.4,black,rabi,rainfed,Madhya Pradesh
tobacco,cash,42.0,32.0,49.0,31.4,61.6,5.62,85.9,loamy,rabi,irrigated,Karnataka
cotton,cash,81.0,56.0,62.0,22.0,58.1,7.05,74.8,alluvial,kharif,rainfed,Haryana
lentil,pulse,17.0,46.0,39.0,25.6,59.7,7.34,52.6,alluvial,rabi,irrigated,Madhya Pradesh
apple,horticulture,21.0,29.0,35.0,13.7,60.3,6.92,103.8,loamy,rabi,irrigated,Jammu & Kashmir
muskmelon,horticulture,64.0,45.0,59.0,24.2,65.3,6.02,69.3,loamy,zaid,rainfed,Uttar Pradesh
rice,cereal,97.0,49.0,45.0,28.7,78.4,6.62,199.5,clay,kharif,rainfed,Odisha
okra,vegetable,55.0,52.0,38.0,24.8,55.3,7.42,111.5,alluvial,zaid,rainfed,West Bengal
arecanut,plantation,40.0,28.0,81.0,26.9,81.1,7.46,191.8,alluvial,kharif,rainfed,Karnataka
ginger,spice,76.0,29.0,75.0,18.8,88.5,5.65,194.2,laterite,kharif,rainfed,Odisha
tapioca,horticulture,71.0,44.0,135.0,28.3,79.0,6.32,152.4,red,kharif,irrigated,Tamil Nadu
kidneybeans,pulse,31.0,71.0,31.0,26.2,60.9,6.01,123.6,loamy,kharif,rainfed,Jammu & Kashmir
chilli,spice,50.0,46.0,73.0,20.5,75.1,5.78,73.5,loamy,rabi,rainfed,Maharashtra
greengram,pulse,16.0,29.0,21.0,29.3,58.1,6.99,85.2,alluvial,zaid,irrigated,Madhya Pradesh
coffee,plantation,76.0,31.0,47.0,23.1,64.3,6.88,194.0,red,kharif,irrigated,Tamil Nadu
bajra,millet,61.0,33.0,23.0,27.0,58.9,6.53,28.9,loamy,kharif,irrigated,Gujarat
turmeric,spice,57.0,41.0,90.0,27.7,87.8,5.94,167.5,alluvial,kharif,rainfed,Tamil Nadu
blackgram,pulse,29.0,52.0,27.0,27.3,76.7,7.4,82.3,alluvial,kharif,irrigated,Andhra Pradesh
sugarcane,cash,122.0,55.0,87.0,34.0,75.4,7.2,165.6,loamy,kharif,irrigated,Andhra Pradesh
kidneybeans,pulse,31.0,65.0,54.0,21.2,84.0,6.27,89.8,alluvial,kharif,rainfed,Himachal Pradesh
tapioca,horticulture,95.0,60.0,94.0,37.7,57.4,6.32,185.7,red,kharif,rainfed,Karnataka
chickpea,pulse,33.0,64.0,57.0,15.4,61.9,7.93,81.3,alluvial,rabi,rainfed,Rajasthan
barley,cereal,80.0,42.0,48.0,16.0,45.1,6.65,77.4,loamy,rabi,irrigated,Rajasthan
blackgram,pulse,20.0,41.0,28.0,29.8,83.4,7.03,99.6,red,rabi,rainfed,Maharashtra
soybean,oilseed,34.0,82.0,52.0,24.9,85.8,6.9,127.6,loamy,kharif,rainfed,Maharashtra
horsegram,pulse,23.0,19.0,32.0,32.7,64.1,5.89,58.9,red,kharif,rainfed,Tamil Nadu
watermelon,horticulture,71.0,39.0,57.0,31.4,79.4,7.2,42.2,loamy,zaid,rainfed,Maharashtra
soybean,oilseed,42.0,56.0,51.0,29.8,83.5,6.01,122.7,black,kharif,irrigated,Uttar Pradesh
marigold,flower,40.0,69.0,58.0,23.7,69.1,6.26,95.1,loamy,rabi,rainfed,Maharashtra
pineapple,horticulture,40.0,34.0,34.0,28.6,74.2,5.26,225.6,laterite,kharif,rainfed,Kerala
grapes,horticulture,31.0,24.0,30.0,27.5,53.4,7.49,91.7,black,rabi,rainfed,Maharashtra
maize,cereal,99.0,45.0,60.0,22.0,74.0,6.54,90.8,alluvial,rabi,rainfed,Rajasthan
sunflower,oilseed,98.0,85.0,65.0,16.7,58.4,6.49,49.3,alluvial,rabi,irrigated,Orissa
jowar,millet,57.0,32.0,52.0,31.0,52.2,6.59,43.6,black,rabi,rainfed,Karnataka
pineapple,horticulture,46.0,20.0,62.0,23.5,90.2,4.94,94.5,sandy,kharif,irrigated,Manipur
greengram,pulse,24.0,36.0,20.0,36.2,68.2,6.71,81.3,alluvial,kharif,rainfed,Rajasthan
guava,horticulture,34.0,38.0,29.0,31.2,72.2,6.22,70.4,alluvial,kharif,rainfed,Maharashtra
cocoa,plantation,37.0,23.0,60.0,36.9,76.4,6.47,175.6,loamy,kharif,rainfed,Karnataka
pineapple,horticulture,50.0,43.0,62.0,24.8,76.0,6.37,189.3,loamy,kharif,rainfed,Kerala
groundnut,cash,14.0,51.0,44.0,23.3,63.8,6.52,119.1,red,rabi,irrigated,Tamil Nadu
wheat,cereal,157.0,80.0,55.0,23.3,50.1,6.43,97.4,alluvial,rabi,irrigated,Haryana
coffee,plantation,49.0,28.0,51.0,18.9,64.2,7.5,133.1,red,kharif,rainfed,Tamil Nadu
marigold,flower,40.0,38.0,61.0,24.6,76.9,6.64,126.1,loamy,kharif,rainfed,Tamil Nadu
rice,cereal,138.0,42.0,56.0,36.8,65.0,6.82,245.1,loamy,kharif,irrigated,Odisha
kidneybeans,pulse,36.0,53.0,32.0,19.0,62.2,6.28,123.1,loamy,kharif,irrigated,Jammu & Kashmir
jute,cash,59.0,50.0,58.0,37.5,85.1,7.4,262.2,alluvial,kharif,irrigated,West Bengal
grapes,horticulture,39.0,37.0,54.0,14.8,67.1,7.38,54.8,loamy,rabi,rainfed,Andhra Pradesh
orange,horticulture,30.0,28.0,25.0,24.0,61.2,7.18,102.5,alluvial,rabi,irrigated,Rajasthan
groundnut,cash,20.0,69.0,73.0,24.4,74.3,6.96,67.7,sandy,rabi,rainfed,Andhra Pradesh
sunflower,oilseed,72.0,73.0,68.0,19.3,68.4,6.61,88.2,black,rabi,irrigated,Orissa
coriander,spice,36.0,40.0,30.0,29.5,45.1,6.39,54.6,sandy,rabi,irrigated,Andhra Pradesh
cocoa,plantation,23.0,39.0,42.0,29.0,74.8,6.46,254.4,laterite,kharif,rainfed,Karnataka
cabbage,vegetable,121.0,70.0,77.0,12.9,80.0,7.03,116.1,loamy,rabi,rainfed,West Bengal
mustard,oilseed,71.0,65.0,43.0,9.4,54.4,7.55,56.9,loamy,rabi,rainfed,Uttar Pradesh
watermelon,horticulture,69.0,47.0,56.0,34.7,64.4,7.49,62.8,sandy,kharif,rainfed,Tamil Nadu
grapes,horticulture,29.0,24.0,37.0,16.6,79.3,7.55,55.9,black,rabi,irrigated,Andhra Pradesh
jute,cash,59.0,43.0,39.0,32.6,71.4,6.24,255.6,alluvial,kharif,irrigated,Bihar
ginger,spice,69.0,51.0,76.0,29.0,77.4,6.97,105.4,laterite,kharif,rainfed,Odisha
tobacco,cash,47.0,40.0,61.0,18.8,70.2,6.65,88.5,alluvial,rabi,rainfed,Gujarat
pepper,spice,33.0,21.0,77.0,19.9,88.0,6.85,371.1,loamy,kharif,irrigated,Karnataka
coffee,plantation,73.0,41.0,50.0,25.0,71.0,7.36,148.0,loamy,kharif,irrigated,Andhra Pradesh
chickpea,pulse,33.0,49.0,49.0,26.6,43.5,7.72,60.7,loamy,rabi,rainfed,Madhya Pradesh
rubber,plantation,34.0,13.0,39.0,36.6,98.9,6.12,264.9,alluvial,kharif,irrigated,Assam
rose,flower,65.0,52.0,49.0,26.2,62.0,6.37,129.5,alluvial,rabi,irrigated,Himachal Pradesh
kidneybeans,pulse,37.0,51.0,52.0,28.6,80.8,7.1,97.4,loamy,kharif,irrigated,Karnataka
groundnut,cash,21.0,76.0,68.0,32.7,68.4,6.96,72.8,loamy,kharif,rainfed,Rajasthan
greengram,pulse,33.0,44.0,28.0,23.7,82.1,6.03,78.3,loamy,kharif,rainfed,Madhya Pradesh
pineapple,horticulture,32.0,33.0,33.0,28.0,85.9,5.63,232.2,sandy,kharif,rainfed,West Bengal
mothbeans,pulse,26.0,28.0,21.0,32.4,36.1,7.95,29.9,loamy,kharif,irrigated,Maharashtra
cocoa,plantation,39.0,33.0,56.0,30.2,89.1,6.89,191.6,laterite,kharif,rainfed,Andhra Pradesh
orange,horticulture,32.0,22.0,19.0,28.8,70.9,5.92,136.9,loamy,rabi,rainfed,Assam
rose,flower,46.0,72.0,61.0,27.2,84.9,6.61,143.8,alluvial,rabi,rainfed,Karnataka
cotton,cash,100.0,41.0,66.0,29.2,68.3,6.86,97.0,loamy,kharif,irrigated,Maharashtra
chickpea,pulse,41.0,49.0,55.0,23.8,57.5,6.12,55.4,loamy,rabi,rainfed,Rajasthan
potato,vegetable,123.0,66.0,90.0,13.8,70.1,5.25,126.7,loamy,rabi,irrigated,Bihar
tobacco,cash,49.0,37.0,49.0,34.0,62.0,5.95,55.3,alluvial,rabi,rainfed,Telangana
pigeonpeas,pulse,22.0,47.0,42.0,21.4,68.0,7.39,75.6,loamy,kharif,rainfed,Andhra Pradesh
banana,horticulture,104.0,68.0,79.0,33.0,77.7,6.55,164.2,red,kharif,rainfed,Tamil Nadu
rice,cereal,124.0,61.0,58.0,19.8,69.8,5.96,277.3,alluvial,kharif,rainfed,West Bengal
horsegram,pulse,16.0,30.0,28.0,27.0,41.9,5.76,57.5,red,kharif,rainfed,Chhattisgarh
chilli,spice,58.0,43.0,50.0,19.9,73.7,6.7,65.6,alluvial,rabi,rainfed,Karnataka
coriander,spice,48.0,29.0,37.0,16.4,68.9,6.28,49.1,sandy,rabi,irrigated,Karnataka
pineapple,horticulture,62.0,30.0,62.0,31.8,87.5,6.0,163.7,loamy,kharif,rainfed,West Bengal
pineapple,horticulture,60.0,39.0,46.0,30.6,74.4,5.46,221.4,sandy,kharif,rainfed,West Bengal
kidneybeans,pulse,25.0,72.0,47.0,27.0,69.2,6.56,100.1,alluvial,kharif,irrigated,Uttarakhand
castor,oilseed,28.0,45.0,54.0,40.9,51.4,6.4,100.4,loamy,kharif,rainfed,Andhra Pradesh
mustard,oilseed,71.0,38.0,40.0,19.6,62.6,6.04,74.5,sandy,rabi,rainfed,Rajasthan
tomato,vegetable,68.0,58.0,51.0,25.7,56.4,6.7,98.8,red,rabi,rainfed,Madhya Pradesh
jasmine,flower,54.0,29.0,63.0,27.3,55.4,7.25,87.1,loamy,kharif,rainfed,Maharashtra
mothbeans,pulse,23.0,26.0,27.0,24.0,48.8,7.38,21.6,loamy,kharif,rainfed,Maharashtra
cashew,plantation,14.0,23.0,22.0,34.0,80.5,6.64,132.5,loamy,kharif,irrigated,Kerala
cocoa,plantation,25.0,29.0,58.0,25.1,82.5,7.23,160.5,laterite,kharif,rainfed,Andhra Pradesh
cowpea,pulse,20.0,52.0,20.0,31.6,85.3,7.44,88.5,loamy,kharif,rainfed,Karnataka
cauliflower,vegetable,92.0,72.0,80.0,12.8,64.6,6.71,74.3,alluvial,rabi,irrigated,Maharashtra
grapes,horticulture,40.0,38.0,35.0,15.6,79.1,7.95,76.7,black,rabi,rainfed,Tamil Nadu
jasmine,flower,36.0,47.0,51.0,28.1,81.5,6.94,120.6,loamy,kharif,rainfed,Tamil Nadu
castor,oilseed,37.0,32.0,51.0,39.1,49.3,7.37,50.7,alluvial,kharif,irrigated,Gujarat
watermelon,horticulture,58.0,55.0,55.0,37.3,73.5,6.25,73.8,sandy,zaid,rainfed,Karnataka
tea,plantation,23.0,29.0,10.0,17.9,92.8,5.46,213.3,laterite,kharif,irrigated,Tamil Nadu
ginger,spice,48.0,38.0,71.0,24.2,90.5,6.64,94.2,laterite,kharif,rainfed,Odisha
pineapple,horticulture,51.0,21.0,49.0,23.5,94.0,5.15,222.4,laterite,kharif,rainfed,Kerala
turmeric,spice,80.0,70.0,99.0,24.8,84.8,6.76,181.9,alluvial,kharif,irrigated,Odisha
kidneybeans,pulse,33.0,65.0,40.0,14.5,84.2,6.35,125.9,alluvial,kharif,rainfed,Jammu & Kashmir
coconut,plantation,23.0,19.0,64.0,37.5,86.3,6.92,251.6,alluvial,kharif,rainfed,Tamil Nadu
ginger,spice,72.0,32.0,65.0,24.3,79.5,7.01,119.1,alluvial,kharif,rainfed,Odisha
tobacco,cash,58.0,57.0,54.0,24.8,64.2,6.17,59.4,sandy,rabi,irrigated,Gujarat
chickpea,pulse,28.0,58.0,35.0,15.2,55.8,6.9,81.2,alluvial,rabi,irrigated,Uttar Pradesh
horsegram,pulse,24.0,28.0,21.0,19.3,49.2,6.35,50.2,loamy,kharif,rainfed,Odisha
castor,oilseed,45.0,26.0,31.0,34.0,68.1,7.47,74.9,sandy,kharif,rainfed,Andhra Pradesh
cardamom,spice,38.0,22.0,28.0,22.3,87.3,5.68,412.5,loamy,kharif,rainfed,Sikkim
rubber,plantation,20.0,13.0,34.0,31.9,94.7,5.05,259.6,laterite,kharif,rainfed,Assam
tea,plantation,28.0,28.0,30.0,17.7,101.9,4.64,158.6,loamy,kharif,rainfed,West Bengal
maize,cereal,65.0,44.0,64.0,28.2,86.4,6.33,91.6,red,kharif,irrigated,Bihar
rubber,plantation,26.0,15.0,18.0,29.3,99.4,6.49,226.2,loamy,kharif,rainfed,Tripura
jute,cash,89.0,45.0,48.0,27.3,70.3,6.91,193.7,alluvial,kharif,rainfed,Meghalaya
ragi,millet,74.0,30.0,42.0,31.8,77.0,5.77,99.7,loamy,kharif,rainfed,Odisha
sugarcane,cash,120.0,67.0,127.0,36.7,76.0,7.21,181.1,loamy,kharif,rainfed,Andhra Pradesh
blackgram,pulse,27.0,50.0,32.0,37.1,60.8,6.65,103.5,alluvial,rabi,irrigated,Maharashtra
horsegram,pulse,17.0,38.0,27.0,23.0,42.0,7.26,38.4,loamy,rabi,rainfed,Odisha
rice,cereal,125.0,41.0,43.0,35.2,66.2,6.48,258.2,clay,kharif,irrigated,Andhra Pradesh
tobacco,cash,47.0,48.0,31.0,34.5,78.2,5.9,65.7,alluvial,rabi,rainfed,Telangana
cabbage,vegetable,119.0,74.0,63.0,21.7,89.8,7.12,98.1,clay,rabi,rainfed,Maharashtra
cauliflower,vegetable,85.0,58.0,77.0,16.2,65.6,6.46,107.4,alluvial,rabi,irrigated,Uttar Pradesh
tea,plantation,40.0,26.0,11.0,16.1,97.6,5.64,212.8,loamy,kharif,irrigated,West Bengal
guava,horticulture,44.0,39.0,58.0,33.1,60.4,6.04,107.6,sandy,kharif,rainfed,Bihar
mothbeans,pulse,23.0,31.0,23.0,28.7,48.0,8.21,44.0,sandy,kharif,rainfed,Rajasthan
bajra,millet,48.0,38.0,35.0,37.0,39.2,6.56,73.0,red,kharif,rainfed,Rajasthan
cabbage,vegetable,118.0,61.0,77.0,9.4,75.7,6.9,134.1,clay,rabi,rainfed,Assam
maize,cereal,101.0,30.0,70.0,18.7,80.5,5.81,110.1,alluvial,kharif,irrigated,Madhya Pradesh
brinjal,vegetable,50.0,39.0,71.0,26.2,67.4,6.56,126.1,loamy,rabi,rainfed,Andhra Pradesh
cowpea,pulse,32.0,31.0,27.0,32.4,78.4,7.2,85.5,loamy,zaid,rainfed,Rajasthan
cauliflower,vegetable,108.0,72.0,60.0,19.3,68.0,6.8,113.9,loamy,rabi,rainfed,Odisha
kidneybeans,pulse,28.0,79.0,33.0,15.9,71.0,7.03,74.2,loamy,kharif,rainfed,Uttarakhand
pineapple,horticulture,44.0,22.0,39.0,27.8,80.1,5.72,214.4,sandy,kharif,rainfed,Assam
marigold,flower,48.0,65.0,59.0,15.3,65.0,6.35,101.9,alluvial,kharif,irrigated,Maharashtra
muskmelon,horticulture,62.0,33.0,57.0,29.1,72.2,6.46,45.8,sandy,zaid,rainfed,Punjab
turmeric,spice,69.0,58.0,71.0,21.2,78.3,6.16,122.7,red,kharif,irrigated,Andhra Pradesh
marigold,flower,45.0,39.0,59.0,26.6,75.2,6.21,126.4,loamy,rabi,rainfed,Maharashtra
ginger,spice,62.0,42.0,83.0,27.2,83.9,6.62,169.1,alluvial,kharif,rainfed,Karnataka
sugarcane,cash,148.0,84.0,128.0,20.6,79.2,6.24,187.0,alluvial,kharif,rainfed,Uttar Pradesh
grapes,horticulture,39.0,31.0,39.0,13.8,76.8,6.75,67.0,red,rabi,irrigated,Tamil Nadu
tea,plantation,36.0,18.0,26.0,11.7,95.8,4.63,211.1,laterite,kharif,rainfed,Tamil Nadu
ginger,spice,82.0,46.0,56.0,19.8,88.6,5.74,214.2,laterite,kharif,rainfed,Meghalaya
muskmelon,horticulture,31.0,46.0,48.0,35.0,57.5,6.33,68.4,loamy,zaid,rainfed,Rajasthan
pigeonpeas,pulse,31.0,52.0,51.0,34.4,79.4,7.42,117.2,red,kharif,irrigated,Karnataka
tomato,vegetable,56.0,69.0,72.0,27.4,71.2,6.44,55.6,loamy,rabi,rainfed,Andhra Pradesh
watermelon,horticulture,64.0,30.0,58.0,30.4,63.5,6.77,64.3,red,zaid,irrigated,Maharashtra
groundnut,cash,15.0,59.0,42.0,35.6,77.4,6.06,114.8,loamy,kharif,rainfed,Gujarat
arecanut,plantation,37.0,24.0,104.0,27.0,87.6,6.89,141.6,loamy,kharif,rainfed,Kerala
arecanut,plantation,30.0,18.0,93.0,28.8,71.9,7.25,263.6,loamy,kharif,rainfed,Assam
coffee,plantation,49.0,27.0,37.0,30.1,67.6,6.96,154.7,loamy,kharif,rainfed,Tamil Nadu
pepper,spice,54.0,30.0,105.0,23.9,72.8,5.9,251.6,red,kharif,irrigated,Karnataka
lentil,pulse,30.0,38.0,24.0,24.0,67.8,7.59,32.7,loamy,rabi,rainfed,Uttar Pradesh
mothbeans,pulse,26.0,28.0,21.0,35.6,27.3,7.69,21.8,sandy,kharif,rainfed,Haryana
muskmelon,horticulture,36.0,47.0,37.0,30.2,53.8,6.5,81.0,loamy,zaid,irrigated,Rajasthan
rice,cereal,103.0,56.0,59.0,23.3,67.1,5.53,238.3,clay,kharif,rainfed,Tamil Nadu
brinjal,vegetable,37.0,51.0,68.0,37.1,86.2,6.98,122.8,loamy,rabi,rainfed,Odisha
cotton,cash,92.0,47.0,69.0,24.4,76.6,6.27,100.6,black,kharif,irrigated,Andhra Pradesh
mothbeans,pulse,16.0,36.0,18.0,26.9,28.9,7.39,49.5,loamy,kharif,irrigated,Maharashtra
barley,cereal,58.0,45.0,49.0,13.9,46.3,7.39,77.4,sandy,rabi,irrigated,Rajasthan
cashew,plantation,24.0,30.0,30.0,33.8,76.6,6.61,143.2,sandy,kharif,irrigated,Maharashtra
chilli,spice,82.0,62.0,73.0,27.8,83.1,6.75,76.3,alluvial,kharif,rainfed,Maharashtra
ragi,millet,87.0,27.0,54.0,26.6,73.2,6.86,99.5,loamy,kharif,rainfed,Karnataka
cotton,cash,91.0,30.0,70.0,23.7,83.4,6.42,112.1,alluvial,kharif,irrigated,Andhra Pradesh
maize,cereal,77.0,32.0,51.0,30.1,70.0,6.77,77.6,alluvial,rabi,irrigated,Bihar
pomegranate,horticulture,43.0,31.0,35.0,38.1,49.3,8.1,64.4,loamy,kharif,rainfed,Gujarat
marigold,flower,74.0,74.0,57.0,24.5,59.3,6.19,127.4,alluvial,kharif,irrigated,Rajasthan
coconut,plantation,32.0,18.0,56.0,20.9,87.5,5.99,261.6,sandy,kharif,rainfed,Tamil Nadu
mothbeans,pulse,14.0,29.0,28.0,34.8,38.9,7.67,53.9,loamy,kharif,rainfed,Gujarat
orange,horticulture,37.0,21.0,21.0,18.4,72.7,6.33,111.2,loamy,rabi,irrigated,Punjab
sugarcane,cash,103.0,65.0,75.0,36.6,68.3,6.47,201.0,alluvial,kharif,rainfed,Karnataka
cashew,plantation,20.0,24.0,11.0,35.8,59.8,5.77,112.8,laterite,kharif,rainfed,Maharashtra
guava,horticulture,28.0,25.0,48.0,22.9,65.1,5.85,84.0,alluvial,kharif,rainfed,Karnataka
pomegranate,horticulture,31.0,20.0,25.0,40.5,39.4,6.76,81.6,alluvial,kharif,rainfed,Andhra Pradesh
soybean,oilseed,38.0,68.0,54.0,28.0,86.0,6.22,78.5,alluvial,kharif,rainfed,Madhya Pradesh
turmeric,spice,86.0,71.0,74.0,20.3,68.4,6.54,127.6,red,kharif,irrigated,Telangana
cocoa,plantation,39.0,19.0,35.0,37.2,95.6,7.04,153.5,loamy,kharif,rainfed,Kerala
coffee,plantation,48.0,20.0,56.0,20.8,89.5,6.98,118.2,loamy,kharif,irrigated,Andhra Pradesh
wheat,cereal,110.0,53.0,41.0,22.7,48.2,7.43,84.9,black,rabi,irrigated,Haryana
castor,oilseed,55.0,36.0,56.0,29.7,56.0,6.64,73.1,sandy,kharif,rainfed,Karnataka
cashew,plantation,13.0,13.0,23.0,21.0,71.8,6.78,133.3,sandy,kharif,rainfed,Maharashtra
marigold,flower,67.0,73.0,60.0,29.0,60.7,7.13,116.0,sandy,kharif,rainfed,Tamil Nadu
guava,horticulture,31.0,28.0,58.0,28.9,55.9,7.4,154.8,loamy,kharif,rainfed,Maharashtra
castor,oilseed,33.0,38.0,52.0,29.7,48.9,6.91,55.6,loamy,kharif,rainfed,Andhra Pradesh
wheat,cereal,108.0,64.0,47.0,9.7,47.6,6.75,60.6,alluvial,rabi,rainfed,Punjab
okra,vegetable,45.0,41.0,39.0,27.8,62.7,7.42,66.4,loamy,zaid,irrigated,Odisha
castor,oilseed,51.0,29.0,49.0,19.8,48.9,6.8,106.7,loamy,kharif,rainfed,Karnataka
tapioca,horticulture,90.0,58.0,78.0,30.9,65.1,6.14,125.1,laterite,kharif,rainfed,Karnataka
maize,cereal,87.0,48.0,57.0,26.1,66.5,6.88,63.5,alluvial,kharif,rainfed,Andhra Pradesh
jute,cash,83.0,50.0,52.0,27.1,86.2,6.89,262.1,loamy,kharif,irrigated,West Bengal
barley,cereal,73.0,59.0,40.0,14.7,54.9,7.6,57.7,sandy,rabi,irrigated,Himachal Pradesh
pepper,spice,30.0,30.0,89.0,25.3,84.2,6.3,304.0,laterite,kharif,rainfed,Kerala
apple,horticulture,36.0,32.0,40.0,10.2,66.5,6.64,215.6,alluvial,rabi,rainfed,Jammu & Kashmir
sapota,horticulture,23.0,20.0,32.0,36.9,63.8,7.99,133.0,laterite,kharif,rainfed,Gujarat
cabbage,vegetable,122.0,67.0,65.0,16.2,86.2,6.17,76.6,alluvial,rabi,rainfed,West Bengal
cabbage,vegetable,112.0,51.0,68.0,10.9,77.9,6.9,100.9,clay,rabi,irrigated,Assam
greengram,pulse,23.0,53.0,33.0,29.0,59.0,6.86,57.3,alluvial,kharif,rainfed,Andhra Pradesh
jowar,millet,66.0,28.0,53.0,27.7,32.8,6.55,42.8,black,kharif,rainfed,Karnataka
sugarcane,cash,142.0,63.0,117.0,30.7,87.7,7.6,138.3,black,kharif,rainfed,Tamil Nadu
chickpea,pulse,31.0,68.0,40.0,22.1,57.7,7.87,56.4,alluvial,rabi,irrigated,Madhya Pradesh
coconut,plantation,26.0,10.0,58.0,25.6,99.1,6.8,256.1,loamy,kharif,rainfed,Kerala
wheat,cereal,114.0,64.0,38.0,24.0,48.3,7.3,99.0,loamy,rabi,rainfed,Uttar Pradesh
watermelon,horticulture,52.0,30.0,60.0,32.2,80.7,7.34,70.9,loamy,zaid,irrigated,Maharashtra
cabbage,vegetable,106.0,49.0,60.0,20.3,77.2,7.35,94.3,clay,rabi,rainfed,West Bengal
cocoa,plantation,21.0,27.0,46.0,36.3,83.7,6.59,166.7,alluvial,kharif,irrigated,Kerala
soybean,oilseed,42.0,70.0,37.0,23.2,78.4,7.09,115.3,loamy,kharif,rainfed,Karnataka
blackgram,pulse,29.0,30.0,20.0,32.5,78.5,6.33,104.6,loamy,rabi,rainfed,Maharashtra
guava,horticulture,28.0,27.0,35.0,36.6,76.5,6.2,100.4,sandy,kharif,rainfed,Karnataka
pineapple,horticulture,57.0,39.0,55.0,24.7,79.6,5.5,168.4,laterite,kharif,rainfed,Karnataka
jute,cash,78.0,41.0,54.0,36.0,72.9,6.39,201.3,alluvial,kharif,rainfed,Assam
watermelon,horticulture,51.0,35.0,42.0,31.0,68.6,6.15,42.6,sandy,kharif,irrigated,Karnataka
pomegranate,horticulture,32.0,22.0,27.0,18.3,59.4,7.12,60.9,sandy,kharif,rainfed,Rajasthan
ginger,spice,68.0,39.0,57.0,28.4,70.6,6.85,146.7,laterite,kharif,irrigated,Arunachal Pradesh
kidneybeans,pulse,21.0,66.0,43.0,22.2,84.7,6.02,94.9,alluvial,kharif,irrigated,Himachal Pradesh
chickpea,pulse,34.0,67.0,62.0,15.1,39.2,6.08,46.7,loamy,rabi,rainfed,Karnataka
cauliflower,vegetable,78.0,75.0,74.0,14.3,73.3,7.09,99.9,alluvial,rabi,irrigated,Bihar
mustard,oilseed,80.0,53.0,35.0,10.2,46.5,7.02,52.0,loamy,rabi,rainfed,Madhya Pradesh
blackgram,pulse,41.0,35.0,36.0,31.7,91.3,6.57,75.8,loamy,rabi,rainfed,Uttar Pradesh
pomegranate,horticulture,28.0,23.0,15.0,39.5,54.4,6.99,40.2,sandy,kharif,irrigated,Andhra Pradesh
cashew,plantation,27.0,17.0,13.0,21.6,72.6,5.34,97.4,loamy,kharif,rainfed,Maharashtra
onion,vegetable,53.0,43.0,69.0,22.9,77.8,6.56,97.3,alluvial,rabi,irrigated,Karnataka
jowar,millet,50.0,37.0,32.0,34.3,45.8,7.53,43.1,black,rabi,irrigated,Maharashtra
marigold,flower,42.0,65.0,45.0,16.4,54.8,6.24,87.4,sandy,rabi,rainfed,Maharashtra
cauliflower,vegetable,79.0,61.0,55.0,13.2,60.8,6.87,106.3,alluvial,rabi,rainfed,Maharashtra
jowar,millet,39.0,41.0,39.0,33.7,46.1,6.77,67.2,red,kharif,rainfed,Maharashtra
tapioca,horticulture,103.0,31.0,138.0,22.6,71.5,7.09,209.9,loamy,kharif,rainfed,Andhra Pradesh
barley,cereal,57.0,50.0,48.0,7.8,56.7,7.22,76.4,sandy,rabi,rainfed,Madhya Pradesh
banana,horticulture,107.0,60.0,122.0,34.4,75.3,5.93,134.0,loamy,kharif,irrigated,Maharashtra
okra,vegetable,55.0,56.0,56.0,27.8,73.1,7.38,106.0,sandy,kharif,irrigated,West Bengal
marigold,flower,49.0,60.0,46.0,17.6,62.0,7.18,109.1,loamy,rabi,rainfed,Rajasthan
pomegranate,horticulture,40.0,18.0,30.0,24.8,48.4,7.48,59.7,sandy,kharif,irrigated,Maharashtra
blackgram,pulse,27.0,29.0,38.0,30.0,66.5,7.19,89.6,loamy,kharif,irrigated,Maharashtra
okra,vegetable,36.0,37.0,32.0,26.0,66.5,7.16,123.4,loamy,kharif,irrigated,West Bengal
barley,cereal,86.0,51.0,52.0,14.3,54.0,7.77,75.5,alluvial,rabi,rainfed,Haryana
rose,flower,58.0,55.0,48.0,17.9,85.4,6.14,104.4,loamy,rabi,rainfed,Himachal Pradesh
coconut,plantation,38.0,16.0,70.0,35.2,75.9,6.52,252.0,alluvial,kharif,irrigated,Kerala
papaya,horticulture,72.0,46.0,49.0,28.9,85.1,6.75,94.9,sandy,kharif,rainfed,Andhra Pradesh
cauliflower,vegetable,79.0,69.0,83.0,17.8,69.0,6.18,78.5,alluvial,rabi,rainfed,Odisha
jasmine,flower,36.0,28.0,56.0,35.1,69.3,6.71,80.4,loamy,kharif,irrigated,Andhra Pradesh
pepper,spice,45.0,37.0,96.0,22.2,90.4,6.52,327.6,red,kharif,rainfed,Kerala
jowar,millet,68.0,39.0,34.0,36.5,61.6,6.13,64.4,loamy,rabi,rainfed,Karnataka
ginger,spice,52.0,51.0,72.0,32.2,80.1,6.71,136.8,laterite,kharif,irrigated,Kerala
guava,horticulture,44.0,25.0,49.0,30.4,61.2,6.04,147.4,sandy,kharif,rainfed,Bihar
brinjal,vegetable,48.0,44.0,38.0,36.6,74.9,5.96,91.7,alluvial,kharif,rainfed,West Bengal
chilli,spice,67.0,49.0,53.0,24.0,67.5,6.95,56.2,loamy,kharif,rainfed,Andhra Pradesh
tobacco,cash,64.0,42.0,59.0,32.3,53.3,6.69,86.5,loamy,rabi,rainfed,Bihar
arecanut,plantation,24.0,23.0,57.0,27.7,91.1,6.21,153.5,alluvial,kharif,irrigated,Karnataka
watermelon,horticulture,59.0,34.0,42.0,26.1,73.8,6.39,64.4,red,kharif,irrigated,Andhra Pradesh
jute,cash,93.0,36.0,41.0,34.2,81.7,7.32,185.0,alluvial,kharif,rainfed,Meghalaya
lentil,pulse,25.0,46.0,19.0,17.8,60.0,7.79,57.4,alluvial,rabi,irrigated,Madhya Pradesh
papaya,horticulture,70.0,40.0,63.0,21.3,74.8,7.15,122.5,sandy,kharif,rainfed,Gujarat
kidneybeans,pulse,30.0,47.0,31.0,24.6,61.0,6.21,106.5,alluvial,kharif,irrigated,Himachal Pradesh
mothbeans,pulse,14.0,35.0,31.0,30.2,39.6,7.57,38.7,sandy,kharif,rainfed,Gujarat
okra,vegetable,46.0,40.0,37.0,33.8,69.4,6.08,90.6,alluvial,zaid,rainfed,Bihar
castor,oilseed,55.0,37.0,54.0,38.6,74.8,6.98,105.6,sandy,kharif,rainfed,Karnataka
sunflower,oilseed,92.0,81.0,70.0,16.6,58.2,6.26,57.5,black,kharif,irrigated,Andhra Pradesh
bajra,millet,64.0,19.0,33.0,37.7,38.6,7.98,79.8,loamy,kharif,irrigated,Maharashtra
castor,oilseed,34.0,39.0,43.0,20.8,48.2,7.16,69.0,sandy,kharif,rainfed,Gujarat
coriander,spice,38.0,52.0,45.0,23.0,41.2,6.37,45.9,loamy,rabi,irrigated,Andhra Pradesh
chilli,spice,49.0,72.0,57.0,27.0,53.5,6.91,115.9,loamy,kharif,irrigated,Tamil Nadu
bajra,millet,46.0,25.0,28.0,25.9,54.1,6.06,30.1,sandy,kharif,rainfed,Haryana
orange,horticulture,42.0,18.0,21.0,22.1,69.9,5.7,114.7,alluvial,rabi,rainfed,Rajasthan
papaya,horticulture,81.0,53.0,57.0,36.7,61.3,6.45,92.4,sandy,kharif,rainfed,Andhra Pradesh
rubber,plantation,43.0,30.0,41.0,24.8,76.4,6.01,191.6,loamy,kharif,rainfed,Kerala
chickpea,pulse,22.0,66.0,49.0,24.4,65.2,7.42,59.5,alluvial,rabi,irrigated,Karnataka
sesame,oilseed,21.0,23.0,41.0,33.3,45.8,7.23,42.5,red,kharif,irrigated,Rajasthan
soybean,oilseed,41.0,72.0,50.0,29.0,82.9,6.53,128.9,loamy,kharif,rainfed,Uttar Pradesh
pomegranate,horticulture,19.0,36.0,14.0,39.4,45.7,8.36,54.0,loamy,kharif,rainfed,Rajasthan
potato,vegetable,120.0,55.0,81.0,16.6,66.0,6.22,110.8,loamy,rabi,rainfed,West Bengal
apple,horticulture,37.0,33.0,30.0,16.1,69.9,5.55,142.9,alluvial,rabi,rainfed,Uttarakhand
chilli,spice,61.0,50.0,64.0,20.9,57.4,6.97,88.8,black,kharif,irrigated,Tamil Nadu
arecanut,plantation,27.0,31.0,107.0,36.6,71.9,6.3,166.4,laterite,kharif,rainfed,Assam
papaya,horticulture,65.0,43.0,57.0,36.4,57.3,7.33,152.5,sandy,kharif,rainfed,Maharashtra
tobacco,cash,36.0,50.0,34.0,32.6,80.0,6.81,91.4,sandy,rabi,irrigated,Gujarat
coconut,plantation,23.0,23.0,79.0,33.4,69.5,5.92,101.7,loamy,kharif,irrigated,Tamil Nadu
maize,cereal,80.0,46.0,42.0,33.9,85.7,5.74,103.8,loamy,kharif,irrigated,Madhya Pradesh
muskmelon,horticulture,56.0,50.0,51.0,40.3,75.3,7.01,82.3,loamy,zaid,irrigated,Rajasthan
cocoa,plantation,20.0,19.0,62.0,27.0,88.0,6.55,160.4,loamy,kharif,irrigated,Kerala
rice,cereal,139.0,38.0,57.0,27.8,72.2,6.16,270.7,clay,kharif,rainfed,Tamil Nadu
cardamom,spice,29.0,35.0,35.0,24.6,85.8,6.94,194.9,laterite,kharif,rainfed,Kerala
muskmelon,horticulture,41.0,29.0,64.0,24.9,68.1,6.89,62.3,sandy,zaid,irrigated,Haryana
pigeonpeas,pulse,25.0,42.0,41.0,20.2,72.1,7.26,55.4,red,kharif,rainfed,Uttar Pradesh
muskmelon,horticulture,54.0,38.0,43.0,35.2,80.1,6.74,37.0,loamy,zaid,rainfed,Punjab
cauliflower,vegetable,102.0,75.0,61.0,14.5,76.7,6.64,116.3,alluvial,rabi,irrigated,Odisha
sapota,horticulture,33.0,25.0,35.0,23.7,75.9,6.61,162.0,loamy,kharif,irrigated,Tamil Nadu
soybean,oilseed,35.0,85.0,62.0,20.4,68.2,7.31,77.3,alluvial,kharif,irrigated,Rajasthan
sesame,oilseed,30.0,34.0,29.0,31.3,58.6,5.78,84.9,loamy,kharif,rainfed,Rajasthan
tobacco,cash,51.0,58.0,48.0,25.1,58.3,5.53,102.0,loamy,rabi,irrigated,Gujarat
cardamom,spice,26.0,26.0,62.0,23.9,97.0,6.62,299.4,red,kharif,irrigated,Karnataka
rose,flower,62.0,48.0,63.0,18.1,63.4,6.56,159.4,alluvial,rabi,irrigated,Karnataka
marigold,flower,64.0,61.0,67.0,27.2,80.9,7.04,97.9,sandy,kharif,rainfed,Karnataka
groundnut,cash,20.0,65.0,49.0,34.1,61.6,6.94,91.2,sandy,rabi,rainfed,Andhra Pradesh
jute,cash,89.0,53.0,63.0,31.7,81.3,6.11,140.6,loamy,kharif,irrigated,West Bengal
cauliflower,vegetable,104.0,57.0,86.0,23.2,67.5,7.07,145.1,loamy,rabi,irrigated,Maharashtra
chilli,spice,59.0,48.0,85.0,31.4,79.0,6.34,77.9,black,rabi,rainfed,Telangana
mango,horticulture,19.0,29.0,44.0,34.7,41.5,7.24,166.0,alluvial,kharif,rainfed,Andhra Pradesh
soybean,oilseed,30.0,73.0,50.0,24.6,57.1,6.19,74.2,alluvial,kharif,rainfed,Uttar Pradesh
rose,flower,49.0,74.0,61.0,21.1,81.6,6.76,159.6,alluvial,rabi,irrigated,Karnataka
onion,vegetable,40.0,51.0,39.0,18.8,79.4,6.33,105.7,alluvial,rabi,rainfed,Gujarat
watermelon,horticulture,65.0,36.0,59.0,39.6,57.0,6.92,53.1,sandy,kharif,rainfed,Andhra Pradesh
arecanut,plantation,41.0,27.0,105.0,26.7,88.6,6.52,213.0,laterite,kharif,rainfed,West Bengal
lentil,pulse,21.0,33.0,24.0,23.2,45.0,6.24,55.3,loamy,rabi,rainfed,Madhya Pradesh
potato,vegetable,116.0,62.0,129.0,22.6,71.7,5.22,105.6,sandy,rabi,irrigated,West Bengal
apple,horticulture,41.0,26.0,42.0,16.5,88.5,6.25,199.0,loamy,rabi,rainfed,Arunachal Pradesh
rubber,plantation,26.0,12.0,26.0,25.6,96.3,5.17,317.1,alluvial,kharif,rainfed,Tripura
sesame,oilseed,25.0,37.0,42.0,25.0,74.7,5.97,69.7,loamy,kharif,rainfed,Andhra Pradesh
coriander,spice,43.0,30.0,37.0,24.1,59.3,6.18,36.3,sandy,rabi,rainfed,Gujarat
coffee,plantation,66.0,41.0,56.0,20.8,66.1,6.68,160.9,laterite,kharif,rainfed,Karnataka
cotton,cash,83.0,38.0,68.0,33.7,57.3,7.1,59.6,black,kharif,irrigated,Haryana
rose,flower,51.0,39.0,49.0,27.9,86.3,5.67,153.2,alluvial,rabi,rainfed,Himachal Pradesh
watermelon,horticulture,57.0,56.0,66.0,40.4,57.8,6.01,82.3,loamy,kharif,irrigated,Rajasthan
castor,oilseed,32.0,39.0,40.0,39.4,68.5,8.35,88.4,alluvial,kharif,rainfed,Gujarat
arecanut,plantation,21.0,14.0,72.0,26.1,66.5,7.35,225.5,loamy,kharif,irrigated,Karnataka
bajra,millet,50.0,32.0,48.0,28.3,33.2,7.71,38.6,red,kharif,rainfed,Maharashtra
grapes,horticulture,22.0,21.0,38.0,26.1,68.8,7.33,88.6,red,rabi,rainfed,Maharashtra
arecanut,plantation,28.0,18.0,55.0,20.6,64.6,7.01,172.5,loamy,kharif,rainfed,Assam
horsegram,pulse,32.0,27.0,26.0,31.8,65.2,7.22,51.2,laterite,rabi,irrigated,Odisha
horsegram,pulse,25.0,28.0,14.0,31.1,56.7,5.66,69.9,loamy,kharif,irrigated,Odisha
greengram,pulse,28.0,50.0,26.0,25.2,62.9,6.94,70.0,red,kharif,rainfed,Rajasthan
watermelon,horticulture,41.0,36.0,44.0,40.6,58.7,7.4,54.7,sandy,zaid,irrigated,Andhra Pradesh
jowar,millet,76.0,37.0,28.0,36.5,51.7,7.2,37.4,loamy,rabi,irrigated,Rajasthan
tea,plantation,20.0,22.0,13.0,11.8,87.1,5.43,365.8,loamy,kharif,rainfed,Assam
bajra,millet,48.0,21.0,25.0,24.8,50.7,7.22,47.1,red,kharif,rainfed,Maharashtra
grapes,horticulture,38.0,40.0,36.0,26.3,56.3,7.63,58.9,red,rabi,irrigated,Tamil Nadu
soybean,oilseed,34.0,63.0,59.0,21.9,86.1,6.1,101.1,alluvial,kharif,irrigated,Maharashtra
mango,horticulture,34.0,39.0,53.0,32.0,62.9,7.48,187.2,loamy,kharif,irrigated,Uttar Pradesh
cauliflower,vegetable,109.0,68.0,50.0,10.0,90.3,7.12,128.6,loamy,rabi,irrigated,Bihar
sapota,horticulture,24.0,16.0,39.0,23.5,57.5,7.67,105.6,alluvial,kharif,rainfed,Maharashtra
cowpea,pulse,27.0,33.0,37.0,24.2,58.1,7.4,55.4,sandy,kharif,irrigated,Rajasthan
rice,cereal,116.0,29.0,65.0,34.6,96.2,6.89,295.9,alluvial,kharif,rainfed,Assam
chilli,spice,50.0,72.0,65.0,22.4,77.3,7.33,70.4,black,rabi,rainfed,Andhra Pradesh
sesame,oilseed,26.0,25.0,25.0,34.0,59.6,7.49,42.4,sandy,kharif,irrigated,Gujarat
lentil,pulse,20.0,33.0,26.0,25.3,60.1,6.29,69.7,black,rabi,irrigated,West Bengal
maize,cereal,66.0,30.0,49.0,33.6,65.6,6.43,115.0,alluvial,kharif,rainfed,Madhya Pradesh
rose,flower,70.0,55.0,62.0,14.0,70.2,6.3,117.0,loamy,rabi,rainfed,Karnataka
ragi,millet,55.0,33.0,38.0,16.7,86.4,6.16,81.4,laterite,kharif,irrigated,Karnataka
sapota,horticulture,43.0,34.0,38.0,26.2,72.8,7.29,110.1,loamy,kharif,rainfed,Andhra Pradesh
lentil,pulse,26.0,28.0,27.0,24.8,42.8,6.28,69.8,loamy,rabi,irrigated,Rajasthan
tomato,vegetable,79.0,61.0,67.0,21.3,76.6,7.15,83.4,alluvial,kharif,irrigated,Karnataka
onion,vegetable,40.0,34.0,56.0,13.9,69.3,6.72,70.5,alluvial,rabi,irrigated,Karnataka
brinjal,vegetable,51.0,28.0,42.0,34.2,51.1,6.38,108.6,alluvial,kharif,irrigated,Gujarat
arecanut,plantation,27.0,29.0,101.0,21.2,66.9,6.47,167.2,alluvial,kharif,rainfed,Karnataka
lentil,pulse,26.0,48.0,22.0,19.2,47.7,7.99,44.7,black,rabi,irrigated,Uttar Pradesh
turmeric,spice,77.0,41.0,82.0,25.5,89.7,5.47,142.5,red,kharif,irrigated,Andhra Pradesh
horsegram,pulse,18.0,27.0,19.0,32.4,44.3,5.52,55.5,laterite,kharif,rainfed,Andhra Pradesh
pomegranate,horticulture,42.0,35.0,37.0,29.9,53.3,6.55,41.2,sandy,kharif,rainfed,Maharashtra
tomato,vegetable,72.0,48.0,57.0,20.8,58.4,6.02,90.6,alluvial,rabi,rainfed,Andhra Pradesh
cabbage,vegetable,80.0,75.0,69.0,10.1,63.4,6.29,133.7,clay,rabi,irrigated,Odisha
cabbage,vegetable,109.0,64.0,52.0,14.9,70.3,6.76,122.8,loamy,rabi,irrigated,Assam
blackgram,pulse,19.0,49.0,24.0,35.7,64.4,6.34,61.8,red,rabi,rainfed,Tamil Nadu
maize,cereal,84.0,45.0,39.0,17.2,81.6,6.92,104.9,red,rabi,rainfed,Andhra Pradesh
coriander,spice,43.0,52.0,36.0,20.4,63.3,7.04,28.5,sandy,rabi,rainfed,Madhya Pradesh
pepper,spice,39.0,38.0,59.0,18.6,77.9,6.66,192.8,loamy,kharif,rainfed,Tamil Nadu
mango,horticulture,33.0,24.0,63.0,24.5,42.2,5.76,85.2,alluvial,kharif,rainfed,Uttar Pradesh
guava,horticulture,53.0,23.0,36.0,20.1,65.2,7.25,77.7,alluvial,kharif,rainfed,Bihar
lentil,pulse,26.0,53.0,21.0,14.1,69.0,6.19,29.2,loamy,rabi,rainfed,Madhya Pradesh
apple,horticulture,36.0,31.0,40.0,16.2,87.4,6.7,146.5,loamy,rabi,rainfed,Arunachal Pradesh
cotton,cash,70.0,34.0,65.0,27.6,55.6,6.81,119.4,black,kharif,rainfed,Haryana
mango,horticulture,37.0,22.0,39.0,31.2,64.1,6.13,174.5,alluvial,kharif,rainfed,Andhra Pradesh
potato,vegetable,113.0,74.0,82.0,14.4,74.2,5.24,99.2,loamy,rabi,rainfed,Punjab
coriander,spice,48.0,45.0,41.0,18.0,37.4,6.88,35.5,sandy,rabi,rainfed,Madhya Pradesh
brinjal,vegetable,69.0,54.0,45.0,33.3,67.4,5.54,111.2,loamy,kharif,rainfed,Andhra Pradesh
barley,cereal,91.0,48.0,35.0,14.9,53.9,6.93,76.3,alluvial,rabi,irrigated,Himachal Pradesh
tobacco,cash,39.0,58.0,53.0,19.3,72.0,5.84,56.5,sandy,rabi,irrigated,Telangana
groundnut,cash,21.0,50.0,68.0,29.6,60.2,6.02,101.4,sandy,rabi,rainfed,Rajasthan
sugarcane,cash,150.0,56.0,74.0,19.3,66.9,7.61,158.4,alluvial,kharif,irrigated,Uttar Pradesh
greengram,pulse,27.0,38.0,36.0,36.0,71.4,6.81,66.5,alluvial,kharif,irrigated,Maharashtra
sesame,oilseed,36.0,29.0,35.0,25.0,46.2,7.83,76.9,red,kharif,rainfed,Rajasthan
marigold,flower,57.0,46.0,37.0,28.7,61.2,6.09,107.5,sandy,kharif,rainfed,Karnataka
marigold,flower,51.0,53.0,59.0,23.0,62.8,7.02,97.8,sandy,kharif,irrigated,Rajasthan
watermelon,horticulture,40.0,37.0,50.0,36.0,64.0,6.06,76.1,red,kharif,irrigated,Karnataka
cowpea,pulse,23.0,48.0,33.0,37.6,66.5,6.38,85.4,loamy,kharif,rainfed,Maharashtra
mothbeans,pulse,12.0,21.0,18.0,29.9,40.4,8.63,45.8,sandy,kharif,irrigated,Maharashtra
tapioca,horticulture,90.0,52.0,123.0,36.7,58.1,6.73,201.1,red,kharif,irrigated,Kerala
banana,horticulture,104.0,52.0,105.0,36.7,81.6,6.27,193.8,alluvial,kharif,rainfed,Karnataka
cocoa,plantation,25.0,21.0,41.0,33.9,80.7,6.16,210.0,laterite,kharif,rainfed,Tamil Nadu
brinjal,vegetable,37.0,44.0,57.0,22.2,81.8,5.84,111.7,loamy,kharif,irrigated,West Bengal
mothbeans,pulse,16.0,20.0,27.0,24.2,36.5,7.74,44.7,sandy,kharif,irrigated,Gujarat
chickpea,pulse,36.0,44.0,62.0,13.9,65.6,7.46,55.4,black,rabi,irrigated,Rajasthan
banana,horticulture,87.0,62.0,80.0,22.6,85.1,6.84,113.9,loamy,kharif,irrigated,Andhra Pradesh
cabbage,vegetable,118.0,70.0,72.0,13.2,83.7,7.02,141.4,loamy,rabi,rainfed,West Bengal
potato,vegetable,111.0,76.0,97.0,11.0,74.5,5.48,125.2,loamy,rabi,rainfed,Bihar
tomato,vegetable,49.0,67.0,64.0,22.1,50.9,6.16,67.5,loamy,kharif,irrigated,Karnataka
lentil,pulse,37.0,39.0,37.0,16.4,68.9,7.28,73.9,loamy,rabi,rainfed,Rajasthan
tapioca,horticulture,80.0,62.0,104.0,27.7,59.4,6.46,120.1,loamy,kharif,rainfed,Kerala
maize,cereal,75.0,48.0,43.0,23.6,66.5,5.64,125.4,loamy,kharif,irrigated,Karnataka
brinjal,vegetable,58.0,47.0,67.0,30.8,53.6,6.84,116.7,loamy,kharif,rainfed,Andhra Pradesh
brinjal,vegetable,72.0,34.0,42.0,36.9,77.5,5.72,97.4,alluvial,rabi,irrigated,Andhra Pradesh
greengram,pulse,14.0,28.0,23.0,31.2,76.9,6.73,75.9,red,kharif,rainfed,Rajasthan
cotton,cash,78.0,49.0,74.0,20.3,72.9,6.05,96.7,black,kharif,rainfed,Maharashtra
turmeric,spice,66.0,57.0,69.0,26.3,77.6,6.24,190.1,alluvial,kharif,rainfed,Andhra Pradesh
banana,horticulture,112.0,69.0,76.0,37.1,89.4,6.36,215.2,loamy,kharif,irrigated,Maharashtra
banana,horticulture,95.0,53.0,118.0,32.1,68.1,7.05,141.8,red,kharif,irrigated,Tamil Nadu
tomato,vegetable,68.0,66.0,76.0,27.6,79.7,7.41,101.0,red,kharif,rainfed,Madhya Pradesh
cauliflower,vegetable,86.0,63.0,73.0,23.4,88.0,6.62,95.9,loamy,rabi,rainfed,Uttar Pradesh
orange,horticulture,30.0,15.0,19.0,16.0,71.6,6.83,128.9,laterite,rabi,irrigated,Meghalaya
maize,cereal,85.0,53.0,58.0,19.0,62.8,5.81,103.3,red,kharif,rainfed,Madhya Pradesh
coriander,spice,45.0,40.0,24.0,22.7,37.8,6.11,36.1,alluvial,rabi,irrigated,Rajasthan
pomegranate,horticulture,23.0,21.0,23.0,23.4,46.1,7.88,86.3,alluvial,kharif,rainfed,Andhra Pradesh
kidneybeans,pulse,28.0,53.0,45.0,15.9,59.7,6.74,123.6,loamy,kharif,rainfed,Uttarakhand
cotton,cash,81.0,58.0,54.0,35.8,73.8,6.11,102.1,alluvial,kharif,rainfed,Gujarat
tapioca,horticulture,68.0,39.0,140.0,31.3,80.9,5.66,166.4,laterite,kharif,irrigated,Tamil Nadu
cowpea,pulse,18.0,50.0,33.0,30.3,77.5,7.12,105.3,loamy,zaid,irrigated,Karnataka
tobacco,cash,35.0,39.0,48.0,19.7,68.5,6.13,94.8,loamy,rabi,rainfed,Andhra Pradesh
sesame,oilseed,19.0,30.0,32.0,38.4,65.5,5.89,77.4,sandy,kharif,rainfed,West Bengal
rice,cereal,86.0,34.0,30.0,18.5,79.2,6.39,192.2,alluvial,kharif,rainfed,Tamil Nadu
papaya,horticulture,64.0,37.0,49.0,32.1,76.7,6.45,147.5,sandy,kharif,rainfed,Tamil Nadu
blackgram,pulse,39.0,45.0,42.0,37.4,72.4,6.74,87.0,alluvial,kharif,irrigated,Andhra Pradesh
jute,cash,89.0,28.0,43.0,36.2,69.5,7.04,188.9,alluvial,kharif,irrigated,Bihar
wheat,cereal,158.0,59.0,54.0,20.7,64.8,6.7,89.5,alluvial,rabi,rainfed,Punjab
coconut,plantation,39.0,23.0,49.0,29.5,72.8,5.51,310.2,sandy,kharif,irrigated,West Bengal
wheat,cereal,95.0,62.0,47.0,22.5,56.6,6.1,60.9,black,rabi,rainfed,Madhya Pradesh
sesame,oilseed,39.0,43.0,28.0,28.3,64.1,7.71,72.1,sandy,kharif,irrigated,Gujarat
mango,horticulture,33.0,34.0,57.0,39.1,50.7,6.28,110.5,laterite,kharif,rainfed,Bihar
grapes,horticulture,38.0,35.0,64.0,23.8,74.0,7.82,92.1,red,rabi,rainfed,Karnataka
groundnut,cash,17.0,58.0,57.0,25.2,74.5,6.26,61.9,loamy,kharif,rainfed,Rajasthan
mango,horticulture,31.0,32.0,64.0,29.4,40.8,5.69,122.8,loamy,kharif,rainfed,Bihar
mustard,oilseed,103.0,43.0,34.0,12.5,58.6,7.02,37.7,alluvial,rabi,irrigated,Madhya Pradesh
coffee,plantation,77.0,27.0,60.0,24.2,65.0,6.96,111.6,red,kharif,rainfed,Karnataka
lentil,pulse,20.0,31.0,33.0,20.9,56.3,7.52,38.0,black,rabi,rainfed,Madhya Pradesh
ragi,millet,66.0,35.0,33.0,18.0,67.9,6.95,124.1,laterite,kharif,irrigated,Andhra Pradesh
arecanut,plantation,24.0,24.0,57.0,25.8,71.3,6.36,211.1,alluvial,kharif,rainfed,Tamil Nadu
coconut,plantation,34.0,27.0,70.0,20.6,72.4,7.69,170.9,laterite,kharif,rainfed,Kerala
castor,oilseed,28.0,45.0,41.0,36.9,58.4,7.24,68.5,loamy,kharif,rainfed,Gujarat
blackgram,pulse,22.0,30.0,20.0,24.0,81.5,7.46,75.4,alluvial,rabi,rainfed,Tamil Nadu
sapota,horticulture,29.0,14.0,35.0,23.5,73.2,6.14,162.9,laterite,kharif,rainfed,Karnataka
blackgram,pulse,36.0,33.0,40.0,34.6,69.0,6.74,62.1,alluvial,rabi,irrigated,Uttar Pradesh
ragi,millet,83.0,25.0,51.0,18.3,74.6,5.72,117.1,red,kharif,irrigated,Andhra Pradesh
tobacco,cash,40.0,52.0,50.0,23.6,79.2,6.65,76.2,loamy,rabi,irrigated,Bihar
pigeonpeas,pulse,23.0,53.0,36.0,35.9,78.1,6.75,56.2,loamy,kharif,irrigated,Madhya Pradesh
pineapple,horticulture,31.0,36.0,65.0,34.7,75.7,6.14,251.6,laterite,kharif,irrigated,West Bengal
cabbage,vegetable,121.0,56.0,69.0,18.6,75.1,6.37,108.7,clay,rabi,rainfed,Bihar
pigeonpeas,pulse,19.0,56.0,50.0,28.9,47.5,7.08,59.7,alluvial,kharif,irrigated,Uttar Pradesh
cardamom,spice,43.0,18.0,44.0,17.4,89.5,5.45,426.6,laterite,kharif,rainfed,Tamil Nadu
papaya,horticulture,61.0,51.0,62.0,40.8,70.4,7.39,114.8,alluvial,kharif,rainfed,Karnataka
okra,vegetable,32.0,46.0,55.0,27.5,76.5,7.27,77.2,sandy,kharif,irrigated,Gujarat
coffee,plantation,53.0,35.0,29.0,26.7,62.8,6.66,204.0,loamy,kharif,irrigated,Odisha
wheat,cereal,142.0,68.0,45.0,14.5,50.7,7.06,89.4,loamy,rabi,rainfed,Uttar Pradesh
cotton,cash,62.0,43.0,39.0,28.0,69.8,7.48,62.8,alluvial,kharif,rainfed,Gujarat
tobacco,cash,39.0,55.0,30.0,30.3,51.6,5.58,102.5,alluvial,rabi,rainfed,Telangana
watermelon,horticulture,56.0,46.0,57.0,34.1,57.5,7.03,82.5,loamy,kharif,irrigated,Andhra Pradesh
tapioca,horticulture,60.0,54.0,123.0,19.3,82.7,7.18,201.9,loamy,kharif,rainfed,Karnataka
okra,vegetable,63.0,45.0,47.0,25.6,84.0,6.51,102.7,sandy,kharif,irrigated,Bihar
ragi,millet,58.0,32.0,40.0,16.4,78.0,6.28,105.6,loamy,kharif,rainfed,Uttarakhand
okra,vegetable,30.0,41.0,51.0,23.4,64.4,6.25,69.6,loamy,zaid,rainfed,West Bengal
sesame,oilseed,21.0,27.0,36.0,25.0,60.2,5.64,80.2,loamy,kharif,rainfed,West Bengal
tomato,vegetable,82.0,70.0,68.0,17.7,69.4,6.06,57.4,loamy,rabi,irrigated,Karnataka
jasmine,flower,44.0,42.0,42.0,27.6,67.3,7.39,107.9,loamy,kharif,irrigated,Tamil Nadu
banana,horticulture,76.0,61.0,110.0,22.2,86.2,6.73,116.3,red,kharif,rainfed,Maharashtra
grapes,horticulture,29.0,25.0,35.0,30.3,56.6,6.69,84.9,loamy,rabi,irrigated,Maharashtra
horsegram,pulse,25.0,22.0,15.0,27.5,63.3,6.89,73.5,loamy,kharif,rainfed,Tamil Nadu
maize,cereal,64.0,31.0,45.0,20.3,57.1,6.03,76.1,red,rabi,rainfed,Bihar
cocoa,plantation,29.0,32.0,52.0,31.8,73.7,6.78,164.9,loamy,kharif,irrigated,Karnataka
castor,oilseed,61.0,41.0,53.0,30.1,73.7,8.48,82.7,loamy,kharif,irrigated,Tamil Nadu
tapioca,horticulture,89.0,61.0,96.0,36.7,84.1,6.34,155.0,laterite,kharif,rainfed,Tamil Nadu
chilli,spice,80.0,63.0,78.0,20.2,70.9,6.97,64.3,black,kharif,rainfed,Maharashtra
pepper,spice,39.0,24.0,90.0,20.1,84.3,5.57,287.9,loamy,kharif,rainfed,Assam
maize,cereal,79.0,45.0,71.0,21.0,56.6,6.16,95.4,loamy,kharif,rainfed,Karnataka
cauliflower,vegetable,74.0,73.0,75.0,18.8,91.7,7.46,92.4,alluvial,rabi,rainfed,Maharashtra
cocoa,plantation,31.0,41.0,58.0,21.2,77.0,6.07,163.3,loamy,kharif,rainfed,Kerala
pineapple,horticulture,32.0,38.0,62.0,32.8,94.0,5.4,264.4,loamy,kharif,rainfed,Manipur
ginger,spice,43.0,43.0,90.0,28.5,76.0,6.12,175.6,loamy,kharif,rainfed,Odisha
sesame,oilseed,34.0,46.0,28.0,34.4,48.6,7.87,66.4,loamy,kharif,rainfed,Andhra Pradesh
coffee,plantation,53.0,27.0,54.0,18.9,70.5,7.33,167.2,red,kharif,rainfed,Andhra Pradesh
kidneybeans,pulse,23.0,73.0,36.0,27.5,55.9,6.64,95.0,alluvial,kharif,rainfed,Uttarakhand
mustard,oilseed,104.0,41.0,40.0,9.7,57.8,6.8,71.9,loamy,rabi,rainfed,Madhya Pradesh
brinjal,vegetable,49.0,57.0,67.0,20.5,51.5,7.33,105.2,loamy,rabi,irrigated,Gujarat
guava,horticulture,37.0,42.0,32.0,23.8,67.5,5.99,134.8,alluvial,kharif,rainfed,Allahabad
castor,oilseed,46.0,28.0,30.0,30.1,63.4,7.05,47.4,alluvial,kharif,rainfed,Tamil Nadu
tea,plantation,42.0,22.0,28.0,16.4,86.0,4.58,212.3,loamy,kharif,irrigated,West Bengal
apple,horticulture,22.0,20.0,25.0,13.8,74.1,5.7,124.5,loamy,rabi,irrigated,Jammu & Kashmir
horsegram,pulse,15.0,34.0,26.0,29.9,55.6,6.8,62.2,red,kharif,rainfed,Karnataka
coffee,plantation,73.0,40.0,52.0,23.2,90.6,6.1,207.1,red,kharif,rainfed,Karnataka
ginger,spice,57.0,49.0,72.0,23.9,73.0,7.29,97.9,alluvial,kharif,rainfed,Kerala
pomegranate,horticulture,38.0,37.0,24.0,30.2,63.8,6.93,55.3,loamy,kharif,rainfed,Karnataka
turmeric,spice,78.0,71.0,78.0,29.8,67.6,6.41,170.9,loamy,kharif,irrigated,Telangana
cardamom,spice,32.0,24.0,47.0,21.9,75.7,6.68,207.2,red,kharif,rainfed,Tamil Nadu
ginger,spice,42.0,56.0,46.0,28.0,65.1,6.43,152.6,loamy,kharif,irrigated,Meghalaya
ginger,spice,86.0,39.0,78.0,30.5,85.1,5.68,194.9,alluvial,kharif,irrigated,Karnataka
pomegranate,horticulture,42.0,22.0,37.0,40.5,33.2,7.69,66.2,alluvial,kharif,irrigated,Gujarat
onion,vegetable,40.0,36.0,70.0,20.0,67.5,7.07,78.9,alluvial,rabi,rainfed,Karnataka
chilli,spice,82.0,48.0,50.0,24.4,67.6,7.08,99.3,black,kharif,irrigated,Andhra Pradesh
sapota,horticulture,22.0,37.0,29.0,32.1,82.4,7.42,119.4,alluvial,kharif,rainfed,Karnataka
jute,cash,75.0,39.0,57.0,26.4,85.8,7.13,211.3,loamy,kharif,irrigated,Assam
cotton,cash,64.0,36.0,72.0,25.9,79.9,7.02,68.8,black,kharif,irrigated,Maharashtra
wheat,cereal,109.0,61.0,64.0,15.7,72.7,6.97,49.8,loamy,rabi,rainfed,Madhya Pradesh
okra,vegetable,39.0,35.0,41.0,29.3,76.9,7.34,116.5,sandy,zaid,rainfed,Gujarat
cabbage,vegetable,112.0,68.0,60.0,11.8,61.0,6.58,80.1,clay,rabi,rainfed,West Bengal
coriander,spice,49.0,46.0,24.0,21.4,46.4,6.87,58.0,sandy,rabi,irrigated,Rajasthan
marigold,flower,43.0,72.0,52.0,20.8,68.8,6.01,94.1,loamy,rabi,irrigated,Karnataka
maize,cereal,93.0,31.0,68.0,24.1,79.1,6.83,56.4,loamy,rabi,rainfed,Andhra Pradesh
cotton,cash,103.0,28.0,57.0,27.6,57.5,6.6,90.7,alluvial,kharif,irrigated,Gujarat
tobacco,cash,36.0,54.0,43.0,31.4,56.0,5.52,91.9,loamy,rabi,irrigated,Telangana
cowpea,pulse,15.0,48.0,23.0,29.1,72.7,5.96,63.0,red,zaid,irrigated,Rajasthan
horsegram,pulse,25.0,25.0,27.0,34.4,68.3,7.21,68.3,laterite,rabi,rainfed,Karnataka
marigold,flower,74.0,38.0,71.0,17.1,80.6,6.54,65.0,sandy,rabi,rainfed,Andhra Pradesh
muskmelon,horticulture,37.0,39.0,32.0,24.9,73.4,6.4,76.4,loamy,zaid,irrigated,Haryana
banana,horticulture,79.0,49.0,92.0,32.5,69.0,5.69,219.8,loamy,kharif,rainfed,Andhra Pradesh
marigold,flower,62.0,55.0,53.0,28.2,72.7,6.91,100.9,sandy,kharif,irrigated,Maharashtra
sapota,horticulture,38.0,19.0,29.0,24.2,74.1,7.04,131.7,loamy,kharif,irrigated,Gujarat
tapioca,horticulture,107.0,55.0,114.0,26.2,67.0,7.43,145.3,laterite,kharif,rainfed,Kerala
rubber,plantation,21.0,16.0,25.0,26.0,98.3,6.43,241.0,laterite,kharif,irrigated,Kerala
okra,vegetable,53.0,59.0,57.0,28.9,55.4,7.4,67.6,alluvial,kharif,rainfed,Andhra Pradesh
papaya,horticulture,48.0,29.0,55.0,24.2,80.4,6.45,123.5,alluvial,kharif,irrigated,Gujarat
jute,cash,61.0,43.0,42.0,35.5,91.0,7.49,170.5,loamy,kharif,irrigated,West Bengal
cotton,cash,90.0,48.0,61.0,34.1,69.6,6.37,92.2,loamy,kharif,rainfed,Maharashtra
sesame,oilseed,40.0,35.0,36.0,37.4,73.3,7.0,54.3,red,kharif,rainfed,Andhra Pradesh
mustard,oilseed,87.0,39.0,37.0,15.9,51.6,6.74,75.4,alluvial,rabi,rainfed,Rajasthan
turmeric,spice,46.0,59.0,104.0,31.8,85.4,5.89,174.4,loamy,kharif,rainfed,Telangana
guava,horticulture,32.0,30.0,44.0,18.7,79.5,6.79,83.6,sandy,kharif,rainfed,Karnataka
pepper,spice,30.0,18.0,96.0,30.9,84.3,5.7,312.7,red,kharif,rainfed,Assam
mothbeans,pulse,24.0,30.0,25.0,33.2,41.8,8.74,42.2,loamy,kharif,rainfed,Rajasthan
jasmine,flower,62.0,61.0,47.0,28.8,73.1,6.91,93.6,alluvial,kharif,rainfed,Andhra Pradesh
tobacco,cash,56.0,28.0,35.0,29.7,55.7,6.79,87.3,sandy,rabi,irrigated,Telangana
jute,cash,61.0,51.0,58.0,28.3,92.9,6.95,214.2,alluvial,kharif,rainfed,West Bengal
maize,cereal,94.0,35.0,50.0,31.5,71.8,6.56,77.5,alluvial,kharif,rainfed,Madhya Pradesh
papaya,horticulture,77.0,40.0,57.0,33.3,67.0,6.56,107.0,alluvial,kharif,rainfed,Karnataka
jute,cash,62.0,49.0,43.0,29.0,75.6,6.71,191.8,alluvial,kharif,rainfed,Meghalaya
marigold,flower,46.0,37.0,50.0,28.6,71.3,6.88,114.6,loamy,rabi,irrigated,Tamil Nadu
papaya,horticulture,85.0,39.0,51.0,39.5,81.5,6.03,98.2,loamy,kharif,irrigated,Maharashtra
arecanut,plantation,39.0,21.0,60.0,27.9,82.8,6.57,262.8,alluvial,kharif,irrigated,Karnataka
ragi,millet,71.0,32.0,38.0,28.7,86.3,6.2,114.1,red,kharif,irrigated,Karnataka
wheat,cereal,124.0,73.0,56.0,19.6,70.3,7.41,52.7,loamy,rabi,rainfed,Uttar Pradesh
sapota,horticulture,36.0,16.0,59.0,31.2,75.3,6.63,125.7,alluvial,kharif,rainfed,Karnataka
apple,horticulture,38.0,23.0,34.0,10.0,68.3,6.87,120.4,loamy,rabi,rainfed,Arunachal Pradesh
sesame,oilseed,30.0,39.0,31.0,37.9,55.6,7.06,78.1,red,kharif,rainfed,Rajasthan
papaya,horticulture,51.0,44.0,48.0,24.4,59.7,6.07,137.2,sandy,kharif,irrigated,Karnataka
cashew,plantation,20.0,20.0,27.0,28.6,67.8,6.52,151.9,laterite,kharif,irrigated,Maharashtra
cowpea,pulse,15.0,34.0,26.0,29.6,68.7,5.58,94.8,loamy,zaid,rainfed,Andhra Pradesh
wheat,cereal,113.0,70.0,65.0,17.9,50.4,6.81,67.4,black,rabi,irrigated,Punjab
horsegram,pulse,12.0,31.0,30.0,27.9,63.7,5.69,54.1,red,rabi,rainfed,Karnataka
sunflower,oilseed,106.0,60.0,58.0,25.4,73.9,6.38,73.2,black,kharif,irrigated,Andhra Pradesh
banana,horticulture,100.0,54.0,90.0,28.2,79.8,6.01,132.9,loamy,kharif,irrigated,Andhra Pradesh
onion,vegetable,56.0,46.0,70.0,24.7,68.5,6.98,104.5,loamy,rabi,irrigated,Madhya Pradesh
guava,horticulture,34.0,25.0,28.0,27.5,72.1,5.07,147.9,alluvial,kharif,rainfed,Karnataka
cabbage,vegetable,120.0,42.0,55.0,11.7,60.9,6.73,95.6,alluvial,rabi,irrigated,Odisha
cashew,plantation,27.0,16.0,16.0,20.2,75.0,6.55,144.8,sandy,kharif,irrigated,Kerala
pigeonpeas,pulse,31.0,50.0,51.0,32.5,74.3,6.06,57.3,alluvial,kharif,rainfed,Andhra Pradesh
cardamom,spice,32.0,31.0,36.0,16.8,73.6,5.65,278.4,loamy,kharif,rainfed,Arunachal Pradesh
turmeric,spice,54.0,45.0,107.0,25.6,90.2,5.46,190.3,loamy,kharif,rainfed,Tamil Nadu
wheat,cereal,97.0,62.0,57.0,17.7,58.2,6.61,81.6,black,rabi,rainfed,Rajasthan
potato,vegetable,121.0,66.0,97.0,19.0,70.1,5.68,86.9,loamy,rabi,rainfed,Gujarat
jasmine,flower,43.0,31.0,54.0,35.0,79.3,6.52,81.2,loamy,kharif,irrigated,Karnataka
mothbeans,pulse,14.0,34.0,21.0,29.8,38.2,7.98,29.8,loamy,kharif,rainfed,Haryana
cocoa,plantation,22.0,36.0,53.0,32.5,89.9,6.27,183.0,laterite,kharif,irrigated,Karnataka
cocoa,plantation,27.0,42.0,41.0,28.8,88.2,6.43,188.1,laterite,kharif,rainfed,Tamil Nadu
chilli,spice,50.0,69.0,60.0,27.2,65.6,6.17,72.8,loamy,rabi,rainfed,Andhra Pradesh
cotton,cash,92.0,51.0,61.0,33.5,71.1,6.75,113.3,loamy,kharif,rainfed,Haryana
orange,horticulture,38.0,27.0,18.0,25.3,52.2,6.66,129.8,alluvial,rabi,rainfed,Rajasthan
papaya,horticulture,64.0,31.0,68.0,25.9,57.9,6.32,148.1,sandy,kharif,rainfed,Andhra Pradesh
kidneybeans,pulse,33.0,66.0,33.0,22.1,71.2,7.43,90.4,alluvial,kharif,rainfed,Jammu & Kashmir
jute,cash,63.0,31.0,56.0,33.3,75.6,6.49,171.4,alluvial,kharif,rainfed,Assam
grapes,horticulture,41.0,29.0,56.0,30.3,69.7,6.8,75.1,red,rabi,irrigated,Tamil Nadu
cotton,cash,58.0,52.0,40.0,31.0,53.2,7.48,59.2,black,kharif,irrigated,Gujarat
jasmine,flower,33.0,59.0,38.0,32.4,65.5,7.34,155.1,sandy,kharif,rainfed,Tamil Nadu
cocoa,plantation,37.0,30.0,59.0,33.0,90.5,6.11,162.3,laterite,kharif,irrigated,Tamil Nadu
orange,horticulture,41.0,27.0,38.0,29.6,65.7,5.99,157.0,alluvial,rabi,rainfed,Meghalaya
rice,cereal,141.0,64.0,55.0,36.4,72.2,5.74,286.8,alluvial,kharif,rainfed,Assam
soybean,oilseed,35.0,94.0,46.0,18.6,77.0,6.27,88.7,alluvial,kharif,irrigated,Madhya Pradesh
lentil,pulse,23.0,40.0,19.0,24.5,66.6,6.92,30.2,black,rabi,rainfed,Uttar Pradesh
mothbeans,pulse,10.0,26.0,17.0,40.4,24.6,8.65,49.5,sandy,kharif,rainfed,Rajasthan
castor,oilseed,32.0,39.0,59.0,21.9,72.5,7.69,100.5,loamy,kharif,rainfed,Tamil Nadu
cashew,plantation,27.0,16.0,24.0,22.4,51.7,5.77,164.3,loamy,kharif,rainfed,Andhra Pradesh
jowar,millet,55.0,27.0,34.0,29.9,52.8,7.65,65.1,red,rabi,rainfed,Madhya Pradesh
pepper,spice,65.0,19.0,59.0,32.2,87.2,6.85,266.3,red,kharif,rainfed,Kerala
chilli,spice,72.0,43.0,68.0,18.7,58.3,6.4,57.6,alluvial,kharif,irrigated,Telangana
barley,cereal,104.0,50.0,40.0,17.1,61.9,7.2,48.3,sandy,rabi,rainfed,Rajasthan
maize,cereal,83.0,38.0,37.0,29.6,71.9,5.93,92.6,red,rabi,irrigated,Madhya Pradesh
sapota,horticulture,35.0,26.0,37.0,31.5,68.1,7.39,155.9,laterite,kharif,irrigated,Gujarat
brinjal,vegetable,45.0,53.0,61.0,32.8,74.5,6.7,128.7,alluvial,rabi,irrigated,Andhra Pradesh
turmeric,spice,78.0,68.0,66.0,30.9,67.2,6.59,142.8,red,kharif,rainfed,Telangana
jowar,millet,78.0,39.0,34.0,29.8,61.8,7.41,56.3,loamy,kharif,irrigated,Karnataka
cauliflower,vegetable,94.0,74.0,66.0,16.1,86.8,7.16,159.9,alluvial,rabi,rainfed,Maharashtra
sesame,oilseed,41.0,23.0,31.0,32.4,58.8,6.95,53.2,loamy,kharif,rainfed,Tamil Nadu
horsegram,pulse,27.0,41.0,29.0,23.4,52.8,5.99,63.8,laterite,kharif,irrigated,Tamil Nadu
watermelon,horticulture,39.0,45.0,71.0,32.2,70.4,6.67,50.7,sandy,zaid,irrigated,Tamil Nadu
ginger,spice,52.0,60.0,55.0,22.3,68.7,7.29,187.4,alluvial,kharif,rainfed,Meghalaya
maize,cereal,76.0,51.0,50.0,30.2,59.6,6.98,109.1,loamy,kharif,rainfed,Bihar
cabbage,vegetable,94.0,74.0,47.0,10.4,71.6,6.42,128.2,alluvial,rabi,irrigated,West Bengal
greengram,pulse,31.0,44.0,37.0,30.5,69.6,6.67,78.9,alluvial,zaid,rainfed,Karnataka
blackgram,pulse,37.0,53.0,27.0,33.4,75.0,6.43,105.0,alluvial,rabi,irrigated,Tamil Nadu
banana,horticulture,99.0,48.0,114.0,21.2,80.5,6.42,188.5,red,kharif,rainfed,Gujarat
ginger,spice,86.0,50.0,47.0,20.1,71.5,6.71,140.5,loamy,kharif,rainfed,Arunachal Pradesh
greengram,pulse,30.0,38.0,24.0,28.9,72.1,7.44,102.2,red,zaid,rainfed,Rajasthan
maize,cereal,89.0,38.0,53.0,22.5,67.7,5.64,128.2,red,kharif,rainfed,Andhra Pradesh
sapota,horticulture,20.0,25.0,34.0,27.3,84.0,6.02,180.1,laterite,kharif,rainfed,Tamil Nadu
sunflower,oilseed,68.0,85.0,71.0,27.0,76.1,7.82,75.2,alluvial,rabi,irrigated,Karnataka
tapioca,horticulture,87.0,55.0,122.0,22.9,72.0,6.85,110.7,laterite,kharif,rainfed,Karnataka
tea,plantation,28.0,28.0,32.0,19.2,88.6,5.88,340.9,laterite,kharif,irrigated,Assam
jowar,millet,75.0,43.0,53.0,24.5,52.0,6.53,94.9,red,kharif,rainfed,Andhra Pradesh
kidneybeans,pulse,21.0,69.0,41.0,20.7,61.1,6.04,86.2,alluvial,kharif,rainfed,Himachal Pradesh
cowpea,pulse,15.0,38.0,20.0,29.2,79.8,6.89,84.1,sandy,kharif,irrigated,Maharashtra
ragi,millet,74.0,33.0,44.0,23.1,72.4,6.42,79.2,red,kharif,rainfed,Karnataka
jowar,millet,38.0,19.0,34.0,24.5,40.3,7.78,48.3,black,rabi,rainfed,Maharashtra
pigeonpeas,pulse,38.0,64.0,30.0,33.6,51.1,6.25,120.3,alluvial,kharif,irrigated,Uttar Pradesh
barley,cereal,88.0,39.0,33.0,12.2,65.5,7.61,56.7,loamy,rabi,rainfed,Madhya Pradesh
onion,vegetable,47.0,34.0,59.0,16.8,76.2,6.84,74.0,black,rabi,rainfed,Rajasthan
maize,cereal,96.0,53.0,62.0,24.1,86.2,6.07,119.9,alluvial,rabi,rainfed,Andhra Pradesh
banana,horticulture,85.0,83.0,116.0,28.3,94.7,5.8,123.5,red,kharif,irrigated,Maharashtra
cocoa,plantation,22.0,28.0,60.0,35.7,78.3,6.43,268.3,alluvial,kharif,rainfed,Karnataka
pomegranate,horticulture,24.0,31.0,36.0,37.7,50.8,6.75,61.2,alluvial,kharif,rainfed,Gujarat
jowar,millet,77.0,26.0,46.0,31.9,35.6,7.71,47.4,red,rabi,irrigated,Maharashtra
tobacco,cash,60.0,51.0,36.0,31.6,74.7,5.61,85.3,loamy,rabi,irrigated,Karnataka
pepper,spice,31.0,22.0,95.0,28.0,88.5,6.96,358.9,laterite,kharif,rainfed,Assam
coconut,plantation,42.0,24.0,72.0,21.4,81.4,7.54,185.0,sandy,kharif,irrigated,West Bengal
marigold,flower,53.0,49.0,52.0,14.2,64.2,6.44,70.7,loamy,rabi,irrigated,Tamil Nadu
wheat,cereal,150.0,57.0,42.0,21.7,55.1,6.51,46.4,black,rabi,rainfed,Rajasthan
cardamom,spice,34.0,36.0,31.0,23.6,82.6,6.43,345.9,loamy,kharif,irrigated,Tamil Nadu
maize,cereal,92.0,41.0,59.0,20.9,66.9,6.72,84.4,loamy,rabi,irrigated,Rajasthan
blackgram,pulse,30.0,28.0,22.0,27.8,82.0,7.03,92.9,loamy,rabi,rainfed,Maharashtra
orange,horticulture,35.0,17.0,20.0,29.3,69.6,7.08,132.8,loamy,rabi,rainfed,Assam
arecanut,plantation,41.0,22.0,78.0,33.3,76.6,7.16,250.6,alluvial,kharif,rainfed,Karnataka
arecanut,plantation,32.0,15.0,81.0,31.1,89.4,7.2,219.7,alluvial,kharif,rainfed,Tamil Nadu
chickpea,pulse,22.0,65.0,37.0,15.4,50.0,6.61,66.4,loamy,rabi,rainfed,Karnataka
ginger,spice,65.0,45.0,53.0,24.8,74.6,5.85,210.6,laterite,kharif,rainfed,Karnataka
ragi,millet,94.0,46.0,57.0,18.9,79.5,5.66,68.9,loamy,kharif,rainfed,Andhra Pradesh
coffee,plantation,83.0,40.0,44.0,23.6,86.0,6.67,215.2,red,kharif,rainfed,Karnataka
barley,cereal,64.0,50.0,43.0,15.7,69.5,7.2,43.7,loamy,rabi,rainfed,Madhya Pradesh
tapioca,horticulture,60.0,31.0,133.0,28.1,78.6,6.4,207.2,laterite,kharif,rainfed,Andhra Pradesh
ginger,spice,46.0,55.0,71.0,31.1,81.9,7.29,139.6,laterite,kharif,rainfed,Kerala
maize,cereal,103.0,36.0,72.0,20.4,61.1,6.61,110.8,red,kharif,irrigated,Madhya Pradesh
rubber,plantation,35.0,25.0,16.0,21.2,83.7,6.14,288.5,alluvial,kharif,rainfed,Karnataka
ragi,millet,53.0,36.0,41.0,31.3,56.2,6.02,119.2,loamy,kharif,rainfed,Tamil Nadu
orange,horticulture,32.0,24.0,15.0,24.3,66.7,6.53,143.7,alluvial,rabi,irrigated,Nagpur
banana,horticulture,94.0,75.0,83.0,39.2,86.4,6.83,140.1,loamy,kharif,rainfed,Karnataka
jasmine,flower,40.0,43.0,39.0,36.5,78.6,7.14,155.8,sandy,kharif,irrigated,Andhra Pradesh
mango,horticulture,24.0,31.0,57.0,32.9,65.1,5.57,106.5,laterite,kharif,rainfed,Karnataka
tobacco,cash,50.0,39.0,29.0,22.1,73.4,5.63,55.7,alluvial,rabi,rainfed,Gujarat
cashew,plantation,21.0,32.0,20.0,20.9,56.5,5.27,172.3,laterite,kharif,rainfed,Tamil Nadu
greengram,pulse,25.0,40.0,19.0,25.5,60.0,7.05,106.1,red,kharif,irrigated,Rajasthan
greengram,pulse,31.0,39.0,24.0,34.8,57.1,6.47,78.2,loamy,zaid,rainfed,Maharashtra
onion,vegetable,41.0,59.0,59.0,21.2,59.2,6.07,103.4,alluvial,kharif,irrigated,Gujarat
rubber,plantation,29.0,32.0,43.0,30.3,82.3,4.54,228.4,alluvial,kharif,rainfed,Tripura
cotton,cash,87.0,50.0,55.0,25.9,86.4,7.54,113.1,black,kharif,irrigated,Maharashtra
coconut,plantation,21.0,22.0,62.0,39.0,95.4,6.61,249.6,alluvial,kharif,irrigated,West Bengal
papaya,horticulture,62.0,28.0,65.0,33.0,56.2,7.27,145.1,alluvial,kharif,rainfed,Maharashtra
jowar,millet,43.0,25.0,49.0,34.3,34.4,7.36,60.7,loamy,kharif,irrigated,Madhya Pradesh
sugarcane,cash,144.0,62.0,108.0,25.8,82.2,6.54,201.3,alluvial,kharif,rainfed,Karnataka
cashew,plantation,24.0,19.0,11.0,26.8,77.9,6.9,98.6,loamy,kharif,irrigated,Andhra Pradesh
wheat,cereal,154.0,52.0,58.0,10.1,48.4,6.66,72.3,black,rabi,rainfed,Rajasthan
pigeonpeas,pulse,24.0,47.0,40.0,33.2,76.7,6.34,124.5,loamy,kharif,rainfed,Maharashtra
jasmine,flower,40.0,36.0,31.0,28.0,67.1,6.07,113.6,loamy,kharif,rainfed,Karnataka
mango,horticulture,31.0,42.0,64.0,32.1,56.2,6.98,81.6,loamy,kharif,rainfed,Uttar Pradesh
tomato,vegetable,83.0,58.0,76.0,27.4,52.6,6.87,124.4,red,rabi,irrigated,Andhra Pradesh
rose,flower,71.0,44.0,46.0,22.1,59.0,6.85,97.4,alluvial,rabi,rainfed,Tamil Nadu
jute,cash,67.0,38.0,47.0,24.5,75.1,6.43,144.5,loamy,kharif,rainfed,Meghalaya
pineapple,horticulture,46.0,22.0,41.0,33.2,73.0,4.51,105.7,loamy,kharif,rainfed,Manipur
groundnut,cash,14.0,51.0,44.0,24.8,72.5,6.67,109.0,loamy,kharif,irrigated,Gujarat
onion,vegetable,65.0,36.0,62.0,16.0,80.9,6.05,105.0,alluvial,rabi,rainfed,Maharashtra
cocoa,plantation,24.0,29.0,34.0,27.5,89.6,6.9,154.1,loamy,kharif,irrigated,Andhra Pradesh
papaya,horticulture,73.0,43.0,53.0,36.3,84.5,6.8,105.0,sandy,kharif,irrigated,Gujarat
cabbage,vegetable,113.0,62.0,62.0,21.3,83.9,6.62,95.0,alluvial,rabi,rainfed,Bihar
orange,horticulture,33.0,31.0,19.0,27.6,68.5,5.64,111.5,loamy,rabi,irrigated,Nagpur
coriander,spice,29.0,47.0,40.0,24.4,40.4,6.94,65.1,alluvial,rabi,irrigated,Madhya Pradesh
papaya,horticulture,51.0,47.0,51.0,33.1,70.6,6.39,107.7,loamy,kharif,irrigated,Karnataka
ginger,spice,78.0,29.0,71.0,19.6,64.5,5.51,170.6,loamy,kharif,irrigated,Odisha
orange,horticulture,34.0,18.0,21.0,27.8,60.3,6.59,135.8,laterite,rabi,rainfed,Rajasthan
jasmine,flower,55.0,36.0,38.0,18.5,63.3,6.93,81.5,sandy,kharif,rainfed,Maharashtra
sunflower,oilseed,94.0,80.0,58.0,29.8,76.3,6.24,82.0,loamy,kharif,rainfed,Bihar
marigold,flower,47.0,58.0,62.0,14.1,70.9,6.95,61.7,alluvial,kharif,irrigated,Rajasthan
grapes,horticulture,31.0,25.0,36.0,32.0,63.6,7.09,95.4,loamy,rabi,irrigated,Andhra Pradesh
turmeric,spice,79.0,46.0,69.0,28.5,68.1,5.29,206.0,loamy,kharif,rainfed,Telangana
mango,horticulture,38.0,26.0,56.0,30.9,70.1,7.37,171.8,loamy,kharif,irrigated,Uttar Pradesh
tomato,vegetable,52.0,40.0,63.0,21.8,78.9,6.72,125.7,loamy,rabi,irrigated,Odisha
chickpea,pulse,43.0,63.0,34.0,14.5,48.7,6.95,83.7,alluvial,rabi,irrigated,Madhya Pradesh
mango,horticulture,21.0,39.0,54.0,24.3,40.3,7.35,74.5,loamy,kharif,irrigated,Bihar
cowpea,pulse,23.0,51.0,20.0,34.2,68.6,6.85,102.6,sandy,kharif,irrigated,Karnataka
groundnut,cash,18.0,66.0,65.0,32.0,57.7,6.64,116.7,red,kharif,rainfed,Karnataka
horsegram,pulse,22.0,40.0,18.0,32.5,59.1,6.2,60.0,red,kharif,irrigated,Andhra Pradesh
papaya,horticulture,57.0,29.0,65.0,38.1,60.3,6.95,160.3,loamy,kharif,irrigated,Tamil Nadu
tea,plantation,42.0,15.0,23.0,26.0,95.7,4.7,341.5,loamy,kharif,irrigated,Kerala
rice,cereal,110.0,52.0,62.0,21.9,83.6,6.45,229.5,clay,kharif,rainfed,Assam
sesame,oilseed,29.0,34.0,26.0,29.0,50.4,7.75,82.6,red,kharif,rainfed,Tamil Nadu
cardamom,spice,27.0,15.0,43.0,17.2,73.9,5.49,416.3,loamy,kharif,irrigated,Karnataka
mustard,oilseed,69.0,49.0,36.0,19.7,64.8,7.47,41.7,loamy,rabi,rainfed,Madhya Pradesh
rubber,plantation,28.0,19.0,41.0,30.3,93.1,4.54,365.7,loamy,kharif,rainfed,Tripura
turmeric,spice,68.0,72.0,63.0,31.0,76.9,6.24,214.3,red,kharif,rainfed,Odisha
rubber,plantation,27.0,27.0,19.0,33.2,76.9,6.27,222.4,loamy,kharif,rainfed,Assam
cauliflower,vegetable,81.0,72.0,73.0,12.3,68.2,6.84,110.9,alluvial,rabi,irrigated,Maharashtra
cabbage,vegetable,104.0,41.0,51.0,16.6,81.2,7.22,123.5,clay,rabi,rainfed,Odisha
grapes,horticulture,19.0,28.0,30.0,30.9,79.4,6.77,71.7,black,rabi,irrigated,Tamil Nadu
tobacco,cash,35.0,44.0,50.0,18.4,61.7,6.45,91.8,sandy,rabi,rainfed,Telangana
barley,cereal,73.0,42.0,48.0,18.9,43.7,7.88,74.7,sandy,rabi,irrigated,Himachal Pradesh
arecanut,plantation,37.0,23.0,56.0,22.5,82.1,6.87,194.0,alluvial,kharif,rainfed,Kerala
banana,horticulture,91.0,82.0,83.0,39.2,69.3,6.62,222.6,red,kharif,irrigated,Tamil Nadu
cowpea,pulse,25.0,41.0,29.0,35.6,70.4,6.83,73.9,sandy,zaid,irrigated,Tamil Nadu
cabbage,vegetable,76.0,39.0,50.0,11.5,74.6,6.9,81.9,loamy,rabi,rainfed,Assam
tapioca,horticulture,100.0,33.0,110.0,25.7,65.6,7.43,167.7,laterite,kharif,rainfed,Tamil Nadu
pepper,spice,64.0,39.0,56.0,26.6,89.8,6.43,346.6,red,kharif,rainfed,Andhra Pradesh
apple,horticulture,38.0,38.0,27.0,11.1,69.9,6.81,175.3,alluvial,rabi,rainfed,Himachal Pradesh
tobacco,cash,52.0,57.0,55.0,33.6,67.5,6.14,90.8,sandy,rabi,rainfed,Telangana
blackgram,pulse,40.0,48.0,28.0,23.5,87.5,7.23,104.9,loamy,kharif,rainfed,Uttar Pradesh
pepper,spice,41.0,21.0,87.0,29.2,94.1,6.91,253.7,red,kharif,rainfed,Tamil Nadu
cauliflower,vegetable,88.0,42.0,62.0,20.3,60.4,6.81,135.5,alluvial,rabi,rainfed,Odisha
jute,cash,67.0,30.0,55.0,31.9,78.8,7.39,139.2,alluvial,kharif,irrigated,Odisha
jasmine,flower,31.0,33.0,52.0,20.0,66.3,7.47,156.9,sandy,kharif,irrigated,Karnataka
jasmine,flower,41.0,33.0,62.0,28.1,69.6,6.12,93.3,alluvial,kharif,irrigated,Andhra Pradesh
onion,vegetable,61.0,41.0,58.0,19.0,79.8,6.32,78.3,alluvial,rabi,rainfed,Gujarat
horsegram,pulse,30.0,22.0,21.0,32.1,68.6,6.25,70.6,laterite,rabi,rainfed,Odisha
watermelon,horticulture,55.0,36.0,56.0,39.3,58.5,6.66,77.0,loamy,kharif,rainfed,Karnataka
kidneybeans,pulse,25.0,66.0,46.0,19.5,75.2,6.67,108.9,loamy,kharif,rainfed,Jammu & Kashmir
arecanut,plantation,36.0,19.0,97.0,37.6,83.3,7.39,146.6,loamy,kharif,irrigated,West Bengal
bajra,millet,51.0,36.0,29.0,23.7,55.8,6.95,74.4,red,kharif,irrigated,Uttar Pradesh
mothbeans,pulse,26.0,20.0,28.0,33.6,47.0,7.14,20.7,loamy,kharif,rainfed,Maharashtra
muskmelon,horticulture,61.0,39.0,60.0,35.6,57.4,6.87,59.1,sandy,zaid,irrigated,Rajasthan
muskmelon,horticulture,42.0,47.0,65.0,29.9,50.9,7.45,50.6,loamy,zaid,irrigated,Haryana
cauliflower,vegetable,119.0,52.0,60.0,22.9,70.4,6.3,111.1,loamy,rabi,rainfed,Maharashtra
groundnut,cash,18.0,66.0,60.0,24.7,62.7,6.95,109.6,loamy,rabi,irrigated,Rajasthan
potato,vegetable,115.0,49.0,86.0,17.6,79.6,5.44,129.9,sandy,rabi,rainfed,West Bengal
potato,vegetable,124.0,68.0,112.0,15.3,78.8,6.21,96.6,alluvial,rabi,irrigated,Uttar Pradesh
okra,vegetable,48.0,36.0,43.0,24.9,82.2,6.17,60.2,sandy,kharif,rainfed,West Bengal
cowpea,pulse,25.0,50.0,29.0,30.5,57.7,7.45,69.1,loamy,zaid,rainfed,Andhra Pradesh
grapes,horticulture,33.0,38.0,51.0,20.7,79.0,7.52,75.6,black,rabi,rainfed,Andhra Pradesh
bajra,millet,61.0,25.0,38.0,30.9,47.0,7.95,63.5,sandy,kharif,irrigated,Gujarat
cowpea,pulse,22.0,37.0,26.0,35.1,78.7,6.49,83.8,sandy,kharif,rainfed,Rajasthan
jute,cash,83.0,43.0,59.0,27.4,96.4,6.38,144.2,loamy,kharif,irrigated,West Bengal
cabbage,vegetable,84.0,54.0,56.0,16.2,63.4,6.97,113.9,alluvial,rabi,rainfed,West Bengal
papaya,horticulture,54.0,38.0,54.0,30.8,82.6,6.59,112.4,loamy,kharif,irrigated,Karnataka
kidneybeans,pulse,33.0,67.0,33.0,17.2,84.5,7.11,93.7,loamy,kharif,rainfed,Himachal Pradesh
coconut,plantation,40.0,12.0,65.0,25.7,92.0,7.18,145.9,sandy,kharif,irrigated,Tamil Nadu
potato,vegetable,107.0,73.0,124.0,21.9,74.3,5.37,144.3,sandy,rabi,rainfed,Bihar
orange,horticulture,30.0,15.0,25.0,19.0,50.8,7.28,116.9,alluvial,rabi,rainfed,Assam
tomato,vegetable,77.0,39.0,60.0,23.6,74.8,6.0,74.5,loamy,rabi,rainfed,Maharashtra
tomato,vegetable,76.0,55.0,59.0,29.8,67.1,6.1,129.1,loamy,kharif,rainfed,Madhya Pradesh
ragi,millet,73.0,31.0,46.0,19.9,77.0,5.73,105.3,red,kharif,irrigated,Odisha
mango,horticulture,38.0,25.0,74.0,26.7,52.0,7.36,125.7,loamy,kharif,irrigated,Tamil Nadu
ragi,millet,53.0,41.0,28.0,24.6,75.9,5.57,67.9,loamy,kharif,rainfed,Uttarakhand
groundnut,cash,17.0,75.0,38.0,31.5,63.7,6.51,95.1,loamy,rabi,irrigated,Andhra Pradesh
cashew,plantation,17.0,25.0,30.0,35.7,55.0,6.01,187.7,laterite,kharif,rainfed,Kerala
cardamom,spice,42.0,32.0,49.0,17.8,70.0,5.4,387.7,red,kharif,rainfed,Arunachal Pradesh
rice,cereal,132.0,53.0,54.0,26.1,86.4,6.06,305.3,loamy,kharif,rainfed,Andhra Pradesh
sapota,horticulture,36.0,23.0,58.0,32.3,58.0,7.63,142.2,laterite,kharif,rainfed,Maharashtra
lentil,pulse,31.0,36.0,43.0,18.5,66.0,7.01,44.3,loamy,rabi,rainfed,Madhya Pradesh
jowar,millet,52.0,36.0,34.0,32.7,53.8,6.0,70.7,loamy,kharif,irrigated,Maharashtra
pineapple,horticulture,32.0,25.0,45.0,21.1,72.9,4.64,102.5,sandy,kharif,rainfed,Manipur
bajra,millet,30.0,18.0,29.0,24.3,53.7,8.28,51.6,sandy,kharif,irrigated,Haryana
arecanut,plantation,38.0,18.0,98.0,22.0,76.1,6.28,194.6,laterite,kharif,rainfed,Assam
tea,plantation,22.0,15.0,31.0,26.8,84.7,5.66,294.9,red,kharif,irrigated,West Bengal
coconut,plantation,43.0,17.0,54.0,39.3,89.2,7.73,216.8,alluvial,kharif,rainfed,Kerala
cowpea,pulse,27.0,35.0,36.0,26.2,73.7,6.11,79.7,red,kharif,rainfed,Tamil Nadu
chilli,spice,83.0,55.0,51.0,28.2,73.4,7.12,113.3,alluvial,kharif,rainfed,Telangana
tomato,vegetable,49.0,55.0,75.0,20.9,79.5,7.2,108.7,alluvial,rabi,irrigated,Odisha
potato,vegetable,128.0,71.0,121.0,13.6,89.5,5.85,140.2,sandy,rabi,irrigated,West Bengal
tea,plantation,26.0,24.0,18.0,10.7,96.0,5.98,303.8,loamy,kharif,rainfed,Kerala
marigold,flower,49.0,65.0,53.0,16.3,70.5,6.37,90.5,sandy,kharif,rainfed,Andhra Pradesh
cashew,plantation,25.0,12.0,27.0,28.4,54.3,5.72,195.6,laterite,kharif,rainfed,Andhra Pradesh
barley,cereal,90.0,46.0,43.0,11.8,67.1,6.98,46.4,alluvial,rabi,rainfed,Rajasthan
horsegram,pulse,9.0,27.0,19.0,24.8,43.3,7.0,72.8,red,rabi,rainfed,Karnataka
mango,horticulture,22.0,21.0,67.0,33.5,38.0,6.28,120.9,alluvial,kharif,rainfed,Andhra Pradesh
apple,horticulture,29.0,19.0,30.0,11.1,69.7,5.7,205.9,alluvial,rabi,rainfed,Jammu & Kashmir
sunflower,oilseed,93.0,60.0,65.0,16.7,73.6,6.13,49.5,loamy,rabi,rainfed,Karnataka
tea,plantation,40.0,23.0,15.0,13.7,94.0,5.4,317.9,loamy,kharif,irrigated,Assam
pepper,spice,35.0,20.0,108.0,18.7,79.7,6.77,242.0,red,kharif,rainfed,Kerala
barley,cereal,101.0,40.0,28.0,16.6,45.5,7.83,69.4,alluvial,rabi,irrigated,Uttar Pradesh
rubber,plantation,30.0,21.0,25.0,35.6,86.7,4.62,344.5,laterite,kharif,rainfed,Tripura
tea,plantation,36.0,18.0,25.0,11.4,86.8,5.74,218.9,laterite,kharif,irrigated,Assam
castor,oilseed,53.0,29.0,55.0,39.1,56.8,7.87,100.4,alluvial,kharif,rainfed,Gujarat
cowpea,pulse,25.0,31.0,31.0,30.3,62.0,6.48,105.7,loamy,kharif,rainfed,Andhra Pradesh
kidneybeans,pulse,42.0,48.0,32.0,19.5,57.4,7.31,125.6,loamy,kharif,rainfed,Uttarakhand
grapes,horticulture,35.0,39.0,54.0,21.1,61.5,6.78,69.0,loamy,rabi,irrigated,Karnataka
cocoa,plantation,37.0,24.0,57.0,25.3,90.9,6.5,241.5,loamy,kharif,irrigated,Kerala
papaya,horticulture,72.0,53.0,58.0,20.3,55.8,6.15,120.0,loamy,kharif,rainfed,Maharashtra
marigold,flower,57.0,66.0,63.0,25.0,71.8,6.91,56.3,alluvial,kharif,irrigated,Rajasthan
ragi,millet,80.0,24.0,57.0,17.1,56.2,5.66,69.5,laterite,kharif,irrigated,Karnataka
cauliflower,vegetable,100.0,61.0,48.0,22.7,81.4,6.27,91.6,alluvial,rabi,irrigated,Maharashtra
ginger,spice,78.0,50.0,80.0,20.1,68.4,6.01,153.5,alluvial,kharif,irrigated,Kerala
muskmelon,horticulture,61.0,39.0,43.0,27.9,55.3,7.04,58.4,sandy,zaid,rainfed,Uttar Pradesh
ginger,spice,54.0,53.0,58.0,27.5,82.2,6.03,95.1,loamy,kharif,rainfed,Kerala
coconut,plantation,37.0,27.0,69.0,34.7,84.0,7.79,205.7,loamy,kharif,rainfed,Tamil Nadu
apple,horticulture,34.0,21.0,22.0,17.4,76.5,6.77,213.0,loamy,rabi,rainfed,Himachal Pradesh
cocoa,plantation,22.0,21.0,49.0,33.7,73.7,6.15,183.6,loamy,kharif,irrigated,Tamil Nadu
pomegranate,horticulture,37.0,21.0,33.0,17.9,35.1,6.86,61.1,loamy,kharif,rainfed,Maharashtra
kidneybeans,pulse,21.0,56.0,38.0,21.7,77.7,6.7,128.0,loamy,kharif,rainfed,Karnataka
groundnut,cash,19.0,81.0,37.0,34.3,62.0,6.22,104.2,red,kharif,rainfed,Rajasthan
cotton,cash,92.0,37.0,48.0,37.4,54.9,7.45,86.1,black,kharif,rainfed,Andhra Pradesh
turmeric,spice,67.0,56.0,73.0,29.7,82.3,6.24,169.1,red,kharif,rainfed,Odisha
wheat,cereal,134.0,80.0,53.0,23.9,46.8,6.07,85.8,alluvial,rabi,rainfed,Rajasthan
cardamom,spice,28.0,25.0,45.0,22.1,78.9,6.49,208.3,red,kharif,rainfed,Arunachal Pradesh
sesame,oilseed,22.0,24.0,28.0,30.9,71.5,6.53,78.0,loamy,kharif,rainfed,Gujarat
blackgram,pulse,35.0,53.0,40.0,36.9,71.4,7.07,98.6,loamy,rabi,rainfed,Maharashtra
greengram,pulse,16.0,49.0,26.0,37.6,76.6,6.45,68.3,red,kharif,rainfed,Maharashtra
coconut,plantation,21.0,21.0,62.0,38.9,91.1,6.86,314.3,alluvial,kharif,rainfed,Andhra Pradesh
pomegranate,horticulture,35.0,32.0,28.0,24.3,39.6,7.75,53.3,alluvial,kharif,rainfed,Andhra Pradesh
kidneybeans,pulse,39.0,52.0,55.0,22.0,71.8,6.26,95.4,loamy,kharif,irrigated,Jammu & Kashmir
onion,vegetable,57.0,39.0,57.0,15.4,74.2,6.08,98.4,loamy,rabi,rainfed,Madhya Pradesh
sapota,horticulture,32.0,17.0,52.0,30.4,64.7,7.94,195.2,alluvial,kharif,rainfed,Gujarat
ginger,spice,56.0,60.0,62.0,26.1,69.7,7.28,112.0,loamy,kharif,rainfed,Kerala
marigold,flower,67.0,44.0,74.0,17.5,63.5,6.36,128.7,sandy,rabi,rainfed,Maharashtra
bajra,millet,34.0,22.0,34.0,34.2,55.5,6.23,75.5,sandy,kharif,rainfed,Gujarat
mango,horticulture,19.0,40.0,67.0,22.8,74.3,7.39,205.4,alluvial,kharif,irrigated,Andhra Pradesh
grapes,horticulture,32.0,37.0,46.0,32.0,58.9,7.72,68.0,black,rabi,irrigated,Tamil Nadu
tapioca,horticulture,103.0,62.0,114.0,34.2,63.5,6.49,187.9,laterite,kharif,rainfed,Maharashtra
blackgram,pulse,22.0,32.0,33.0,27.8,68.8,6.13,74.6,alluvial,rabi,rainfed,Uttar Pradesh
tomato,vegetable,67.0,48.0,63.0,29.3,63.7,7.0,105.6,red,kharif,irrigated,Karnataka
grapes,horticulture,33.0,43.0,30.0,28.7,76.2,7.82,70.8,black,rabi,rainfed,Tamil Nadu
onion,vegetable,53.0,48.0,54.0,23.2,60.8,6.77,88.7,loamy,kharif,irrigated,Maharashtra
grapes,horticulture,42.0,26.0,38.0,31.7,60.9,7.01,92.1,black,rabi,irrigated,Andhra Pradesh
castor,oilseed,64.0,36.0,55.0,34.3,57.5,6.88,89.3,sandy,kharif,irrigated,Rajasthan
groundnut,cash,20.0,62.0,56.0,36.5,70.1,6.55,121.6,sandy,kharif,rainfed,Gujarat
watermelon,horticulture,54.0,58.0,63.0,30.2,64.5,6.91,58.2,sandy,zaid,irrigated,Karnataka
chickpea,pulse,23.0,58.0,57.0,16.5,53.7,6.85,60.0,alluvial,rabi,irrigated,Madhya Pradesh
barley,cereal,57.0,62.0,44.0,21.0,53.8,7.88,79.4,alluvial,rabi,rainfed,Himachal Pradesh
cauliflower,vegetable,75.0,56.0,68.0,21.2,66.6,6.79,155.1,alluvial,rabi,irrigated,Uttar Pradesh
rice,cereal,145.0,57.0,43.0,31.4,88.5,5.87,167.6,alluvial,kharif,irrigated,West Bengal
brinjal,vegetable,55.0,46.0,47.0,21.8,64.9,5.67,119.0,loamy,rabi,irrigated,West Bengal
mothbeans,pulse,26.0,24.0,24.0,24.4,44.5,7.64,47.9,loamy,kharif,irrigated,Maharashtra
chickpea,pulse,29.0,60.0,29.0,18.8,43.5,6.5,81.9,alluvial,rabi,rainfed,Uttar Pradesh
coffee,plantation,67.0,37.0,39.0,13.8,81.8,6.93,147.9,loamy,kharif,rainfed,Karnataka
tapioca,horticulture,99.0,43.0,122.0,18.4,65.8,6.59,154.6,red,kharif,irrigated,Andhra Pradesh
mustard,oilseed,95.0,53.0,54.0,14.5,48.8,7.75,72.9,sandy,rabi,rainfed,Uttar Pradesh
soybean,oilseed,29.0,76.0,44.0,20.8,70.7,7.46,59.8,alluvial,kharif,irrigated,Uttar Pradesh
chickpea,pulse,25.0,66.0,59.0,24.7,37.9,6.64,61.7,loamy,rabi,irrigated,Uttar Pradesh
cardamom,spice,42.0,32.0,35.0,26.9,73.6,6.72,283.7,red,kharif,rainfed,Karnataka
papaya,horticulture,79.0,30.0,50.0,30.4,75.2,6.85,160.5,sandy,kharif,rainfed,Gujarat
maize,cereal,90.0,38.0,65.0,32.5,69.2,6.14,55.5,loamy,rabi,irrigated,Andhra Pradesh
horsegram,pulse,19.0,42.0,22.0,29.9,45.4,6.64,52.0,red,kharif,irrigated,Karnataka
okra,vegetable,36.0,41.0,47.0,32.4,70.1,6.53,128.0,sandy,kharif,rainfed,Gujarat
rubber,plantation,34.0,31.0,26.0,29.6,94.5,5.45,240.9,laterite,kharif,rainfed,Kerala
ragi,millet,59.0,32.0,45.0,28.9,65.9,6.12,81.3,laterite,kharif,rainfed,Odisha
maize,cereal,85.0,54.0,55.0,23.3,85.0,6.19,94.9,red,kharif,rainfed,Andhra Pradesh
barley,cereal,85.0,42.0,54.0,21.3,59.2,7.79,85.7,loamy,rabi,rainfed,Haryana
mango,horticulture,29.0,21.0,64.0,33.5,73.9,6.61,75.0,alluvial,kharif,rainfed,Uttar Pradesh
turmeric,spice,69.0,70.0,64.0,26.6,70.8,6.32,136.7,alluvial,kharif,rainfed,Andhra Pradesh
guava,horticulture,29.0,38.0,36.0,30.5,51.2,5.74,96.3,loamy,kharif,rainfed,Karnataka
ginger,spice,64.0,30.0,73.0,28.1,83.1,6.99,150.8,alluvial,kharif,rainfed,Meghalaya
groundnut,cash,10.0,73.0,48.0,26.9,52.1,7.44,119.5,red,kharif,irrigated,Andhra Pradesh
sesame,oilseed,36.0,44.0,23.0,34.5,73.4,6.81,79.3,red,kharif,rainfed,Andhra Pradesh
coriander,spice,41.0,59.0,25.0,27.1,52.8,7.22,62.6,alluvial,rabi,rainfed,Gujarat
mothbeans,pulse,13.0,30.0,24.0,35.2,33.2,8.14,49.6,loamy,kharif,rainfed,Gujarat
onion,vegetable,51.0,33.0,65.0,21.2,77.9,7.12,71.3,black,kharif,rainfed,Madhya Pradesh
tapioca,horticulture,84.0,34.0,108.0,23.8,59.1,5.89,102.9,laterite,kharif,irrigated,Maharashtra
muskmelon,horticulture,34.0,52.0,38.0,36.5,72.7,6.83,38.3,loamy,zaid,irrigated,Punjab
cabbage,vegetable,85.0,67.0,58.0,11.8,91.4,6.86,136.9,clay,rabi,irrigated,Maharashtra
brinjal,vegetable,64.0,33.0,74.0,34.9,69.9,6.87,87.1,alluvial,kharif,rainfed,West Bengal
orange,horticulture,22.0,14.0,16.0,17.1,71.8,7.28,121.8,loamy,rabi,irrigated,Nagpur
blackgram,pulse,32.0,32.0,26.0,36.6,72.7,6.75,62.9,alluvial,rabi,irrigated,Tamil Nadu
cashew,plantation,12.0,16.0,20.0,19.6,58.9,5.96,168.6,loamy,kharif,rainfed,Maharashtra
ginger,spice,69.0,57.0,63.0,24.4,82.6,6.58,113.0,laterite,kharif,rainfed,Karnataka
cauliflower,vegetable,83.0,57.0,64.0,10.1,75.4,6.39,143.3,loamy,rabi,irrigated,Odisha
sugarcane,cash,136.0,78.0,100.0,35.4,94.9,7.83,167.5,loamy,kharif,rainfed,Uttar Pradesh
castor,oilseed,62.0,34.0,39.0,21.2,65.4,6.66,79.0,sandy,kharif,rainfed,Tamil Nadu
rose,flower,56.0,40.0,39.0,16.4,82.2,6.37,125.5,loamy,rabi,rainfed,Maharashtra
onion,vegetable,48.0,38.0,38.0,19.0,56.3,7.0,58.5,alluvial,kharif,irrigated,Gujarat
groundnut,cash,16.0,53.0,54.0,24.8,64.9,6.09,106.3,loamy,kharif,irrigated,Gujarat
tapioca,horticulture,97.0,39.0,92.0,30.6,59.8,5.5,144.7,laterite,kharif,rainfed,Maharashtra
papaya,horticulture,64.0,39.0,61.0,26.9,83.2,6.72,117.3,sandy,kharif,rainfed,Tamil Nadu
okra,vegetable,28.0,49.0,41.0,35.3,58.8,6.51,82.5,alluvial,kharif,rainfed,Andhra Pradesh
mothbeans,pulse,15.0,31.0,24.0,32.6,35.2,8.09,25.6,loamy,kharif,rainfed,Rajasthan
ginger,spice,86.0,52.0,97.0,24.2,81.5,6.08,167.4,loamy,kharif,irrigated,Kerala
bajra,millet,52.0,20.0,39.0,25.5,54.0,6.26,69.9,sandy,kharif,rainfed,Uttar Pradesh
kidneybeans,pulse,21.0,68.0,40.0,17.3,69.9,6.56,99.6,alluvial,kharif,irrigated,Karnataka
pomegranate,horticulture,31.0,30.0,25.0,39.6,48.5,8.47,60.6,loamy,kharif,rainfed,Maharashtra
tomato,vegetable,79.0,52.0,53.0,19.8,52.0,7.23,60.5,loamy,kharif,rainfed,Maharashtra
orange,horticulture,31.0,25.0,27.0,29.6,68.1,5.92,108.7,laterite,rabi,irrigated,Punjab
cardamom,spice,26.0,15.0,52.0,25.6,90.6,6.66,302.7,red,kharif,rainfed,Tamil Nadu
sesame,oilseed,30.0,27.0,27.0,28.2,46.3,6.44,55.5,loamy,kharif,irrigated,Gujarat
mothbeans,pulse,26.0,34.0,27.0,38.8,44.0,8.57,21.5,sandy,kharif,irrigated,Haryana
blackgram,pulse,37.0,45.0,23.0,29.6,80.3,6.0,65.8,red,rabi,rainfed,Uttar Pradesh
sugarcane,cash,96.0,81.0,82.0,37.8,68.5,7.45,127.0,loamy,kharif,irrigated,Maharashtra
arecanut,plantation,34.0,30.0,78.0,21.2,91.4,6.54,268.0,laterite,kharif,rainfed,Kerala
mothbeans,pulse,15.0,43.0,22.0,39.6,27.7,8.07,31.2,loamy,kharif,rainfed,Haryana
bajra,millet,57.0,16.0,42.0,39.3,48.1,7.14,85.1,red,kharif,rainfed,Gujarat
greengram,pulse,37.0,37.0,35.0,33.2,67.5,6.45,61.8,alluvial,zaid,rainfed,Maharashtra
lentil,pulse,17.0,30.0,36.0,15.5,49.3,6.4,32.0,alluvial,rabi,irrigated,Madhya Pradesh
pineapple,horticulture,32.0,31.0,44.0,36.7,76.5,6.28,199.2,sandy,kharif,rainfed,Kerala
mothbeans,pulse,25.0,21.0,32.0,25.0,37.7,8.97,48.9,sandy,kharif,irrigated,Rajasthan
coconut,plantation,38.0,30.0,84.0,34.3,88.6,6.69,179.3,alluvial,kharif,rainfed,West Bengal
arecanut,plantation,33.0,23.0,67.0,22.9,79.9,6.89,231.1,alluvial,kharif,irrigated,West Bengal
sunflower,oilseed,58.0,77.0,83.0,31.0,70.5,7.06,56.0,black,kharif,rainfed,Bihar
sunflower,oilseed,106.0,83.0,52.0,20.9,79.5,6.06,91.3,loamy,kharif,irrigated,Orissa
castor,oilseed,41.0,41.0,53.0,40.7,74.5,6.77,98.4,sandy,kharif,irrigated,Andhra Pradesh
banana,horticulture,115.0,83.0,89.0,37.1,94.6,5.77,218.4,loamy,kharif,rainfed,Maharashtra
rubber,plantation,40.0,24.0,24.0,27.0,90.9,5.41,274.9,alluvial,kharif,rainfed,Karnataka
cauliflower,vegetable,104.0,47.0,59.0,22.6,73.3,7.16,133.5,loamy,rabi,irrigated,Bihar
rose,flower,48.0,67.0,63.0,18.8,64.7,6.03,132.4,alluvial,rabi,rainfed,Himachal Pradesh
pigeonpeas,pulse,30.0,65.0,28.0,31.5,53.0,6.14,89.3,loamy,kharif,irrigated,Madhya Pradesh
potato,vegetable,110.0,67.0,87.0,15.6,72.1,5.04,117.8,sandy,rabi,irrigated,Punjab
pomegranate,horticulture,41.0,34.0,26.0,37.7,49.7,7.46,76.0,alluvial,kharif,rainfed,Maharashtra
jute,cash,86.0,42.0,49.0,30.4,70.4,7.18,172.6,loamy,kharif,rainfed,Assam
brinjal,vegetable,68.0,63.0,76.0,31.3,51.5,6.87,80.8,alluvial,rabi,rainfed,Gujarat
cotton,cash,81.0,43.0,63.0,32.0,55.8,6.38,94.5,alluvial,kharif,irrigated,Maharashtra
horsegram,pulse,25.0,35.0,24.0,20.4,37.3,5.88,78.0,loamy,kharif,rainfed,Odisha
grapes,horticulture,36.0,38.0,45.0,26.2,63.8,6.55,58.8,loamy,rabi,rainfed,Karnataka
pigeonpeas,pulse,39.0,61.0,42.0,17.5,54.2,6.16,92.9,alluvial,kharif,irrigated,Karnataka
mustard,oilseed,85.0,58.0,54.0,12.1,49.7,7.93,40.5,loamy,rabi,irrigated,West Bengal
watermelon,horticulture,64.0,29.0,72.0,33.3,70.2,6.71,61.4,loamy,zaid,rainfed,Maharashtra
brinjal,vegetable,59.0,54.0,50.0,31.8,62.3,7.11,117.6,alluvial,kharif,rainfed,Gujarat
marigold,flower,59.0,53.0,46.0,18.6,51.2,6.59,87.6,loamy,rabi,irrigated,Andhra Pradesh
cotton,cash,81.0,64.0,53.0,22.9,59.7,6.26,68.9,black,kharif,rainfed,Andhra Pradesh
watermelon,horticulture,55.0,43.0,58.0,37.6,61.1,6.22,78.1,sandy,zaid,rainfed,Rajasthan
ginger,spice,76.0,58.0,63.0,25.6,69.9,6.93,211.1,alluvial,kharif,rainfed,Karnataka
tomato,vegetable,73.0,64.0,55.0,28.5,65.5,7.15,92.7,alluvial,kharif,rainfed,Odisha
sesame,oilseed,23.0,42.0,36.0,36.6,67.4,6.0,43.4,red,kharif,irrigated,Andhra Pradesh
maize,cereal,62.0,44.0,60.0,20.9,76.1,6.3,102.7,red,rabi,rainfed,Bihar
groundnut,cash,14.0,61.0,67.0,35.0,73.0,6.0,124.4,loamy,kharif,rainfed,Tamil Nadu
mango,horticulture,21.0,30.0,73.0,22.4,41.4,6.87,155.8,laterite,kharif,irrigated,Andhra Pradesh
cotton,cash,86.0,44.0,53.0,22.0,76.7,6.44,76.0,loamy,kharif,irrigated,Rajasthan
cashew,plantation,25.0,25.0,14.0,25.0,59.0,5.39,169.7,laterite,kharif,rainfed,Kerala
maize,cereal,71.0,41.0,39.0,24.4,68.3,6.23,60.9,red,rabi,irrigated,Andhra Pradesh
chilli,spice,56.0,42.0,81.0,25.8,70.3,7.25,94.9,alluvial,kharif,irrigated,Maharashtra
cabbage,vegetable,110.0,53.0,62.0,12.6,89.4,7.22,121.4,loamy,rabi,rainfed,Odisha
greengram,pulse,30.0,54.0,39.0,26.1,81.4,6.42,63.7,alluvial,zaid,irrigated,Madhya Pradesh
chilli,spice,51.0,37.0,47.0,25.3,54.2,6.42,100.0,black,kharif,rainfed,Tamil Nadu
mango,horticulture,27.0,38.0,45.0,35.2,40.0,6.27,161.2,alluvial,kharif,rainfed,Tamil Nadu
tapioca,horticulture,87.0,55.0,95.0,35.5,57.3,6.98,213.7,loamy,kharif,irrigated,Andhra Pradesh
kidneybeans,pulse,29.0,82.0,33.0,21.5,69.6,6.5,111.5,loamy,kharif,rainfed,Jammu & Kashmir
groundnut,cash,21.0,49.0,45.0,35.0,72.1,7.21,63.1,loamy,kharif,irrigated,Tamil Nadu
cocoa,plantation,34.0,30.0,42.0,25.8,73.6,7.27,245.0,loamy,kharif,rainfed,Tamil Nadu
groundnut,cash,17.0,81.0,62.0,32.3,69.6,6.09,110.1,sandy,kharif,irrigated,Gujarat
blackgram,pulse,30.0,28.0,40.0,24.2,79.1,7.3,102.8,red,kharif,rainfed,Andhra Pradesh
pineapple,horticulture,55.0,22.0,37.0,36.8,89.2,6.26,256.1,laterite,kharif,irrigated,West Bengal
cabbage,vegetable,80.0,44.0,61.0,14.7,67.9,6.51,131.8,alluvial,rabi,irrigated,Maharashtra
blackgram,pulse,37.0,28.0,25.0,31.6,64.5,6.69,91.8,red,rabi,irrigated,Andhra Pradesh
coffee,plantation,72.0,27.0,60.0,21.2,70.5,7.2,124.3,loamy,kharif,rainfed,Odisha
cashew,plantation,18.0,28.0,24.0,37.5,72.6,5.38,209.5,sandy,kharif,rainfed,Goa
mothbeans,pulse,17.0,35.0,18.0,34.5,26.6,8.8,35.8,sandy,kharif,rainfed,Rajasthan
lentil,pulse,20.0,59.0,23.0,22.3,65.3,7.6,55.3,alluvial,rabi,rainfed,Rajasthan
apple,horticulture,33.0,37.0,42.0,14.3,68.2,6.76,111.9,loamy,rabi,rainfed,Arunachal Pradesh
turmeric,spice,75.0,40.0,99.0,24.6,85.4,6.04,100.2,loamy,kharif,rainfed,Odisha
sapota,horticulture,30.0,37.0,54.0,22.3,58.7,7.78,176.7,alluvial,kharif,irrigated,Andhra Pradesh
horsegram,pulse,19.0,27.0,30.0,21.6,43.1,5.58,56.4,laterite,kharif,irrigated,Tamil Nadu
marigold,flower,53.0,55.0,67.0,31.1,72.9,6.38,100.9,alluvial,rabi,irrigated,Karnataka
muskmelon,horticulture,45.0,24.0,63.0,23.5,57.9,6.31,44.7,sandy,zaid,rainfed,Karnataka
maize,cereal,80.0,44.0,64.0,18.0,81.6,6.47,79.8,loamy,rabi,irrigated,Madhya Pradesh
jowar,millet,43.0,38.0,40.0,36.2,37.5,7.28,64.4,loamy,rabi,rainfed,Maharashtra
kidneybeans,pulse,25.0,72.0,38.0,16.1,63.0,6.85,80.8,alluvial,kharif,rainfed,Uttarakhand
mango,horticulture,40.0,22.0,38.0,20.3,56.6,6.61,158.7,loamy,kharif,irrigated,Bihar
banana,horticulture,94.0,77.0,109.0,30.3,78.8,7.2,143.8,alluvial,kharif,rainfed,Karnataka
cowpea,pulse,20.0,44.0,30.0,27.8,72.4,6.91,79.0,red,kharif,irrigated,Maharashtra
pigeonpeas,pulse,37.0,49.0,48.0,31.4,71.7,7.09,99.1,red,kharif,rainfed,Madhya Pradesh
ginger,spice,59.0,38.0,56.0,26.9,66.1,5.59,120.9,laterite,kharif,rainfed,Meghalaya
coconut,plantation,31.0,31.0,63.0,40.4,69.1,6.86,281.8,sandy,kharif,irrigated,Karnataka
bajra,millet,56.0,29.0,45.0,28.4,52.7,7.38,31.9,sandy,kharif,rainfed,Haryana
apple,horticulture,37.0,20.0,39.0,15.0,91.4,5.83,196.5,alluvial,rabi,irrigated,Arunachal Pradesh
marigold,flower,39.0,71.0,46.0,29.6,61.9,7.28,86.7,alluvial,kharif,rainfed,Rajasthan
orange,horticulture,22.0,31.0,29.0,20.1,73.1,7.42,100.5,laterite,rabi,irrigated,Assam
chilli,spice,52.0,55.0,47.0,26.5,82.3,6.53,64.1,alluvial,kharif,rainfed,Tamil Nadu
orange,horticulture,40.0,27.0,27.0,25.9,64.6,6.06,129.1,alluvial,rabi,rainfed,Rajasthan
cowpea,pulse,26.0,36.0,39.0,30.1,59.8,6.05,72.1,sandy,kharif,irrigated,Maharashtra
jowar,millet,43.0,41.0,36.0,29.4,47.1,6.53,106.2,red,kharif,rainfed,Madhya Pradesh
banana,horticulture,90.0,57.0,100.0,34.8,66.3,6.68,214.4,alluvial,kharif,rainfed,Maharashtra
papaya,horticulture,83.0,47.0,86.0,28.2,74.4,6.03,154.7,loamy,kharif,rainfed,Karnataka
cocoa,plantation,22.0,42.0,45.0,22.8,70.3,6.31,187.1,loamy,kharif,rainfed,Tamil Nadu
sesame,oilseed,27.0,44.0,25.0,36.5,47.3,7.1,47.2,loamy,kharif,rainfed,Andhra Pradesh
rubber,plantation,20.0,21.0,26.0,26.3,98.2,4.92,258.8,alluvial,kharif,irrigated,Tripura
rice,cereal,148.0,29.0,29.0,23.2,91.9,6.43,182.4,clay,kharif,irrigated,Punjab
tomato,vegetable,54.0,40.0,75.0,18.0,58.2,7.47,122.5,red,rabi,irrigated,Karnataka
sunflower,oilseed,59.0,53.0,64.0,21.4,60.5,7.32,103.4,black,kharif,irrigated,Andhra Pradesh
watermelon,horticulture,63.0,57.0,46.0,35.3,55.9,6.12,85.9,loamy,kharif,rainfed,Maharashtra
tapioca,horticulture,95.0,60.0,132.0,31.4,61.3,6.52,119.4,laterite,kharif,irrigated,Maharashtra
muskmelon,horticulture,38.0,27.0,61.0,25.7,74.1,6.93,80.6,loamy,zaid,rainfed,Punjab
chilli,spice,49.0,73.0,48.0,22.7,68.9,6.09,73.1,loamy,kharif,rainfed,Andhra Pradesh
pigeonpeas,pulse,28.0,65.0,46.0,22.4,48.0,6.86,57.5,red,kharif,rainfed,Karnataka
kidneybeans,pulse,31.0,59.0,44.0,15.5,64.6,6.91,105.6,loamy,kharif,irrigated,Himachal Pradesh
barley,cereal,81.0,40.0,51.0,17.6,58.5,6.99,46.7,loamy,rabi,rainfed,Uttar Pradesh
kidneybeans,pulse,32.0,76.0,42.0,23.9,73.7,7.04,114.5,loamy,kharif,irrigated,Jammu & Kashmir
sunflower,oilseed,107.0,50.0,47.0,21.2,76.3,6.26,73.1,loamy,kharif,rainfed,Orissa
cauliflower,vegetable,93.0,45.0,47.0,18.7,90.6,6.54,101.9,loamy,rabi,rainfed,West Bengal
rice,cereal,98.0,61.0,57.0,35.1,93.9,5.82,184.4,clay,kharif,irrigated,Odisha
chickpea,pulse,39.0,63.0,38.0,23.1,70.1,8.0,74.1,loamy,rabi,irrigated,Maharashtra
tapioca,horticulture,73.0,60.0,127.0,19.5,73.2,6.11,201.9,laterite,kharif,rainfed,Karnataka
coriander,spice,53.0,47.0,26.0,28.7,55.5,6.97,53.3,loamy,rabi,rainfed,Madhya Pradesh
rubber,plantation,26.0,19.0,38.0,24.4,76.5,6.31,200.9,alluvial,kharif,rainfed,Assam
cotton,cash,102.0,49.0,68.0,35.2,84.7,7.78,63.3,black,kharif,rainfed,Gujarat
papaya,horticulture,78.0,35.0,47.0,31.5,77.1,6.27,129.0,alluvial,kharif,rainfed,Karnataka
ragi,millet,50.0,29.0,44.0,15.7,62.4,6.08,69.6,loamy,kharif,rainfed,Karnataka
pepper,spice,56.0,21.0,93.0,28.6,82.4,6.49,337.6,laterite,kharif,rainfed,Karnataka
lentil,pulse,22.0,51.0,24.0,17.3,49.9,6.17,54.4,loamy,rabi,rainfed,West Bengal
marigold,flower,54.0,63.0,49.0,30.7,64.7,6.65,71.1,alluvial,rabi,rainfed,Karnataka
cardamom,spice,27.0,17.0,61.0,19.5,93.4,5.94,207.9,laterite,kharif,irrigated,Kerala
cashew,plantation,13.0,13.0,21.0,31.6,69.9,5.35,204.7,laterite,kharif,irrigated,Andhra Pradesh
brinjal,vegetable,38.0,36.0,68.0,37.1,68.8,5.91,89.6,alluvial,kharif,irrigated,Andhra Pradesh
tomato,vegetable,54.0,61.0,66.0,27.3,68.4,7.4,101.1,red,kharif,rainfed,Karnataka
jute,cash,70.0,46.0,44.0,34.7,91.3,6.64,184.8,loamy,kharif,irrigated,Assam
cowpea,pulse,19.0,28.0,36.0,29.1,57.3,5.9,57.1,red,zaid,rainfed,Karnataka
lentil,pulse,35.0,45.0,28.0,21.7,56.6,6.21,40.9,loamy,rabi,rainfed,Rajasthan
apple,horticulture,21.0,21.0,40.0,8.9,74.8,6.79,123.4,alluvial,rabi,irrigated,Arunachal Pradesh
guava,horticulture,42.0,37.0,56.0,20.3,59.9,6.08,101.7,laterite,kharif,irrigated,Andhra Pradesh
barley,cereal,77.0,50.0,48.0,16.0,53.7,6.77,62.1,loamy,rabi,rainfed,Uttar Pradesh
pepper,spice,50.0,42.0,71.0,25.1,92.4,6.28,297.0,red,kharif,irrigated,Andhra Pradesh
maize,cereal,67.0,31.0,43.0,30.0,74.1,6.12,96.1,red,rabi,rainfed,Rajasthan
rubber,plantation,34.0,28.0,40.0,30.2,77.0,5.15,322.4,laterite,kharif,irrigated,Tamil Nadu
sunflower,oilseed,75.0,78.0,51.0,21.7,61.1,7.19,100.1,alluvial,rabi,rainfed,Maharashtra
bajra,millet,38.0,31.0,38.0,29.1,55.8,8.49,47.8,sandy,kharif,irrigated,Rajasthan
sesame,oilseed,33.0,44.0,33.0,35.4,54.6,7.4,50.8,red,kharif,irrigated,Gujarat
grapes,horticulture,37.0,24.0,40.0,19.6,76.6,7.07,55.5,red,rabi,irrigated,Mizoram
cardamom,spice,23.0,22.0,34.0,21.6,73.4,6.62,280.2,laterite,kharif,irrigated,Tamil Nadu
tapioca,horticulture,56.0,56.0,105.0,26.2,75.8,6.18,210.8,red,kharif,rainfed,Tamil Nadu
sunflower,oilseed,93.0,47.0,85.0,18.7,79.4,7.65,68.3,loamy,kharif,rainfed,Orissa
chilli,spice,65.0,75.0,63.0,31.2,55.4,6.4,65.5,loamy,rabi,irrigated,Tamil Nadu
banana,horticulture,121.0,55.0,128.0,39.3,67.2,5.68,213.7,red,kharif,rainfed,Andhra Pradesh
cashew,plantation,23.0,11.0,30.0,31.7,65.1,6.61,96.3,loamy,kharif,rainfed,Tamil Nadu
mothbeans,pulse,19.0,31.0,31.0,37.7,42.5,8.56,42.2,sandy,kharif,rainfed,Haryana
soybean,oilseed,28.0,56.0,54.0,27.4,78.8,7.35,85.4,loamy,kharif,rainfed,Rajasthan
rice,cereal,121.0,54.0,46.0,34.5,82.4,6.85,276.3,loamy,kharif,rainfed,Assam
sesame,oilseed,19.0,31.0,32.0,38.3,54.4,5.66,72.7,red,kharif,irrigated,Gujarat
groundnut,cash,14.0,70.0,75.0,30.3,65.8,7.28,128.9,red,rabi,rainfed,Karnataka
cabbage,vegetable,127.0,45.0,71.0,11.0,90.2,6.17,145.7,clay,rabi,rainfed,Maharashtra
cotton,cash,84.0,52.0,64.0,19.4,80.7,7.63,71.3,black,kharif,rainfed,Haryana
watermelon,horticulture,63.0,48.0,47.0,37.4,59.0,7.27,38.9,loamy,kharif,irrigated,Rajasthan
orange,horticulture,35.0,15.0,22.0,14.9,72.9,7.33,136.6,loamy,rabi,irrigated,Meghalaya
ragi,millet,91.0,37.0,28.0,21.2,79.1,5.62,74.7,loamy,kharif,irrigated,Karnataka
tapioca,horticulture,87.0,38.0,75.0,35.8,82.5,5.83,181.5,red,kharif,irrigated,Tamil Nadu
cotton,cash,72.0,54.0,52.0,23.4,55.7,6.2,62.2,loamy,kharif,irrigated,Rajasthan
cocoa,plantation,42.0,32.0,32.0,22.9,93.5,6.32,220.3,loamy,kharif,rainfed,Karnataka
horsegram,pulse,27.0,28.0,32.0,22.4,45.8,6.56,70.7,red,rabi,irrigated,Tamil Nadu
sugarcane,cash,111.0,68.0,89.0,33.6,94.8,7.37,117.4,loamy,kharif,rainfed,Uttar Pradesh
coffee,plantation,86.0,30.0,36.0,27.3,69.7,7.4,158.4,loamy,kharif,rainfed,Kerala
papaya,horticulture,71.0,51.0,62.0,33.0,64.7,7.15,114.4,sandy,kharif,rainfed,Andhra Pradesh
marigold,flower,55.0,55.0,37.0,28.4,72.4,6.86,99.7,loamy,kharif,irrigated,Rajasthan
rubber,plantation,33.0,10.0,15.0,33.9,98.8,5.06,373.5,laterite,kharif,rainfed,Assam
jowar,millet,47.0,38.0,42.0,28.8,51.2,7.67,85.3,black,rabi,rainfed,Maharashtra
chilli,spice,54.0,70.0,71.0,26.4,86.0,6.15,85.4,alluvial,kharif,rainfed,Karnataka
tea,plantation,41.0,20.0,11.0,19.6,74.5,5.11,318.7,loamy,kharif,rainfed,Tamil Nadu
mothbeans,pulse,25.0,37.0,32.0,28.8,26.5,8.16,50.8,loamy,kharif,rainfed,Maharashtra
coconut,plantation,41.0,25.0,47.0,35.4,82.3,7.44,240.5,alluvial,kharif,rainfed,Andhra Pradesh
greengram,pulse,30.0,39.0,19.0,28.8,55.6,6.98,79.5,loamy,kharif,irrigated,Madhya Pradesh
grapes,horticulture,34.0,32.0,53.0,27.7,53.1,6.66,47.0,loamy,rabi,irrigated,Maharashtra
pomegranate,horticulture,20.0,33.0,29.0,35.1,42.0,8.11,65.6,sandy,kharif,rainfed,Rajasthan
watermelon,horticulture,54.0,40.0,72.0,26.0,55.1,7.47,69.0,red,zaid,irrigated,Tamil Nadu
cauliflower,vegetable,94.0,50.0,60.0,21.8,63.2,6.18,112.3,loamy,rabi,irrigated,West Bengal
sugarcane,cash,93.0,51.0,97.0,22.2,90.6,7.77,144.9,loamy,kharif,irrigated,Uttar Pradesh
mustard,oilseed,99.0,55.0,28.0,12.1,48.2,7.47,31.7,alluvial,rabi,irrigated,Uttar Pradesh
castor,oilseed,29.0,27.0,31.0,28.0,63.1,6.52,99.1,loamy,kharif,rainfed,Tamil Nadu
rose,flower,59.0,46.0,72.0,29.5,58.5,5.72,161.2,alluvial,rabi,irrigated,Maharashtra
banana,horticulture,102.0,63.0,111.0,20.8,90.1,6.29,178.9,loamy,kharif,rainfed,Andhra Pradesh
soybean,oilseed,31.0,72.0,46.0,28.2,73.2,7.38,82.2,loamy,kharif,rainfed,Uttar Pradesh
wheat,cereal,136.0,47.0,58.0,13.0,58.4,6.51,68.9,alluvial,rabi,irrigated,Punjab
coriander,spice,40.0,29.0,28.0,24.6,57.6,7.26,56.4,alluvial,rabi,rainfed,Rajasthan
jowar,millet,84.0,20.0,40.0,27.2,59.0,6.65,76.2,black,kharif,rainfed,Rajasthan
cotton,cash,84.0,38.0,57.0,33.5,56.0,7.65,76.7,alluvial,kharif,rainfed,Rajasthan
brinjal,vegetable,57.0,47.0,75.0,27.9,50.6,5.78,122.3,alluvial,kharif,irrigated,Gujarat
mothbeans,pulse,14.0,22.0,24.0,28.7,26.5,7.13,36.8,loamy,kharif,rainfed,Gujarat
coconut,plantation,37.0,23.0,58.0,30.4,85.2,5.62,97.4,loamy,kharif,irrigated,West Bengal
rice,cereal,100.0,59.0,58.0,20.4,95.9,6.45,292.1,loamy,kharif,rainfed,West Bengal
sugarcane,cash,118.0,54.0,81.0,37.0,72.4,6.29,171.4,loamy,kharif,rainfed,Karnataka
greengram,pulse,36.0,39.0,24.0,23.3,64.0,7.38,74.1,loamy,kharif,rainfed,Rajasthan
tea,plantation,31.0,21.0,21.0,22.4,94.4,5.47,209.0,loamy,kharif,irrigated,Assam
banana,horticulture,107.0,49.0,119.0,38.2,82.1,6.87,217.6,alluvial,kharif,irrigated,Gujarat
jasmine,flower,33.0,52.0,61.0,27.7,66.6,6.74,127.6,sandy,kharif,rainfed,Karnataka
sesame,oilseed,43.0,30.0,20.0,36.8,64.4,6.32,50.3,red,kharif,irrigated,Tamil Nadu
soybean,oilseed,31.0,55.0,55.0,23.5,74.8,6.0,101.0,alluvial,kharif,rainfed,Rajasthan
coconut,plantation,36.0,18.0,82.0,32.7,72.6,6.93,201.5,loamy,kharif,rainfed,Karnataka
greengram,pulse,32.0,41.0,19.0,32.7,71.8,7.44,69.7,loamy,kharif,rainfed,Madhya Pradesh
coconut,plantation,42.0,18.0,62.0,36.4,85.7,5.62,180.3,laterite,kharif,rainfed,Andhra Pradesh
pineapple,horticulture,60.0,33.0,45.0,22.7,76.6,5.1,232.2,laterite,kharif,rainfed,Manipur
orange,horticulture,29.0,14.0,25.0,15.0,52.8,5.86,140.8,laterite,rabi,rainfed,Meghalaya
potato,vegetable,86.0,61.0,103.0,17.7,72.5,6.15,116.8,alluvial,rabi,rainfed,Punjab
grapes,horticulture,22.0,33.0,42.0,24.6,71.1,7.95,95.5,loamy,rabi,irrigated,Karnataka
jowar,millet,61.0,27.0,30.0,28.1,39.5,7.27,105.4,red,kharif,irrigated,Rajasthan
coconut,plantation,24.0,15.0,65.0,27.2,84.3,6.89,290.1,alluvial,kharif,rainfed,West Bengal
tapioca,horticulture,102.0,34.0,101.0,21.0,62.8,6.28,158.7,red,kharif,rainfed,Andhra Pradesh
orange,horticulture,33.0,19.0,18.0,19.1,50.8,5.74,103.4,loamy,rabi,rainfed,Meghalaya
marigold,flower,63.0,41.0,55.0,25.8,67.2,6.33,122.3,sandy,rabi,irrigated,Rajasthan
potato,vegetable,112.0,47.0,81.0,13.5,87.6,5.03,139.8,loamy,rabi,rainfed,Punjab
ginger,spice,78.0,30.0,82.0,19.2,78.3,6.39,199.5,loamy,kharif,rainfed,Meghalaya
turmeric,spice,58.0,69.0,71.0,28.2,87.1,6.59,192.8,loamy,kharif,irrigated,Karnataka
chickpea,pulse,31.0,72.0,60.0,19.9,56.0,7.47,51.1,loamy,rabi,rainfed,Karnataka
mustard,oilseed,70.0,37.0,34.0,14.2,66.8,7.68,70.7,loamy,rabi,rainfed,Haryana
bajra,millet,52.0,23.0,29.0,31.3,53.1,7.12,78.0,loamy,kharif,irrigated,Maharashtra
tapioca,horticulture,58.0,59.0,123.0,33.8,66.8,6.21,154.8,loamy,kharif,rainfed,Tamil Nadu
marigold,flower,69.0,50.0,48.0,15.4,80.6,7.44,119.1,alluvial,rabi,irrigated,Andhra Pradesh
arecanut,plantation,37.0,27.0,75.0,33.6,80.1,7.26,179.6,laterite,kharif,irrigated,Tamil Nadu
coffee,plantation,50.0,28.0,44.0,22.6,79.4,6.18,112.4,red,kharif,irrigated,Kerala
kidneybeans,pulse,22.0,71.0,55.0,15.4,62.0,7.49,105.6,alluvial,kharif,rainfed,Karnataka
jasmine,flower,49.0,53.0,58.0,29.8,58.1,6.12,85.8,loamy,kharif,rainfed,Karnataka
marigold,flower,56.0,61.0,52.0,25.2,61.5,6.6,117.8,loamy,rabi,irrigated,Andhra Pradesh
brinjal,vegetable,74.0,31.0,68.0,37.2,84.0,6.9,65.6,sandy,kharif,rainfed,Odisha
castor,oilseed,44.0,43.0,56.0,33.9,73.9,6.73,58.3,sandy,kharif,rainfed,Karnataka
pepper,spice,60.0,36.0,75.0,28.2,84.5,6.91,221.6,loamy,kharif,rainfed,Kerala
chilli,spice,68.0,41.0,52.0,23.7,63.5,5.69,78.3,black,kharif,irrigated,Andhra Pradesh
brinjal,vegetable,65.0,60.0,38.0,36.0,81.1,6.89,99.4,alluvial,rabi,irrigated,Andhra Pradesh
groundnut,cash,17.0,85.0,74.0,36.7,60.5,6.26,98.1,sandy,rabi,rainfed,Andhra Pradesh
barley,cereal,97.0,52.0,38.0,13.2,59.3,7.32,85.1,loamy,rabi,rainfed,Himachal Pradesh
cashew,plantation,21.0,11.0,11.0,28.1,60.6,6.91,140.1,sandy,kharif,rainfed,Tamil Nadu
cashew,plantation,12.0,24.0,25.0,27.4,73.2,5.14,93.1,sandy,kharif,rainfed,Kerala
guava,horticulture,50.0,27.0,59.0,21.9,54.7,6.21,93.9,loamy,kharif,rainfed,Allahabad
coconut,plantation,28.0,30.0,49.0,21.0,90.9,5.89,319.7,laterite,kharif,rainfed,Andhra Pradesh
pomegranate,horticulture,21.0,36.0,26.0,17.9,55.4,8.36,80.6,sandy,kharif,rainfed,Andhra Pradesh
orange,horticulture,24.0,27.0,27.0,14.3,71.9,7.46,140.0,laterite,rabi,rainfed,Assam
banana,horticulture,123.0,55.0,89.0,37.3,73.0,6.12,235.3,red,kharif,rainfed,Karnataka
banana,horticulture,107.0,59.0,77.0,38.4,64.7,5.53,151.4,red,kharif,rainfed,Karnataka
coconut,plantation,40.0,32.0,60.0,33.9,97.5,7.23,195.7,loamy,kharif,rainfed,Karnataka
tea,plantation,23.0,24.0,24.0,26.7,79.2,5.26,161.9,loamy,kharif,rainfed,Kerala
pigeonpeas,pulse,42.0,63.0,47.0,34.7,50.7,6.79,116.9,red,kharif,rainfed,Madhya Pradesh
cauliflower,vegetable,128.0,73.0,46.0,11.6,89.4,7.47,138.6,loamy,rabi,irrigated,West Bengal
marigold,flower,69.0,72.0,51.0,29.4,50.7,7.12,81.9,alluvial,kharif,irrigated,Maharashtra
guava,horticulture,41.0,42.0,52.0,29.2,69.6,7.16,151.1,laterite,kharif,irrigated,Maharashtra
orange,horticulture,25.0,28.0,28.0,28.9,58.7,5.71,147.0,loamy,rabi,rainfed,Assam
soybean,oilseed,50.0,56.0,44.0,22.8,56.5,6.14,110.6,black,kharif,irrigated,Karnataka
greengram,pulse,30.0,45.0,41.0,23.9,74.9,7.07,90.1,alluvial,kharif,rainfed,Karnataka
chilli,spice,49.0,38.0,55.0,29.4,62.7,6.07,83.2,loamy,rabi,rainfed,Tamil Nadu
sapota,horticulture,29.0,23.0,45.0,20.7,82.4,7.65,149.4,loamy,kharif,rainfed,Karnataka
castor,oilseed,65.0,35.0,46.0,32.3,46.1,7.3,93.6,loamy,kharif,rainfed,Andhra Pradesh
guava,horticulture,53.0,38.0,49.0,30.6,64.9,6.31,114.0,sandy,kharif,rainfed,Maharashtra
pigeonpeas,pulse,25.0,46.0,37.0,19.8,57.3,6.85,85.4,alluvial,kharif,rainfed,Maharashtra
barley,cereal,97.0,63.0,49.0,20.8,43.3,7.84,59.5,alluvial,rabi,rainfed,Madhya Pradesh
rose,flower,73.0,68.0,50.0,21.1,68.0,6.25,89.8,loamy,rabi,rainfed,Maharashtra
cowpea,pulse,24.0,41.0,25.0,36.5,83.9,5.67,90.4,sandy,kharif,rainfed,Andhra Pradesh
pomegranate,horticulture,39.0,37.0,30.0,30.5,35.1,8.46,60.7,loamy,kharif,irrigated,Andhra Pradesh
rubber,plantation,38.0,20.0,25.0,34.2,75.9,5.23,272.6,alluvial,kharif,irrigated,Kerala
banana,horticulture,77.0,55.0,81.0,26.9,71.6,6.5,194.6,alluvial,kharif,rainfed,Gujarat
groundnut,cash,14.0,61.0,43.0,26.4,65.6,6.09,99.8,sandy,kharif,rainfed,Rajasthan
soybean,oilseed,51.0,91.0,68.0,32.0,66.2,6.8,127.7,black,kharif,irrigated,Rajasthan
jowar,millet,68.0,39.0,28.0,36.8,33.5,6.91,107.4,red,rabi,irrigated,Maharashtra
mothbeans,pulse,20.0,37.0,17.0,26.3,43.1,7.99,22.7,loamy,kharif,irrigated,Gujarat
jowar,millet,63.0,24.0,41.0,23.9,64.7,7.42,43.4,loamy,rabi,irrigated,Madhya Pradesh
tapioca,horticulture,105.0,52.0,130.0,27.7,76.3,6.55,182.4,loamy,kharif,rainfed,Maharashtra
kidneybeans,pulse,43.0,55.0,57.0,26.5,56.1,7.32,126.5,loamy,kharif,irrigated,Jammu & Kashmir
rice,cereal,149.0,47.0,38.0,20.4,70.8,5.84,171.4,loamy,kharif,rainfed,Tamil Nadu
guava,horticulture,52.0,37.0,41.0,20.6,52.1,5.54,82.8,loamy,kharif,irrigated,Allahabad
grapes,horticulture,41.0,23.0,34.0,20.4,77.2,7.26,76.7,red,rabi,rainfed,Mizoram
tomato,vegetable,84.0,54.0,55.0,24.4,58.2,6.68,91.8,alluvial,rabi,irrigated,Maharashtra
turmeric,spice,46.0,62.0,80.0,27.7,66.8,6.53,194.8,loamy,kharif,rainfed,Karnataka
orange,horticulture,38.0,25.0,18.0,27.2,76.8,6.79,99.2,laterite,rabi,irrigated,Rajasthan
sunflower,oilseed,84.0,63.0,77.0,22.6,50.7,7.83,64.3,loamy,kharif,rainfed,Karnataka
rubber,plantation,35.0,20.0,23.0,21.9,98.6,6.29,316.6,laterite,kharif,rainfed,Tripura
mango,horticulture,39.0,21.0,44.0,24.3,51.1,7.23,202.5,loamy,kharif,rainfed,Tamil Nadu
soybean,oilseed,52.0,78.0,52.0,31.7,74.8,7.04,56.8,black,kharif,rainfed,Maharashtra
tobacco,cash,55.0,28.0,29.0,33.5,78.0,6.15,57.4,loamy,rabi,rainfed,Telangana
cowpea,pulse,18.0,34.0,22.0,35.9,70.8,6.15,95.1,red,kharif,irrigated,Maharashtra
wheat,cereal,144.0,67.0,58.0,17.7,69.0,6.77,52.8,alluvial,rabi,irrigated,Uttar Pradesh
sapota,horticulture,38.0,33.0,31.0,35.8,56.9,7.64,144.6,alluvial,kharif,rainfed,Gujarat
jowar,millet,77.0,22.0,28.0,35.3,64.2,6.26,95.4,loamy,kharif,rainfed,Maharashtra
barley,cereal,65.0,54.0,43.0,19.4,48.2,7.25,57.2,sandy,rabi,irrigated,Madhya Pradesh
mango,horticulture,23.0,40.0,61.0,20.5,42.9,6.47,208.8,alluvial,kharif,rainfed,Karnataka
rose,flower,43.0,52.0,56.0,28.4,72.7,6.38,146.3,alluvial,rabi,rainfed,West Bengal
tobacco,cash,52.0,51.0,46.0,27.0,61.4,5.83,104.4,sandy,rabi,irrigated,Andhra Pradesh
horsegram,pulse,26.0,35.0,31.0,23.9,63.0,6.18,54.7,loamy,kharif,rainfed,Chhattisgarh
papaya,horticulture,86.0,45.0,66.0,37.1,80.8,6.37,112.4,sandy,kharif,irrigated,Andhra Pradesh
lentil,pulse,16.0,35.0,39.0,15.6,70.0,7.72,62.4,alluvial,rabi,rainfed,Bihar
rubber,plantation,21.0,27.0,17.0,23.5,94.0,6.3,226.3,loamy,kharif,rainfed,Assam
chilli,spice,86.0,45.0,58.0,19.7,83.0,6.07,125.4,loamy,kharif,rainfed,Karnataka
tea,plantation,26.0,29.0,21.0,19.3,90.4,5.45,302.5,red,kharif,rainfed,West Bengal
jute,cash,75.0,28.0,64.0,29.0,81.0,6.47,181.6,alluvial,kharif,rainfed,Bihar
horsegram,pulse,14.0,21.0,26.0,28.6,69.3,6.15,83.7,laterite,kharif,rainfed,Tamil Nadu
bajra,millet,63.0,18.0,47.0,32.7,27.8,6.16,67.0,red,kharif,rainfed,Haryana
wheat,cereal,92.0,60.0,53.0,12.5,65.8,6.79,68.4,alluvial,rabi,irrigated,Haryana
jowar,millet,82.0,19.0,46.0,31.7,56.7,6.23,47.5,red,rabi,rainfed,Madhya Pradesh
jute,cash,89.0,28.0,40.0,35.7,79.4,7.2,253.6,loamy,kharif,rainfed,Bihar
pigeonpeas,pulse,28.0,47.0,40.0,18.6,49.9,7.32,111.4,red,kharif,rainfed,Madhya Pradesh
bajra,millet,61.0,30.0,44.0,33.9,33.2,8.25,62.9,sandy,kharif,rainfed,Gujarat
lentil,pulse,17.0,40.0,43.0,24.6,65.6,7.09,67.0,loamy,rabi,irrigated,West Bengal
coriander,spice,37.0,46.0,29.0,26.5,56.5,7.09,39.3,sandy,rabi,rainfed,Madhya Pradesh
cauliflower,vegetable,124.0,66.0,83.0,19.0,78.1,6.49,159.1,loamy,rabi,irrigated,Uttar Pradesh
chickpea,pulse,42.0,67.0,56.0,18.4,60.5,7.27,55.1,black,rabi,rainfed,Madhya Pradesh
tobacco,cash,59.0,55.0,47.0,25.0,62.0,6.94,74.7,alluvial,rabi,irrigated,Andhra Pradesh
sunflower,oilseed,60.0,75.0,70.0,26.4,54.0,7.9,58.0,alluvial,kharif,rainfed,Karnataka
guava,horticulture,28.0,23.0,33.0,31.0,50.8,5.01,99.1,laterite,kharif,irrigated,Andhra Pradesh
tomato,vegetable,48.0,46.0,68.0,31.1,65.3,6.05,63.6,red,rabi,irrigated,Andhra Pradesh
coffee,plantation,69.0,19.0,54.0,23.0,85.1,6.84,128.5,loamy,kharif,irrigated,Andhra Pradesh
soybean,oilseed,34.0,59.0,58.0,27.2,59.0,6.82,84.2,alluvial,kharif,rainfed,Rajasthan
okra,vegetable,63.0,41.0,28.0,24.1,57.2,7.16,103.6,alluvial,zaid,irrigated,Odisha
rubber,plantation,35.0,19.0,25.0,36.1,94.0,4.69,367.6,alluvial,kharif,irrigated,Kerala
cotton,cash,101.0,58.0,48.0,37.5,64.6,6.71,111.0,black,kharif,irrigated,Andhra Pradesh
mustard,oilseed,68.0,52.0,29.0,20.9,69.9,7.79,66.6,alluvial,rabi,irrigated,Rajasthan
cauliflower,vegetable,85.0,68.0,64.0,9.8,86.3,7.27,91.6,loamy,rabi,irrigated,West Bengal
coffee,plantation,48.0,35.0,57.0,24.7,83.5,7.21,97.1,loamy,kharif,rainfed,Karnataka
jasmine,flower,43.0,38.0,56.0,22.0,59.4,6.88,157.5,sandy,kharif,rainfed,Karnataka
groundnut,cash,11.0,81.0,61.0,23.1,71.9,7.3,57.6,red,rabi,rainfed,Tamil Nadu
mothbeans,pulse,11.0,34.0,31.0,39.9,43.0,7.56,40.3,sandy,kharif,rainfed,Rajasthan
tea,plantation,36.0,21.0,28.0,26.8,96.3,5.13,269.2,loamy,kharif,irrigated,Tamil Nadu
turmeric,spice,56.0,73.0,84.0,31.1,89.5,6.71,168.8,red,kharif,rainfed,Karnataka
turmeric,spice,78.0,38.0,103.0,28.0,72.7,6.47,126.9,loamy,kharif,rainfed,Odisha
onion,vegetable,53.0,44.0,43.0,27.3,54.6,6.8,105.0,loamy,rabi,rainfed,Madhya Pradesh
wheat,cereal,150.0,50.0,40.0,22.4,70.0,6.83,82.4,loamy,rabi,irrigated,Madhya Pradesh
marigold,flower,72.0,46.0,40.0,25.1,73.5,6.28,109.1,alluvial,kharif,rainfed,Karnataka
coconut,plantation,23.0,15.0,74.0,24.0,100.8,6.9,298.2,laterite,kharif,rainfed,Kerala
okra,vegetable,30.0,30.0,57.0,27.7,56.9,6.78,125.8,loamy,zaid,irrigated,Gujarat
rice,cereal,138.0,31.0,60.0,23.1,79.6,6.42,208.5,loamy,kharif,rainfed,Tamil Nadu
rice,cereal,102.0,56.0,51.0,33.1,71.1,6.32,310.5,clay,kharif,irrigated,West Bengal
chickpea,pulse,27.0,58.0,43.0,26.3,36.8,6.6,83.7,loamy,rabi,rainfed,Rajasthan
bajra,millet,34.0,21.0,43.0,35.8,48.0,6.69,48.7,red,kharif,rainfed,Haryana
marigold,flower,74.0,51.0,45.0,16.7,72.2,6.96,85.3,alluvial,kharif,irrigated,Rajasthan
chickpea,pulse,42.0,46.0,55.0,26.0,62.7,7.71,72.9,black,rabi,rainfed,Madhya Pradesh
pineapple,horticulture,51.0,39.0,35.0,31.5,75.5,5.29,100.0,loamy,kharif,rainfed,Karnataka
okra,vegetable,45.0,42.0,35.0,38.8,59.1,6.67,108.8,alluvial,kharif,irrigated,Bihar
guava,horticulture,31.0,34.0,35.0,40.6,69.2,7.46,94.4,loamy,kharif,rainfed,Allahabad
coriander,spice,37.0,39.0,47.0,30.1,64.2,7.33,42.1,loamy,rabi,rainfed,Madhya Pradesh
potato,vegetable,94.0,81.0,116.0,21.9,81.8,5.71,129.5,loamy,rabi,rainfed,West Bengal
castor,oilseed,31.0,42.0,55.0,27.1,75.2,6.51,49.9,loamy,kharif,rainfed,Rajasthan
tobacco,cash,49.0,40.0,36.0,27.4,75.1,7.27,93.2,alluvial,rabi,rainfed,Andhra Pradesh
wheat,cereal,161.0,59.0,64.0,14.8,59.0,6.7,85.1,loamy,rabi,rainfed,Rajasthan
sunflower,oilseed,87.0,56.0,61.0,29.1,58.6,7.81,49.3,loamy,rabi,irrigated,Bihar
tapioca,horticulture,89.0,53.0,138.0,32.1,67.9,5.99,215.2,loamy,kharif,rainfed,Tamil Nadu
okra,vegetable,39.0,29.0,39.0,36.4,55.4,6.38,121.6,alluvial,zaid,rainfed,Gujarat
lentil,pulse,16.0,38.0,34.0,24.5,49.2,6.34,34.2,loamy,rabi,rainfed,Uttar Pradesh
wheat,cereal,149.0,80.0,64.0,10.7,65.1,6.06,89.9,black,rabi,rainfed,Punjab
guava,horticulture,30.0,22.0,31.0,31.1,67.3,6.8,80.7,alluvial,kharif,irrigated,Karnataka
jute,cash,71.0,42.0,42.0,29.2,74.7,6.83,187.9,loamy,kharif,rainfed,Meghalaya
cowpea,pulse,20.0,50.0,28.0,36.9,71.5,7.14,66.8,loamy,kharif,rainfed,Andhra Pradesh
onion,vegetable,43.0,47.0,75.0,16.4,61.7,7.11,101.8,loamy,rabi,irrigated,Gujarat
onion,vegetable,56.0,33.0,65.0,13.3,67.6,6.41,96.1,loamy,rabi,irrigated,Maharashtra
coriander,spice,50.0,39.0,33.0,14.1,55.4,6.4,75.6,alluvial,rabi,rainfed,Madhya Pradesh
mothbeans,pulse,16.0,22.0,25.0,34.2,31.0,8.84,42.6,loamy,kharif,rainfed,Maharashtra
coriander,spice,49.0,32.0,35.0,29.7,37.6,6.62,64.0,sandy,rabi,rainfed,Andhra Pradesh
coconut,plantation,42.0,16.0,47.0,27.1,89.7,6.98,125.1,laterite,kharif,rainfed,Andhra Pradesh
chilli,spice,48.0,63.0,84.0,31.0,68.8,6.74,111.1,alluvial,kharif,rainfed,Tamil Nadu
ragi,millet,64.0,27.0,39.0,24.6,62.5,6.72,62.0,laterite,kharif,irrigated,Karnataka
coffee,plantation,52.0,41.0,48.0,29.5,75.6,6.05,94.8,loamy,kharif,rainfed,Andhra Pradesh
potato,vegetable,99.0,62.0,127.0,15.2,81.5,6.41,89.8,sandy,rabi,irrigated,Gujarat
lentil,pulse,25.0,54.0,26.0,18.2,56.3,7.33,69.1,black,rabi,irrigated,West Bengal
tea,plantation,42.0,30.0,25.0,20.7,102.2,4.9,157.8,red,kharif,irrigated,Assam
mango,horticulture,26.0,22.0,75.0,28.5,64.9,6.41,126.3,alluvial,kharif,rainfed,Tamil Nadu
jasmine,flower,54.0,60.0,30.0,30.5,57.2,6.08,144.5,sandy,kharif,rainfed,Tamil Nadu
cotton,cash,57.0,32.0,67.0,21.4,55.2,7.19,124.0,black,kharif,rainfed,Gujarat
pepper,spice,59.0,43.0,81.0,21.0,69.7,5.58,307.7,laterite,kharif,rainfed,Tamil Nadu
sesame,oilseed,33.0,41.0,23.0,29.3,46.9,5.9,57.3,loamy,kharif,rainfed,Rajasthan
groundnut,cash,13.0,83.0,45.0,23.4,79.2,7.33,113.1,red,rabi,irrigated,Karnataka
cowpea,pulse,31.0,47.0,20.0,28.8,61.2,7.04,92.8,sandy,zaid,rainfed,Rajasthan
okra,vegetable,28.0,53.0,37.0,35.2,64.9,6.39,112.0,alluvial,kharif,rainfed,West Bengal
coconut,plantation,29.0,20.0,71.0,27.4,82.1,5.79,135.2,laterite,kharif,rainfed,Karnataka
banana,horticulture,83.0,56.0,122.0,21.5,74.4,6.29,156.3,loamy,kharif,irrigated,Gujarat
tomato,vegetable,71.0,43.0,82.0,17.0,75.4,6.36,92.6,red,kharif,rainfed,Odisha
bajra,millet,32.0,24.0,26.0,27.6,49.9,6.51,67.9,red,kharif,irrigated,Rajasthan
coffee,plantation,65.0,41.0,28.0,19.9,89.3,6.65,207.8,laterite,kharif,rainfed,Andhra Pradesh
castor,oilseed,65.0,48.0,32.0,25.5,54.0,6.52,49.3,alluvial,kharif,rainfed,Tamil Nadu
pepper,spice,31.0,23.0,102.0,27.5,78.7,6.42,303.2,laterite,kharif,rainfed,Assam
tomato,vegetable,48.0,72.0,77.0,19.5,80.5,6.25,124.3,loamy,rabi,irrigated,Madhya Pradesh
cashew,plantation,10.0,25.0,31.0,32.4,80.1,5.0,201.1,laterite,kharif,rainfed,Maharashtra
groundnut,cash,13.0,83.0,62.0,35.1,76.6,6.86,63.3,sandy,kharif,irrigated,Gujarat
groundnut,cash,18.0,74.0,55.0,29.9,70.7,6.08,100.3,sandy,kharif,irrigated,Andhra Pradesh
pigeonpeas,pulse,29.0,48.0,52.0,22.3,71.5,6.51,116.1,red,kharif,irrigated,Madhya Pradesh
tapioca,horticulture,106.0,39.0,126.0,35.6,60.7,6.35,182.2,loamy,kharif,rainfed,Andhra Pradesh
ginger,spice,58.0,52.0,52.0,20.8,77.2,7.18,147.0,loamy,kharif,rainfed,Arunachal Pradesh
potato,vegetable,79.0,56.0,102.0,15.1,73.1,5.09,89.7,sandy,rabi,rainfed,Uttar Pradesh
groundnut,cash,21.0,66.0,47.0,28.7,76.4,6.49,100.6,sandy,rabi,irrigated,Tamil Nadu
cowpea,pulse,25.0,36.0,23.0,24.9,65.2,6.77,106.5,sandy,zaid,rainfed,Andhra Pradesh
castor,oilseed,28.0,41.0,31.0,40.1,71.0,7.49,56.3,loamy,kharif,irrigated,Rajasthan
okra,vegetable,58.0,51.0,40.0,32.1,77.3,6.91,120.4,sandy,zaid,rainfed,Bihar
potato,vegetable,91.0,84.0,93.0,9.6,81.5,5.81,131.1,sandy,rabi,rainfed,Bihar
cowpea,pulse,28.0,52.0,36.0,32.0,85.1,6.64,93.6,sandy,kharif,irrigated,Karnataka
coriander,spice,54.0,36.0,34.0,30.1,66.4,6.24,75.0,sandy,rabi,rainfed,Gujarat
pepper,spice,32.0,32.0,78.0,30.6,91.0,6.02,293.4,red,kharif,irrigated,Assam
ragi,millet,67.0,45.0,33.0,19.2,75.1,6.43,75.4,loamy,kharif,rainfed,Uttarakhand
rubber,plantation,27.0,25.0,28.0,22.0,98.9,4.67,362.0,alluvial,kharif,rainfed,Assam
rice,cereal,91.0,40.0,56.0,19.5,91.4,6.71,212.6,clay,kharif,rainfed,Punjab
lentil,pulse,17.0,51.0,29.0,25.9,49.8,6.06,72.4,black,rabi,rainfed,Uttar Pradesh
sesame,oilseed,23.0,47.0,35.0,37.2,63.2,5.95,43.0,red,kharif,irrigated,Andhra Pradesh
ragi,millet,78.0,44.0,38.0,18.3,72.2,6.06,96.1,loamy,kharif,rainfed,Andhra Pradesh
sugarcane,cash,122.0,67.0,111.0,29.0,89.0,7.01,215.8,alluvial,kharif,rainfed,Karnataka
greengram,pulse,32.0,28.0,32.0,24.0,56.6,6.72,71.6,alluvial,zaid,irrigated,Andhra Pradesh
onion,vegetable,45.0,58.0,53.0,23.4,67.2,6.43,107.3,loamy,kharif,rainfed,Madhya Pradesh
arecanut,plantation,42.0,18.0,101.0,27.9,79.2,7.37,188.0,loamy,kharif,rainfed,Assam
guava,horticulture,34.0,33.0,53.0,22.2,74.0,5.41,97.0,laterite,kharif,rainfed,Allahabad
cabbage,vegetable,94.0,67.0,59.0,20.4,90.0,7.25,124.5,alluvial,rabi,irrigated,Assam
arecanut,plantation,31.0,16.0,79.0,23.6,65.1,6.56,242.9,loamy,kharif,rainfed,Kerala
papaya,horticulture,54.0,53.0,74.0,23.2,61.6,7.24,137.0,loamy,kharif,rainfed,Karnataka
guava,horticulture,39.0,26.0,46.0,20.3,51.7,6.79,132.7,sandy,kharif,irrigated,Maharashtra
onion,vegetable,62.0,54.0,49.0,29.8,73.2,6.21,89.4,alluvial,rabi,rainfed,Rajasthan
soybean,oilseed,53.0,70.0,48.0,25.1,77.0,7.18,119.4,alluvial,kharif,rainfed,Madhya Pradesh
mango,horticulture,34.0,25.0,72.0,38.6,70.8,6.7,72.5,alluvial,kharif,rainfed,Uttar Pradesh
ginger,spice,48.0,51.0,89.0,32.2,72.9,6.12,163.9,alluvial,kharif,rainfed,Arunachal Pradesh
jasmine,flower,63.0,44.0,45.0,24.0,82.4,6.76,99.0,loamy,kharif,irrigated,Karnataka
sapota,horticulture,33.0,30.0,42.0,20.7,64.4,7.95,172.1,loamy,kharif,irrigated,Karnataka
maize,cereal,58.0,53.0,71.0,33.0,74.7,6.14,92.1,loamy,kharif,irrigated,Madhya Pradesh
groundnut,cash,21.0,69.0,72.0,34.5,63.2,7.43,119.5,red,rabi,rainfed,Andhra Pradesh
potato,vegetable,104.0,69.0,103.0,14.0,75.6,6.31,121.1,alluvial,rabi,irrigated,Gujarat
cowpea,pulse,15.0,36.0,32.0,30.0,61.4,7.48,87.2,red,kharif,irrigated,Tamil Nadu
papaya,horticulture,49.0,34.0,62.0,25.6,77.2,7.47,104.1,loamy,kharif,rainfed,Maharashtra
tobacco,cash,61.0,32.0,34.0,23.0,51.3,6.9,55.6,alluvial,rabi,rainfed,Andhra Pradesh
tea,plantation,41.0,31.0,26.0,25.3,90.2,5.62,317.9,laterite,kharif,rainfed,Tamil Nadu
orange,horticulture,22.0,25.0,26.0,19.5,78.0,6.81,150.3,laterite,rabi,irrigated,Nagpur
muskmelon,horticulture,61.0,28.0,68.0,25.3,75.0,7.26,61.6,loamy,zaid,irrigated,Haryana
mango,horticulture,29.0,21.0,45.0,33.4,39.5,6.68,150.1,alluvial,kharif,irrigated,Bihar
cabbage,vegetable,77.0,37.0,86.0,17.9,74.1,6.56,128.8,clay,rabi,irrigated,Odisha
okra,vegetable,44.0,30.0,32.0,24.9,67.3,6.36,88.7,loamy,kharif,rainfed,West Bengal
mothbeans,pulse,18.0,32.0,26.0,35.1,33.6,8.04,20.6,sandy,kharif,rainfed,Maharashtra
groundnut,cash,13.0,47.0,72.0,28.3,80.8,6.57,101.3,sandy,kharif,irrigated,Tamil Nadu
jowar,millet,44.0,23.0,51.0,30.8,51.1,7.6,93.4,red,kharif,irrigated,Maharashtra
watermelon,horticulture,39.0,58.0,55.0,34.9,60.8,6.38,38.3,red,zaid,rainfed,Karnataka
coconut,plantation,36.0,31.0,63.0,30.1,87.3,5.77,197.7,laterite,kharif,rainfed,Tamil Nadu
coriander,spice,48.0,37.0,48.0,21.3,42.6,6.39,60.0,loamy,rabi,irrigated,Rajasthan
sugarcane,cash,105.0,78.0,92.0,21.7,73.3,7.63,154.1,loamy,kharif,rainfed,Maharashtra
arecanut,plantation,31.0,29.0,87.0,32.7,81.3,6.72,266.7,laterite,kharif,irrigated,Karnataka
maize,cereal,63.0,36.0,47.0,19.3,68.4,6.07,88.6,red,kharif,rainfed,Madhya Pradesh
arecanut,plantation,23.0,26.0,60.0,23.7,83.0,6.3,194.9,loamy,kharif,rainfed,Assam
rose,flower,73.0,66.0,51.0,19.5,68.0,6.75,82.7,alluvial,rabi,rainfed,West Bengal
blackgram,pulse,39.0,36.0,33.0,30.3,83.5,6.34,97.0,alluvial,rabi,rainfed,Maharashtra
cowpea,pulse,28.0,51.0,24.0,23.8,76.5,5.55,89.1,loamy,kharif,irrigated,Maharashtra
coriander,spice,40.0,47.0,49.0,30.1,59.9,6.46,60.1,loamy,rabi,rainfed,Andhra Pradesh
banana,horticulture,123.0,64.0,99.0,21.4,93.3,5.96,234.2,red,kharif,rainfed,Karnataka
sugarcane,cash,103.0,56.0,79.0,35.4,75.4,6.08,109.4,black,kharif,rainfed,Uttar Pradesh
rose,flower,69.0,72.0,58.0,20.4,66.0,5.53,122.1,loamy,rabi,rainfed,Maharashtra
ragi,millet,87.0,38.0,53.0,24.0,61.1,6.82,87.7,loamy,kharif,rainfed,Karnataka
tea,plantation,30.0,17.0,27.0,16.3,81.4,4.99,375.8,loamy,kharif,irrigated,West Bengal
kidneybeans,pulse,37.0,59.0,52.0,20.6,59.9,6.23,90.3,alluvial,kharif,irrigated,Karnataka
jowar,millet,79.0,20.0,30.0,29.4,44.5,7.22,58.8,black,rabi,rainfed,Andhra Pradesh
jowar,millet,57.0,37.0,34.0,23.9,42.0,7.05,105.6,black,kharif,rainfed,Madhya Pradesh
onion,vegetable,41.0,52.0,37.0,14.0,55.3,6.67,107.6,black,kharif,rainfed,Rajasthan
bajra,millet,47.0,23.0,28.0,37.5,40.6,6.27,52.7,red,kharif,rainfed,Maharashtra
tomato,vegetable,50.0,48.0,62.0,27.1,62.1,7.26,76.5,alluvial,rabi,irrigated,Madhya Pradesh
apple,horticulture,42.0,36.0,24.0,14.0,82.2,5.83,173.5,loamy,rabi,rainfed,Arunachal Pradesh
grapes,horticulture,28.0,29.0,62.0,25.9,62.9,7.51,48.3,loamy,rabi,irrigated,Andhra Pradesh
mango,horticulture,22.0,19.0,53.0,21.3,58.8,6.15,147.5,alluvial,kharif,rainfed,Tamil Nadu
tea,plantation,22.0,29.0,26.0,11.4,80.7,5.59,197.2,red,kharif,irrigated,Karnataka
potato,vegetable,113.0,68.0,109.0,21.0,85.2,5.03,122.2,alluvial,rabi,rainfed,Punjab
sunflower,oilseed,97.0,74.0,56.0,26.8,78.5,7.96,72.5,black,rabi,irrigated,Bihar
coffee,plantation,77.0,26.0,62.0,18.5,64.2,6.57,116.3,red,kharif,rainfed,Tamil Nadu
jute,cash,84.0,47.0,61.0,30.9,82.0,6.53,246.1,loamy,kharif,rainfed,Bihar
sunflower,oilseed,108.0,74.0,76.0,29.3,77.5,6.51,80.5,loamy,kharif,rainfed,Orissa
cotton,cash,76.0,37.0,63.0,21.9,64.9,7.36,109.2,loamy,kharif,rainfed,Rajasthan
greengram,pulse,35.0,52.0,31.0,36.6,75.1,7.04,79.8,alluvial,zaid,irrigated,Andhra Pradesh
coconut,plantation,40.0,16.0,56.0,26.1,71.0,6.86,129.0,loamy,kharif,irrigated,Tamil Nadu
guava,horticulture,36.0,42.0,48.0,34.6,68.4,6.79,131.9,loamy,kharif,irrigated,Maharashtra
maize,cereal,101.0,51.0,55.0,17.4,57.5,6.89,122.1,loamy,kharif,irrigated,Andhra Pradesh
chilli,spice,82.0,58.0,83.0,19.2,75.0,6.8,129.5,black,rabi,irrigated,Karnataka
sugarcane,cash,160.0,75.0,90.0,23.1,71.6,7.21,185.2,black,kharif,irrigated,Uttar Pradesh
ragi,millet,85.0,27.0,39.0,29.1,80.2,6.43,88.0,loamy,kharif,rainfed,Uttarakhand
pepper,spice,46.0,35.0,105.0,22.8,77.4,6.34,357.7,red,kharif,rainfed,Karnataka
apple,horticulture,35.0,32.0,27.0,12.7,66.5,5.85,147.7,loamy,rabi,irrigated,Arunachal Pradesh
lentil,pulse,33.0,38.0,37.0,25.8,43.2,6.99,66.3,alluvial,rabi,irrigated,Madhya Pradesh
pineapple,horticulture,57.0,19.0,54.0,22.4,93.3,4.78,215.9,sandy,kharif,irrigated,Assam
greengram,pulse,14.0,35.0,23.0,28.1,62.4,6.33,103.2,red,zaid,rainfed,Karnataka
pepper,spice,54.0,28.0,64.0,29.2,87.1,5.93,346.8,laterite,kharif,irrigated,Assam
turmeric,spice,65.0,44.0,59.0,32.6,68.9,5.52,190.4,loamy,kharif,rainfed,Karnataka
mustard,oilseed,96.0,56.0,46.0,15.1,58.0,6.34,63.1,sandy,rabi,irrigated,West Bengal
sunflower,oilseed,80.0,77.0,63.0,25.9,80.9,6.13,73.1,black,rabi,irrigated,Bihar
coconut,plantation,30.0,21.0,49.0,22.5,95.2,7.38,236.4,sandy,kharif,irrigated,Kerala
arecanut,plantation,31.0,29.0,81.0,23.9,65.2,6.74,246.8,alluvial,kharif,rainfed,West Bengal
brinjal,vegetable,48.0,58.0,49.0,28.1,73.0,7.14,57.9,loamy,rabi,rainfed,Odisha
ragi,millet,62.0,40.0,50.0,25.1,67.5,6.83,113.3,red,kharif,irrigated,Tamil Nadu
sunflower,oilseed,65.0,81.0,51.0,16.7,57.8,7.86,86.1,loamy,kharif,rainfed,Bihar
sunflower,oilseed,97.0,82.0,53.0,18.8,70.3,6.03,67.2,loamy,rabi,irrigated,Maharashtra
banana,horticulture,116.0,54.0,87.0,40.5,71.5,7.34,163.7,red,kharif,irrigated,Karnataka
cauliflower,vegetable,77.0,55.0,51.0,18.1,78.3,6.24,113.9,loamy,rabi,rainfed,Odisha
sapota,horticulture,28.0,16.0,54.0,20.2,86.3,7.21,171.9,alluvial,kharif,rainfed,Karnataka
tea,plantation,22.0,21.0,23.0,13.9,76.6,5.61,330.1,loamy,kharif,rainfed,Tamil Nadu
jasmine,flower,59.0,54.0,55.0,32.4,80.7,6.28,148.0,alluvial,kharif,rainfed,Tamil Nadu
cabbage,vegetable,120.0,41.0,48.0,23.2,67.1,7.23,135.5,alluvial,rabi,rainfed,Odisha
okra,vegetable,43.0,42.0,44.0,36.8,56.2,6.11,64.4,sandy,zaid,rainfed,Bihar
chilli,spice,62.0,65.0,68.0,29.3,66.1,6.43,74.7,black,kharif,irrigated,Maharashtra
potato,vegetable,76.0,77.0,125.0,13.9,60.2,5.43,139.0,loamy,rabi,rainfed,West Bengal
brinjal,vegetable,42.0,35.0,64.0,37.3,78.7,6.23,124.8,sandy,rabi,rainfed,Gujarat
castor,oilseed,55.0,29.0,29.0,34.4,47.5,7.53,105.0,loamy,kharif,irrigated,Andhra Pradesh
okra,vegetable,51.0,45.0,50.0,33.6,81.6,6.83,105.1,sandy,zaid,irrigated,Bihar
ragi,millet,83.0,30.0,54.0,30.8,72.5,5.6,66.7,red,kharif,irrigated,Uttarakhand
pomegranate,horticulture,22.0,18.0,35.0,24.4,50.3,8.36,58.6,sandy,kharif,irrigated,Gujarat
orange,horticulture,29.0,14.0,32.0,28.5,80.3,5.72,130.5,laterite,rabi,irrigated,Nagpur
cotton,cash,70.0,29.0,37.0,27.9,52.8,7.78,59.6,alluvial,kharif,rainfed,Haryana
pepper,spice,29.0,40.0,101.0,29.2,86.2,5.51,232.0,red,kharif,rainfed,Tamil Nadu
grapes,horticulture,43.0,33.0,47.0,20.5,56.8,7.59,54.2,loamy,rabi,rainfed,Andhra Pradesh
mothbeans,pulse,11.0,42.0,30.0,35.9,25.3,7.41,25.8,sandy,kharif,rainfed,Rajasthan
tea,plantation,35.0,20.0,13.0,24.8,81.4,5.16,175.1,loamy,kharif,irrigated,Tamil Nadu
groundnut,cash,14.0,81.0,67.0,35.5,59.4,6.75,77.9,red,rabi,rainfed,Karnataka
apple,horticulture,29.0,39.0,36.0,17.6,68.7,5.56,182.3,loamy,rabi,irrigated,Arunachal Pradesh
pineapple,horticulture,64.0,35.0,62.0,30.2,94.3,5.61,96.6,sandy,kharif,irrigated,Assam
wheat,cereal,148.0,50.0,61.0,11.5,56.6,7.18,82.5,loamy,rabi,rainfed,Haryana
castor,oilseed,44.0,31.0,58.0,35.9,67.6,8.43,62.0,loamy,kharif,rainfed,Karnataka
mustard,oilseed,70.0,45.0,43.0,16.6,69.3,7.21,59.0,loamy,rabi,irrigated,Uttar Pradesh
cowpea,pulse,21.0,53.0,37.0,24.3,63.1,5.68,68.2,red,zaid,rainfed,Maharashtra
grapes,horticulture,32.0,31.0,40.0,26.8,65.8,6.62,87.2,black,rabi,irrigated,Mizoram
apple,horticulture,36.0,34.0,20.0,6.4,87.0,6.37,197.7,alluvial,rabi,rainfed,Arunachal Pradesh
muskmelon,horticulture,60.0,25.0,52.0,26.0,73.4,6.03,53.3,loamy,zaid,rainfed,Uttar Pradesh
jasmine,flower,45.0,50.0,28.0,26.0,67.5,7.29,142.4,alluvial,kharif,rainfed,Karnataka
watermelon,horticulture,43.0,35.0,69.0,30.4,65.8,6.31,77.4,red,kharif,irrigated,Maharashtra
tomato,vegetable,72.0,41.0,53.0,25.3,77.6,6.4,107.4,red,kharif,rainfed,Maharashtra
pineapple,horticulture,59.0,42.0,61.0,36.9,84.0,5.39,202.5,loamy,kharif,rainfed,Manipur
coffee,plantation,72.0,21.0,52.0,28.6,90.6,6.09,197.0,red,kharif,rainfed,Odisha
tobacco,cash,33.0,30.0,28.0,21.0,68.8,6.33,101.8,loamy,rabi,rainfed,Bihar
cashew,plantation,12.0,14.0,32.0,22.5,54.1,5.93,131.7,sandy,kharif,rainfed,Maharashtra
rice,cereal,93.0,33.0,31.0,32.8,82.3,6.39,143.9,loamy,kharif,rainfed,West Bengal
jute,cash,68.0,37.0,59.0,27.3,94.9,6.35,211.0,alluvial,kharif,irrigated,Meghalaya
coffee,plantation,54.0,41.0,65.0,19.7,83.3,6.25,94.0,laterite,kharif,rainfed,Tamil Nadu
pepper,spice,55.0,36.0,83.0,25.1,84.4,5.96,325.1,red,kharif,irrigated,Kerala
sugarcane,cash,156.0,49.0,114.0,36.5,92.9,7.09,204.4,loamy,kharif,rainfed,Andhra Pradesh
arecanut,plantation,23.0,29.0,85.0,26.8,66.7,6.67,212.4,alluvial,kharif,rainfed,Assam
cocoa,plantation,20.0,30.0,41.0,26.0,73.0,6.63,246.8,alluvial,kharif,irrigated,Kerala
sapota,horticulture,28.0,30.0,47.0,38.5,77.9,6.82,160.5,laterite,kharif,rainfed,Tamil Nadu
mustard,oilseed,101.0,51.0,40.0,14.2,68.0,6.63,75.3,alluvial,rabi,rainfed,West Bengal
mango,horticulture,36.0,28.0,53.0,23.8,54.4,6.05,134.3,alluvial,kharif,irrigated,Uttar Pradesh
bajra,millet,49.0,32.0,42.0,40.3,42.2,7.15,62.1,loamy,kharif,rainfed,Uttar Pradesh
onion,vegetable,63.0,39.0,74.0,13.0,59.5,6.3,60.5,loamy,rabi,irrigated,Karnataka
kidneybeans,pulse,33.0,86.0,47.0,22.7,80.0,7.04,76.3,loamy,kharif,rainfed,Uttarakhand
pomegranate,horticulture,42.0,23.0,30.0,26.0,38.1,6.57,70.3,sandy,kharif,rainfed,Rajasthan
banana,horticulture,128.0,80.0,117.0,25.9,73.9,6.87,221.7,alluvial,kharif,rainfed,Tamil Nadu
horsegram,pulse,14.0,30.0,26.0,22.7,50.9,6.6,76.5,loamy,rabi,irrigated,Karnataka
sunflower,oilseed,83.0,69.0,70.0,29.1,78.8,7.15,81.7,alluvial,kharif,rainfed,Maharashtra
okra,vegetable,33.0,46.0,36.0,34.0,79.8,6.3,91.6,alluvial,zaid,rainfed,Gujarat
jute,cash,72.0,46.0,40.0,30.6,76.3,6.56,145.4,loamy,kharif,irrigated,Odisha
apple,horticulture,34.0,36.0,37.0,16.1,68.3,6.91,197.3,loamy,rabi,irrigated,Uttarakhand
horsegram,pulse,18.0,27.0,30.0,27.1,45.8,7.48,69.4,loamy,rabi,rainfed,Tamil Nadu
jute,cash,90.0,33.0,52.0,28.4,70.9,6.9,166.7,loamy,kharif,rainfed,Assam
pomegranate,horticulture,39.0,20.0,26.0,40.2,49.4,8.02,70.6,sandy,kharif,rainfed,Maharashtra
sunflower,oilseed,56.0,75.0,85.0,16.7,76.0,6.64,53.8,black,kharif,rainfed,Orissa
tea,plantation,30.0,25.0,32.0,25.9,93.8,5.03,299.2,loamy,kharif,rainfed,Karnataka
bajra,millet,37.0,31.0,32.0,31.2,46.4,6.57,50.3,red,kharif,rainfed,Maharashtra
grapes,horticulture,39.0,28.0,39.0,20.3,74.6,7.57,90.1,black,rabi,rainfed,Andhra Pradesh
turmeric,spice,83.0,63.0,103.0,19.4,73.2,5.38,153.9,alluvial,kharif,irrigated,Odisha
orange,horticulture,42.0,31.0,21.0,18.3,70.0,5.75,155.6,loamy,rabi,rainfed,Rajasthan
potato,vegetable,87.0,56.0,115.0,21.5,65.3,5.03,81.1,loamy,rabi,irrigated,Bihar
coconut,plantation,34.0,21.0,53.0,35.9,69.8,7.15,231.4,sandy,kharif,irrigated,West Bengal
sunflower,oilseed,61.0,66.0,66.0,26.3,64.2,6.11,102.8,alluvial,rabi,irrigated,Maharashtra
watermelon,horticulture,55.0,31.0,74.0,31.5,59.3,6.43,48.0,sandy,kharif,irrigated,Karnataka
turmeric,spice,63.0,50.0,89.0,19.4,82.9,6.79,111.4,alluvial,kharif,rainfed,Telangana
coconut,plantation,23.0,19.0,67.0,31.2,86.2,7.46,194.6,loamy,kharif,rainfed,Karnataka
horsegram,pulse,20.0,40.0,16.0,30.0,66.3,7.11,69.2,red,rabi,irrigated,Tamil Nadu
orange,horticulture,19.0,30.0,25.0,25.4,61.3,6.74,98.7,loamy,rabi,rainfed,Rajasthan
pineapple,horticulture,41.0,38.0,29.0,23.2,69.4,6.37,185.6,sandy,kharif,irrigated,Kerala
barley,cereal,75.0,54.0,37.0,9.9,57.5,6.6,72.0,loamy,rabi,irrigated,Rajasthan
mothbeans,pulse,10.0,34.0,23.0,30.9,52.5,7.34,38.3,sandy,kharif,rainfed,Maharashtra
cowpea,pulse,15.0,33.0,26.0,37.7,60.3,6.77,86.5,red,kharif,rainfed,Karnataka
mustard,oilseed,64.0,53.0,32.0,11.8,66.6,7.07,73.4,loamy,rabi,rainfed,Haryana
okra,vegetable,53.0,46.0,56.0,38.1,84.3,7.23,96.7,alluvial,zaid,irrigated,Gujarat
rice,cereal,104.0,61.0,59.0,28.8,88.5,6.7,305.0,clay,kharif,irrigated,Tamil Nadu
tapioca,horticulture,70.0,50.0,115.0,19.5,60.2,7.24,105.2,laterite,kharif,rainfed,Maharashtra
greengram,pulse,25.0,37.0,37.0,36.1,62.2,6.42,77.4,alluvial,zaid,rainfed,Rajasthan
greengram,pulse,27.0,35.0,30.0,30.2,73.6,6.92,91.0,alluvial,zaid,rainfed,Madhya Pradesh
apple,horticulture,31.0,24.0,29.0,17.3,65.8,6.74,134.7,alluvial,rabi,rainfed,Jammu & Kashmir
orange,horticulture,42.0,31.0,21.0,30.1,50.7,5.86,100.6,alluvial,rabi,irrigated,Punjab
chickpea,pulse,24.0,48.0,50.0,26.8,40.2,7.07,85.9,black,rabi,irrigated,Rajasthan
groundnut,cash,10.0,59.0,38.0,32.0,72.8,6.99,95.5,sandy,kharif,rainfed,Andhra Pradesh
coffee,plantation,59.0,37.0,40.0,29.7,70.0,6.64,117.0,loamy,kharif,irrigated,Karnataka
soybean,oilseed,37.0,62.0,54.0,20.3,73.0,6.0,124.1,alluvial,kharif,rainfed,Uttar Pradesh
mango,horticulture,20.0,22.0,68.0,21.8,68.7,7.18,200.0,laterite,kharif,irrigated,Andhra Pradesh
horsegram,pulse,32.0,33.0,32.0,27.6,70.0,5.69,37.5,laterite,kharif,irrigated,Odisha
chickpea,pulse,34.0,46.0,55.0,26.8,51.6,7.75,43.5,black,rabi,irrigated,Madhya Pradesh
tobacco,cash,60.0,29.0,63.0,27.8,79.7,5.94,105.0,alluvial,rabi,irrigated,Karnataka
wheat,cereal,94.0,61.0,40.0,25.4,55.7,6.62,58.4,black,rabi,rainfed,Uttar Pradesh
cashew,plantation,19.0,27.0,28.0,40.7,76.5,6.57,121.6,laterite,kharif,rainfed,Kerala
apple,horticulture,29.0,36.0,39.0,18.0,74.7,6.94,96.9,loamy,rabi,irrigated,Jammu & Kashmir
potato,vegetable,101.0,76.0,100.0,18.6,64.1,5.08,155.5,sandy,rabi,rainfed,Punjab
sapota,horticulture,19.0,15.0,56.0,36.5,55.3,6.14,152.3,laterite,kharif,rainfed,Karnataka
groundnut,cash,13.0,61.0,74.0,34.7,76.6,6.81,79.0,loamy,kharif,rainfed,Andhra Pradesh
cauliflower,vegetable,74.0,41.0,64.0,12.2,90.9,6.21,126.6,alluvial,rabi,irrigated,Maharashtra
banana,horticulture,108.0,76.0,116.0,36.6,66.9,5.69,219.8,alluvial,kharif,rainfed,Karnataka
chickpea,pulse,35.0,51.0,36.0,19.4,61.9,7.53,71.0,loamy,rabi,rainfed,Rajasthan
watermelon,horticulture,71.0,58.0,54.0,35.5,58.4,7.22,53.8,red,kharif,rainfed,Andhra Pradesh
rose,flower,71.0,74.0,50.0,29.1,64.6,6.78,111.0,loamy,rabi,irrigated,Maharashtra
mango,horticulture,32.0,25.0,56.0,30.9,67.9,6.49,119.3,alluvial,kharif,rainfed,Bihar
sesame,oilseed,32.0,45.0,40.0,24.6,70.9,6.62,77.7,red,kharif,rainfed,West Bengal
tomato,vegetable,62.0,54.0,82.0,25.8,60.9,6.4,84.9,alluvial,kharif,rainfed,Odisha
brinjal,vegetable,50.0,58.0,37.0,34.1,56.8,5.52,69.2,sandy,kharif,irrigated,Bihar
potato,vegetable,76.0,62.0,123.0,19.5,77.8,5.48,143.8,alluvial,rabi,irrigated,Punjab
kidneybeans,pulse,40.0,76.0,48.0,15.0,75.4,6.51,103.2,alluvial,kharif,rainfed,Karnataka
brinjal,vegetable,70.0,29.0,46.0,27.5,58.5,6.1,110.7,loamy,rabi,irrigated,Odisha
coriander,spice,51.0,56.0,27.0,18.1,62.1,7.01,42.7,sandy,rabi,irrigated,Rajasthan
cashew,plantation,27.0,20.0,12.0,37.1,53.4,6.19,156.6,laterite,kharif,rainfed,Goa
cardamom,spice,37.0,25.0,31.0,14.3,71.0,5.07,217.5,laterite,kharif,rainfed,Sikkim
bajra,millet,49.0,28.0,47.0,35.8,49.0,8.23,59.0,sandy,kharif,rainfed,Rajasthan
mothbeans,pulse,12.0,26.0,15.0,26.3,29.0,8.32,34.0,loamy,kharif,irrigated,Rajasthan
coriander,spice,39.0,43.0,48.0,21.8,55.9,6.52,48.9,alluvial,rabi,rainfed,Andhra Pradesh
groundnut,cash,9.0,48.0,39.0,24.8,74.4,6.18,70.6,sandy,kharif,rainfed,Tamil Nadu
arecanut,plantation,30.0,24.0,81.0,22.0,90.6,7.36,151.4,loamy,kharif,rainfed,Kerala
blackgram,pulse,23.0,36.0,26.0,35.5,85.4,6.41,92.1,red,kharif,rainfed,Andhra Pradesh
rice,cereal,93.0,32.0,56.0,35.2,91.5,5.5,299.7,loamy,kharif,irrigated,Odisha
cotton,cash,87.0,41.0,46.0,36.9,55.6,7.79,111.5,black,kharif,rainfed,Andhra Pradesh
okra,vegetable,49.0,31.0,42.0,33.2,70.9,6.67,60.7,alluvial,kharif,irrigated,Gujarat
coffee,plantation,77.0,25.0,65.0,25.4,72.1,6.16,210.0,loamy,kharif,rainfed,Karnataka
coriander,spice,36.0,44.0,26.0,25.0,48.2,7.2,59.9,loamy,rabi,irrigated,Andhra Pradesh
rose,flower,51.0,37.0,68.0,19.2,60.3,6.76,121.4,loamy,rabi,rainfed,West Bengal
castor,oilseed,35.0,35.0,54.0,33.6,74.0,7.44,74.5,sandy,kharif,rainfed,Rajasthan
wheat,cereal,144.0,64.0,52.0,14.7,69.9,6.7,97.8,alluvial,rabi,irrigated,Rajasthan
maize,cereal,87.0,52.0,50.0,24.7,75.2,6.29,121.4,alluvial,kharif,irrigated,Karnataka
grapes,horticulture,22.0,38.0,42.0,24.0,78.5,8.0,87.9,loamy,rabi,rainfed,Karnataka
cashew,plantation,19.0,11.0,31.0,31.2,65.6,6.15,105.2,laterite,kharif,rainfed,Goa
watermelon,horticulture,75.0,45.0,51.0,32.5,80.9,6.33,52.0,red,kharif,rainfed,Rajasthan
guava,horticulture,48.0,27.0,33.0,36.4,54.9,5.28,122.1,loamy,kharif,rainfed,Maharashtra
castor,oilseed,43.0,30.0,34.0,34.6,46.3,6.16,56.3,sandy,kharif,rainfed,Tamil Nadu
tapioca,horticulture,58.0,40.0,89.0,19.6,83.5,5.6,184.1,loamy,kharif,rainfed,Kerala
muskmelon,horticulture,35.0,45.0,56.0,24.3,71.6,6.43,66.7,loamy,zaid,rainfed,Haryana
tapioca,horticulture,92.0,32.0,88.0,37.5,61.3,7.34,191.5,red,kharif,rainfed,Kerala
blackgram,pulse,43.0,30.0,39.0,26.2,68.3,6.45,85.5,alluvial,kharif,rainfed,Uttar Pradesh
cocoa,plantation,29.0,29.0,54.0,37.3,96.6,6.23,185.6,laterite,kharif,rainfed,Kerala
rice,cereal,117.0,31.0,48.0,28.2,68.7,6.02,150.8,alluvial,kharif,rainfed,Odisha
greengram,pulse,29.0,31.0,24.0,26.8,65.8,6.53,57.7,loamy,kharif,rainfed,Maharashtra
mustard,oilseed,102.0,45.0,33.0,19.2,57.3,7.3,58.4,loamy,rabi,rainfed,Uttar Pradesh
turmeric,spice,52.0,67.0,83.0,19.3,81.5,6.69,144.8,loamy,kharif,rainfed,Karnataka
coffee,plantation,54.0,26.0,49.0,25.6,77.8,6.96,209.4,laterite,kharif,irrigated,Kerala
maize,cereal,70.0,46.0,50.0,24.5,63.2,6.22,70.2,alluvial,rabi,irrigated,Andhra Pradesh
tobacco,cash,50.0,56.0,31.0,19.7,53.6,7.06,104.9,alluvial,rabi,rainfed,Andhra Pradesh
ragi,millet,55.0,42.0,41.0,15.8,75.1,6.04,89.3,laterite,kharif,rainfed,Uttarakhand
bajra,millet,45.0,34.0,41.0,31.6,41.0,8.22,37.4,sandy,kharif,rainfed,Uttar Pradesh
coriander,spice,41.0,54.0,38.0,23.4,56.9,6.01,64.4,alluvial,rabi,rainfed,Madhya Pradesh
groundnut,cash,16.0,68.0,63.0,26.5,69.6,6.81,113.5,red,rabi,rainfed,Karnataka
bajra,millet,33.0,26.0,37.0,23.9,57.3,8.1,56.0,loamy,kharif,rainfed,Maharashtra
brinjal,vegetable,69.0,64.0,70.0,21.6,82.2,7.34,95.1,sandy,rabi,rainfed,Andhra Pradesh
coffee,plantation,73.0,33.0,32.0,26.3,85.9,6.26,159.2,red,kharif,irrigated,Andhra Pradesh
kidneybeans,pulse,33.0,72.0,28.0,26.1,80.7,7.18,123.9,loamy,kharif,rainfed,Jammu & Kashmir
ragi,millet,62.0,36.0,59.0,20.4,59.2,6.34,93.9,laterite,kharif,rainfed,Odisha
chickpea,pulse,36.0,45.0,36.0,21.5,55.3,6.94,77.2,alluvial,rabi,irrigated,Uttar Pradesh
cauliflower,vegetable,107.0,69.0,55.0,20.0,74.9,7.05,86.5,alluvial,rabi,rainfed,Uttar Pradesh
pigeonpeas,pulse,25.0,59.0,34.0,27.1,54.0,6.26,120.0,alluvial,kharif,rainfed,Maharashtra
tea,plantation,21.0,16.0,29.0,24.0,97.2,5.96,313.7,laterite,kharif,irrigated,West Bengal
marigold,flower,66.0,67.0,37.0,14.3,55.9,6.36,94.8,alluvial,kharif,rainfed,Tamil Nadu
arecanut,plantation,25.0,20.0,78.0,23.4,69.4,6.14,236.1,alluvial,kharif,rainfed,Karnataka
groundnut,cash,12.0,71.0,41.0,33.0,66.2,6.87,124.1,red,rabi,irrigated,Tamil Nadu
cowpea,pulse,15.0,39.0,29.0,26.1,65.4,5.97,101.2,loamy,zaid,rainfed,Rajasthan
onion,vegetable,51.0,31.0,49.0,25.0,50.7,6.95,80.3,black,rabi,rainfed,Rajasthan
mustard,oilseed,65.0,62.0,35.0,11.9,55.1,7.54,31.3,sandy,rabi,irrigated,Uttar Pradesh
jasmine,flower,48.0,30.0,43.0,32.8,79.0,6.9,127.8,loamy,kharif,rainfed,Andhra Pradesh
castor,oilseed,28.0,26.0,52.0,39.0,58.5,7.92,55.6,loamy,kharif,irrigated,Gujarat
sugarcane,cash,102.0,64.0,122.0,22.0,77.8,6.33,100.3,alluvial,kharif,irrigated,Karnataka
pomegranate,horticulture,38.0,24.0,20.0,34.5,32.9,7.1,75.6,alluvial,kharif,rainfed,Maharashtra
arecanut,plantation,29.0,32.0,71.0,23.7,83.6,6.02,218.0,laterite,kharif,irrigated,Assam
greengram,pulse,34.0,30.0,32.0,30.5,60.4,6.18,66.0,loamy,kharif,rainfed,Madhya Pradesh
chilli,spice,72.0,46.0,59.0,31.2,67.6,6.54,85.2,alluvial,rabi,rainfed,Andhra Pradesh
ginger,spice,69.0,34.0,75.0,18.6,72.2,6.69,171.6,loamy,kharif,rainfed,Odisha
muskmelon,horticulture,58.0,42.0,42.0,25.5,78.3,6.36,44.4,loamy,zaid,irrigated,Uttar Pradesh
pomegranate,horticulture,22.0,16.0,37.0,20.0,33.5,8.49,79.2,alluvial,kharif,irrigated,Maharashtra
coffee,plantation,59.0,38.0,41.0,27.4,77.0,6.24,149.4,red,kharif,rainfed,Andhra Pradesh
tea,plantation,24.0,30.0,16.0,10.4,74.1,4.67,188.6,loamy,kharif,irrigated,Tamil Nadu
cocoa,plantation,28.0,32.0,44.0,29.9,91.8,7.15,264.7,loamy,kharif,rainfed,Kerala
jowar,millet,74.0,33.0,41.0,32.4,42.3,7.18,41.2,black,rabi,rainfed,Madhya Pradesh
watermelon,horticulture,43.0,45.0,46.0,35.0,53.4,6.95,60.5,loamy,kharif,irrigated,Tamil Nadu
jasmine,flower,33.0,54.0,57.0,33.7,73.2,7.26,119.0,alluvial,kharif,rainfed,Karnataka
mango,horticulture,39.0,31.0,74.0,27.9,43.8,5.58,172.0,loamy,kharif,irrigated,Andhra Pradesh
okra,vegetable,36.0,35.0,52.0,37.0,58.1,6.64,121.7,sandy,zaid,rainfed,Andhra Pradesh
chilli,spice,66.0,38.0,76.0,23.5,75.5,6.64,96.2,loamy,rabi,irrigated,Karnataka
arecanut,plantation,29.0,29.0,77.0,22.2,85.9,7.21,206.5,loamy,kharif,irrigated,Kerala
pineapple,horticulture,43.0,41.0,58.0,36.9,90.2,5.3,158.3,sandy,kharif,rainfed,Kerala
cowpea,pulse,19.0,48.0,29.0,23.5,57.3,5.67,102.3,red,kharif,rainfed,Tamil Nadu
arecanut,plantation,40.0,21.0,101.0,22.7,88.8,7.17,240.8,laterite,kharif,rainfed,Assam
cabbage,vegetable,124.0,50.0,86.0,22.3,90.3,7.17,134.2,alluvial,rabi,irrigated,Odisha
sapota,horticulture,35.0,34.0,42.0,34.3,72.4,6.35,97.0,loamy,kharif,irrigated,Tamil Nadu
tobacco,cash,30.0,58.0,49.0,27.7,70.2,6.3,77.8,sandy,rabi,irrigated,Karnataka
jasmine,flower,42.0,44.0,33.0,25.6,60.0,7.33,150.5,sandy,kharif,rainfed,Tamil Nadu
cocoa,plantation,24.0,39.0,45.0,23.0,84.5,6.7,267.4,alluvial,kharif,rainfed,Karnataka
castor,oilseed,29.0,25.0,31.0,28.8,47.8,7.25,53.6,loamy,kharif,rainfed,Karnataka
chilli,spice,86.0,74.0,61.0,22.3,58.5,5.7,79.0,loamy,kharif,irrigated,Karnataka
coriander,spice,37.0,47.0,41.0,15.3,39.6,6.32,64.0,sandy,rabi,irrigated,Madhya Pradesh
marigold,flower,48.0,40.0,63.0,17.1,65.8,6.75,115.9,loamy,kharif,rainfed,Karnataka
rice,cereal,97.0,49.0,44.0,29.4,66.4,6.94,156.5,alluvial,kharif,rainfed,Odisha
grapes,horticulture,28.0,39.0,55.0,29.1,59.6,6.74,101.6,black,rabi,irrigated,Maharashtra
banana,horticulture,82.0,68.0,95.0,32.9,72.0,6.05,200.3,alluvial,kharif,rainfed,Maharashtra
maize,cereal,65.0,48.0,38.0,29.6,84.6,5.81,114.5,loamy,kharif,rainfed,Bihar
bajra,millet,32.0,24.0,24.0,27.7,37.6,7.76,67.5,red,kharif,rainfed,Uttar Pradesh
mustard,oilseed,58.0,38.0,44.0,9.6,65.0,7.73,68.8,sandy,rabi,rainfed,Rajasthan
pomegranate,horticulture,32.0,30.0,35.0,41.0,51.4,6.55,86.2,loamy,kharif,rainfed,Karnataka
cauliflower,vegetable,112.0,57.0,77.0,9.1,78.0,6.01,86.4,loamy,rabi,rainfed,Bihar
horsegram,pulse,10.0,35.0,15.0,31.8,51.2,6.69,37.2,red,kharif,irrigated,Tamil Nadu
cowpea,pulse,23.0,28.0,31.0,24.4,78.6,6.75,59.5,loamy,kharif,rainfed,Tamil Nadu
pomegranate,horticulture,28.0,19.0,15.0,23.5,44.2,6.73,67.9,alluvial,kharif,rainfed,Gujarat
wheat,cereal,139.0,52.0,49.0,15.4,63.4,6.96,72.3,loamy,rabi,rainfed,Madhya Pradesh
sapota,horticulture,24.0,15.0,57.0,18.9,64.0,6.58,156.6,loamy,kharif,irrigated,Gujarat
apple,horticulture,39.0,37.0,36.0,13.0,89.2,5.93,149.3,alluvial,rabi,rainfed,Himachal Pradesh
cauliflower,vegetable,100.0,53.0,55.0,23.4,84.1,6.19,74.3,loamy,rabi,rainfed,Odisha
jowar,millet,85.0,28.0,29.0,26.0,41.5,6.03,59.7,loamy,rabi,rainfed,Andhra Pradesh
banana,horticulture,107.0,48.0,124.0,24.6,78.8,6.35,138.5,loamy,kharif,irrigated,Maharashtra
cashew,plantation,21.0,23.0,22.0,41.0,62.9,5.16,139.8,sandy,kharif,rainfed,Tamil Nadu
ginger,spice,46.0,33.0,67.0,24.7,69.7,5.78,95.4,loamy,kharif,rainfed,Arunachal Pradesh
turmeric,spice,50.0,57.0,79.0,34.5,77.5,6.16,126.0,loamy,kharif,rainfed,Andhra Pradesh
rubber,plantation,26.0,27.0,25.0,20.4,99.2,5.6,317.2,loamy,kharif,rainfed,Assam
cashew,plantation,23.0,32.0,31.0,22.0,53.3,6.21,191.2,sandy,kharif,rainfed,Tamil Nadu
ginger,spice,37.0,55.0,61.0,23.0,73.1,7.27,178.8,loamy,kharif,rainfed,Odisha
marigold,flower,50.0,52.0,74.0,17.5,73.2,7.18,126.0,loamy,kharif,rainfed,Karnataka
mothbeans,pulse,14.0,27.0,14.0,35.9,38.1,8.17,26.3,loamy,kharif,rainfed,Haryana
bajra,millet,42.0,33.0,29.0,35.6,53.0,7.03,48.4,sandy,kharif,irrigated,Rajasthan
mango,horticulture,29.0,33.0,46.0,36.3,39.9,7.34,142.4,loamy,kharif,irrigated,Bihar
banana,horticulture,101.0,83.0,95.0,36.1,96.1,5.57,125.5,loamy,kharif,rainfed,Tamil Nadu
grapes,horticulture,38.0,32.0,57.0,23.3,58.7,7.86,99.2,red,rabi,rainfed,Karnataka
tea,plantation,41.0,16.0,19.0,15.0,81.9,5.73,327.9,red,kharif,rainfed,Karnataka
onion,vegetable,43.0,58.0,37.0,27.9,73.7,6.27,92.0,black,kharif,rainfed,Maharashtra
cotton,cash,69.0,29.0,42.0,26.6,80.5,6.25,96.6,alluvial,kharif,irrigated,Maharashtra
tobacco,cash,37.0,42.0,64.0,20.6,61.8,6.93,107.3,loamy,rabi,rainfed,Andhra Pradesh
brinjal,vegetable,45.0,44.0,64.0,23.4,68.0,6.52,87.1,loamy,kharif,rainfed,West Bengal
kidneybeans,pulse,37.0,73.0,31.0,28.0,65.9,7.03,119.7,alluvial,kharif,irrigated,Himachal Pradesh
coriander,spice,35.0,51.0,39.0,29.3,61.7,6.24,46.2,sandy,rabi,irrigated,Rajasthan
sesame,oilseed,26.0,26.0,39.0,23.0,68.6,5.94,82.8,red,kharif,irrigated,Andhra Pradesh
sugarcane,cash,95.0,64.0,74.0,25.3,96.8,7.87,172.4,loamy,kharif,irrigated,Tamil Nadu
guava,horticulture,46.0,42.0,57.0,19.4,61.3,5.09,124.0,laterite,kharif,rainfed,Allahabad
pigeonpeas,pulse,33.0,60.0,46.0,18.1,60.9,6.42,57.0,loamy,kharif,irrigated,Uttar Pradesh
jowar,millet,70.0,33.0,36.0,27.8,63.9,7.46,67.9,red,kharif,rainfed,Madhya Pradesh
sesame,oilseed,35.0,44.0,34.0,26.1,62.7,6.24,74.7,loamy,kharif,irrigated,Andhra Pradesh
sugarcane,cash,118.0,77.0,79.0,36.2,67.4,7.39,98.2,black,kharif,rainfed,Uttar Pradesh
mango,horticulture,24.0,26.0,49.0,29.8,44.4,6.75,70.8,laterite,kharif,rainfed,Tamil Nadu
lentil,pulse,26.0,44.0,28.0,16.3,46.4,7.37,70.2,black,rabi,rainfed,West Bengal
coriander,spice,50.0,33.0,42.0,23.8,66.2,6.9,60.6,sandy,rabi,rainfed,Andhra Pradesh
pepper,spice,39.0,37.0,69.0,22.0,97.3,6.36,217.8,red,kharif,rainfed,Tamil Nadu
wheat,cereal,147.0,72.0,41.0,26.4,49.7,7.45,66.6,loamy,rabi,rainfed,Madhya Pradesh
arecanut,plantation,40.0,26.0,73.0,22.2,67.0,6.01,248.3,loamy,kharif,rainfed,Tamil Nadu
papaya,horticulture,54.0,31.0,75.0,25.6,86.2,6.88,161.3,sandy,kharif,rainfed,Maharashtra
cauliflower,vegetable,81.0,67.0,57.0,20.3,67.8,6.08,155.4,loamy,rabi,rainfed,West Bengal
blackgram,pulse,24.0,31.0,38.0,27.9,78.5,6.58,94.7,red,rabi,rainfed,Uttar Pradesh
arecanut,plantation,41.0,16.0,62.0,23.3,91.2,6.56,172.1,loamy,kharif,irrigated,Assam
coconut,plantation,43.0,21.0,52.0,33.9,83.2,5.87,212.3,loamy,kharif,irrigated,Tamil Nadu
cauliflower,vegetable,122.0,66.0,86.0,21.9,76.8,6.45,95.0,loamy,rabi,irrigated,Maharashtra
ragi,millet,86.0,25.0,43.0,17.4,81.5,6.73,116.8,loamy,kharif,irrigated,Tamil Nadu
tea,plantation,24.0,16.0,26.0,21.8,78.8,5.84,162.5,loamy,kharif,irrigated,West Bengal
castor,oilseed,55.0,47.0,38.0,37.7,58.7,6.64,46.5,sandy,kharif,rainfed,Rajasthan
rubber,plantation,26.0,22.0,40.0,28.6,86.9,4.64,246.8,laterite,kharif,rainfed,Tripura
tea,plantation,25.0,19.0,26.0,23.3,83.7,4.66,207.4,laterite,kharif,irrigated,West Bengal
castor,oilseed,34.0,48.0,49.0,24.7,54.4,8.05,93.5,sandy,kharif,rainfed,Andhra Pradesh
arecanut,plantation,32.0,15.0,87.0,26.5,80.2,6.4,194.8,loamy,kharif,rainfed,West Bengal
jute,cash,73.0,36.0,47.0,32.7,78.5,6.22,164.0,loamy,kharif,rainfed,West Bengal
brinjal,vegetable,43.0,56.0,55.0,34.2,51.7,7.38,102.6,sandy,kharif,rainfed,West Bengal
horsegram,pulse,13.0,23.0,30.0,21.5,53.2,6.96,68.9,laterite,kharif,irrigated,Odisha
barley,cereal,61.0,53.0,36.0,8.8,54.2,6.96,56.9,sandy,rabi,rainfed,Himachal Pradesh
wheat,cereal,96.0,77.0,50.0,14.4,47.3,6.3,48.6,black,rabi,rainfed,Haryana
cotton,cash,104.0,50.0,40.0,23.9,72.0,7.49,125.0,alluvial,kharif,irrigated,Maharashtra
cabbage,vegetable,88.0,51.0,71.0,14.8,85.1,6.44,159.2,loamy,rabi,rainfed,Bihar
sapota,horticulture,32.0,37.0,41.0,35.6,61.9,7.54,179.2,alluvial,kharif,irrigated,Gujarat
mothbeans,pulse,14.0,41.0,16.0,36.3,52.3,7.3,34.2,loamy,kharif,rainfed,Gujarat
watermelon,horticulture,66.0,56.0,67.0,23.1,66.7,6.52,74.8,loamy,kharif,rainfed,Tamil Nadu
sunflower,oilseed,97.0,48.0,67.0,30.2,61.4,7.37,57.7,black,rabi,rainfed,Bihar
guava,horticulture,38.0,30.0,38.0,27.6,72.2,5.77,152.2,laterite,kharif,rainfed,Karnataka
barley,cereal,85.0,37.0,47.0,20.9,45.2,6.94,68.9,loamy,rabi,irrigated,Madhya Pradesh
brinjal,vegetable,64.0,42.0,56.0,25.6,67.8,7.01,93.0,sandy,rabi,rainfed,Bihar
soybean,oilseed,30.0,90.0,69.0,27.2,85.7,7.3,61.1,alluvial,kharif,rainfed,Karnataka
lentil,pulse,28.0,46.0,33.0,24.8,43.3,6.06,62.8,black,rabi,rainfed,Madhya Pradesh
mango,horticulture,42.0,40.0,40.0,38.8,48.1,5.72,119.7,alluvial,kharif,rainfed,Uttar Pradesh
barley,cereal,97.0,38.0,31.0,18.9,60.6,7.19,70.4,loamy,rabi,irrigated,Haryana
sunflower,oilseed,61.0,68.0,61.0,17.2,66.1,7.77,86.6,loamy,kharif,irrigated,Andhra Pradesh
grapes,horticulture,28.0,25.0,38.0,16.4,74.6,7.4,103.7,loamy,rabi,irrigated,Maharashtra
coffee,plantation,72.0,33.0,40.0,16.0,82.7,6.98,131.9,laterite,kharif,rainfed,Tamil Nadu
turmeric,spice,56.0,68.0,86.0,24.1,67.6,6.99,197.7,loamy,kharif,rainfed,Andhra Pradesh
tobacco,cash,39.0,50.0,54.0,22.1,70.2,7.09,82.8,alluvial,rabi,rainfed,Bihar
blackgram,pulse,40.0,30.0,40.0,25.4,84.7,6.43,94.9,alluvial,kharif,rainfed,Tamil Nadu
jasmine,flower,28.0,48.0,38.0,20.9,79.4,6.49,75.4,sandy,kharif,rainfed,Karnataka
pigeonpeas,pulse,41.0,60.0,41.0,23.0,65.4,6.18,109.1,red,kharif,irrigated,Karnataka
tea,plantation,34.0,29.0,21.0,11.2,102.3,4.66,225.1,laterite,kharif,irrigated,West Bengal
sapota,horticulture,19.0,18.0,52.0,28.6,62.5,6.13,172.1,loamy,kharif,rainfed,Gujarat
sesame,oilseed,26.0,30.0,30.0,29.5,50.0,5.68,45.4,red,kharif,irrigated,Tamil Nadu
cashew,plantation,25.0,21.0,29.0,23.5,52.0,5.35,113.6,loamy,kharif,irrigated,Tamil Nadu
okra,vegetable,45.0,43.0,28.0,39.0,76.7,6.85,116.9,sandy,kharif,irrigated,Gujarat
wheat,cereal,131.0,51.0,45.0,18.7,60.9,6.25,104.4,alluvial,rabi,rainfed,Haryana
papaya,horticulture,70.0,40.0,86.0,34.1,58.6,7.42,137.0,alluvial,kharif,irrigated,Gujarat
tea,plantation,33.0,26.0,10.0,17.4,96.3,4.59,352.4,loamy,kharif,rainfed,Tamil Nadu
kidneybeans,pulse,21.0,59.0,30.0,22.9,71.9,7.11,122.5,loamy,kharif,irrigated,Uttarakhand
sapota,horticulture,26.0,22.0,49.0,36.1,56.9,7.28,140.2,loamy,kharif,rainfed,Gujarat
ginger,spice,49.0,53.0,84.0,28.5,69.2,6.97,96.1,laterite,kharif,rainfed,Meghalaya
jowar,millet,56.0,32.0,30.0,30.1,59.7,7.3,85.7,red,kharif,rainfed,Andhra Pradesh
lentil,pulse,21.0,45.0,22.0,20.2,43.3,6.59,49.4,loamy,rabi,rainfed,Madhya Pradesh
guava,horticulture,32.0,32.0,42.0,22.2,71.4,5.53,116.1,sandy,kharif,irrigated,Maharashtra
cardamom,spice,20.0,27.0,58.0,19.0,94.6,6.89,198.6,red,kharif,rainfed,Karnataka
cardamom,spice,24.0,15.0,46.0,16.3,72.4,6.94,288.9,laterite,kharif,rainfed,Karnataka
coriander,spice,32.0,28.0,24.0,24.9,42.2,6.03,39.4,sandy,rabi,rainfed,Madhya Pradesh
coriander,spice,30.0,58.0,26.0,25.2,47.6,6.06,62.4,sandy,rabi,rainfed,Gujarat
lentil,pulse,17.0,28.0,22.0,23.6,48.3,7.02,61.2,black,rabi,irrigated,Rajasthan
turmeric,spice,55.0,75.0,96.0,18.4,69.5,6.31,134.4,red,kharif,rainfed,Andhra Pradesh
arecanut,plantation,31.0,20.0,70.0,35.4,69.8,6.72,213.9,alluvial,kharif,irrigated,Tamil Nadu
sesame,oilseed,20.0,31.0,26.0,32.5,70.5,7.6,74.7,sandy,kharif,irrigated,Tamil Nadu
cocoa,plantation,34.0,37.0,56.0,36.0,72.0,6.07,174.0,alluvial,kharif,rainfed,Kerala
apple,horticulture,28.0,33.0,20.0,5.2,87.7,5.76,213.2,loamy,rabi,irrigated,Himachal Pradesh
onion,vegetable,64.0,47.0,51.0,22.2,66.8,7.33,69.3,alluvial,kharif,irrigated,Maharashtra
muskmelon,horticulture,29.0,30.0,32.0,24.6,68.9,6.62,85.4,loamy,zaid,rainfed,Haryana
pigeonpeas,pulse,31.0,62.0,45.0,29.4,61.7,6.63,97.6,red,kharif,irrigated,Maharashtra
muskmelon,horticulture,30.0,51.0,53.0,41.0,51.8,7.01,83.8,sandy,zaid,rainfed,Haryana
tea,plantation,22.0,23.0,20.0,26.0,77.3,4.58,211.4,loamy,kharif,irrigated,Karnataka
cardamom,spice,34.0,32.0,34.0,22.4,95.7,5.96,406.8,red,kharif,rainfed,Kerala
jasmine,flower,43.0,46.0,53.0,31.4,75.0,7.11,90.5,sandy,kharif,rainfed,Tamil Nadu
pigeonpeas,pulse,38.0,51.0,48.0,27.4,66.4,6.52,71.2,loamy,kharif,rainfed,Maharashtra
cocoa,plantation,26.0,40.0,49.0,23.2,78.2,6.96,174.8,loamy,kharif,rainfed,Andhra Pradesh
pepper,spice,42.0,35.0,94.0,20.4,70.9,5.96,360.7,loamy,kharif,rainfed,Assam
tomato,vegetable,60.0,68.0,64.0,23.5,66.1,6.61,69.7,alluvial,rabi,irrigated,Odisha
chilli,spice,81.0,64.0,80.0,21.9,57.2,7.37,96.2,black,rabi,rainfed,Andhra Pradesh
potato,vegetable,92.0,46.0,128.0,20.3,83.7,5.99,89.1,sandy,rabi,rainfed,Punjab
turmeric,spice,69.0,43.0,104.0,25.6,86.3,6.66,215.2,alluvial,kharif,rainfed,Tamil Nadu
groundnut,cash,16.0,64.0,68.0,36.5,71.7,6.66,81.8,sandy,rabi,rainfed,Tamil Nadu
cotton,cash,82.0,47.0,53.0,29.7,59.0,6.3,75.2,loamy,kharif,irrigated,Gujarat
jowar,millet,76.0,37.0,34.0,28.5,63.8,8.0,92.0,black,rabi,irrigated,Karnataka
orange,horticulture,26.0,15.0,27.0,21.4,79.2,6.7,109.3,laterite,rabi,irrigated,Assam
lentil,pulse,33.0,46.0,38.0,18.4,44.6,6.02,72.1,black,rabi,irrigated,Rajasthan
orange,horticulture,36.0,15.0,22.0,19.6,76.7,5.78,159.8,alluvial,rabi,rainfed,Punjab
pomegranate,horticulture,39.0,37.0,35.0,21.4,57.8,7.74,49.9,loamy,kharif,irrigated,Maharashtra
jowar,millet,52.0,40.0,51.0,24.4,41.0,6.16,84.1,red,kharif,rainfed,Karnataka
okra,vegetable,60.0,51.0,55.0,32.8,78.2,6.74,67.5,sandy,kharif,rainfed,Gujarat
sesame,oilseed,37.0,39.0,27.0,38.0,46.1,6.62,52.1,loamy,kharif,rainfed,Andhra Pradesh
marigold,flower,45.0,44.0,51.0,15.9,58.6,7.3,125.5,loamy,kharif,rainfed,Rajasthan
cabbage,vegetable,106.0,54.0,55.0,19.7,63.0,7.44,143.0,alluvial,rabi,irrigated,Assam
lentil,pulse,25.0,28.0,40.0,20.0,42.7,6.03,60.2,black,rabi,irrigated,Rajasthan
coconut,plantation,25.0,10.0,79.0,23.9,73.4,7.12,264.2,sandy,kharif,irrigated,Tamil Nadu
jowar,millet,79.0,41.0,38.0,35.3,39.7,6.91,53.4,loamy,kharif,irrigated,Karnataka
greengram,pulse,29.0,28.0,40.0,31.0,63.3,7.25,71.2,red,zaid,irrigated,Madhya Pradesh
muskmelon,horticulture,30.0,38.0,60.0,28.7,75.5,7.17,65.6,sandy,zaid,rainfed,Punjab
castor,oilseed,55.0,48.0,59.0,36.4,46.4,8.49,101.2,sandy,kharif,rainfed,Gujarat
pomegranate,horticulture,31.0,16.0,15.0,35.1,36.6,6.81,58.6,loamy,kharif,rainfed,Karnataka
mothbeans,pulse,11.0,21.0,27.0,39.5,43.6,8.7,23.6,loamy,kharif,rainfed,Haryana
jasmine,flower,39.0,59.0,41.0,31.7,62.9,7.03,92.7,sandy,kharif,rainfed,Maharashtra
onion,vegetable,43.0,55.0,42.0,25.2,60.1,7.16,78.7,alluvial,kharif,irrigated,Rajasthan
ginger,spice,59.0,56.0,77.0,22.5,80.5,6.71,197.3,loamy,kharif,rainfed,Karnataka
turmeric,spice,68.0,50.0,87.0,22.0,71.4,5.31,161.4,alluvial,kharif,rainfed,Tamil Nadu
pineapple,horticulture,61.0,22.0,29.0,37.3,90.9,6.42,210.9,sandy,kharif,rainfed,Karnataka
pomegranate,horticulture,36.0,34.0,22.0,24.0,56.4,7.41,41.9,sandy,kharif,rainfed,Andhra Pradesh
castor,oilseed,36.0,38.0,32.0,34.3,75.3,7.23,79.5,loamy,kharif,rainfed,Gujarat
blackgram,pulse,39.0,50.0,24.0,31.5,75.8,6.18,90.3,alluvial,rabi,irrigated,Andhra Pradesh
tapioca,horticulture,58.0,58.0,124.0,23.5,60.8,6.62,100.9,red,kharif,irrigated,Karnataka
potato,vegetable,88.0,69.0,116.0,17.7,61.8,5.91,103.4,alluvial,rabi,rainfed,Punjab
castor,oilseed,39.0,25.0,37.0,37.6,66.9,7.68,69.8,alluvial,kharif,rainfed,Rajasthan
tobacco,cash,44.0,32.0,34.0,20.6,77.4,5.73,70.8,sandy,rabi,irrigated,Bihar
papaya,horticulture,48.0,42.0,53.0,39.7,60.9,6.02,146.8,sandy,kharif,rainfed,Andhra Pradesh
jowar,millet,44.0,19.0,41.0,28.1,46.8,7.65,55.3,loamy,kharif,irrigated,Maharashtra
horsegram,pulse,23.0,35.0,17.0,29.2,46.9,7.14,54.1,red,kharif,rainfed,Odisha
ginger,spice,71.0,60.0,73.0,19.5,83.6,5.9,193.7,loamy,kharif,rainfed,Karnataka
cowpea,pulse,20.0,50.0,19.0,27.2,72.8,6.64,101.8,red,zaid,irrigated,Andhra Pradesh
mothbeans,pulse,21.0,33.0,31.0,23.6,51.1,7.77,20.1,loamy,kharif,rainfed,Maharashtra
mustard,oilseed,63.0,40.0,40.0,12.5,71.4,6.85,61.2,alluvial,rabi,rainfed,Haryana
barley,cereal,106.0,40.0,35.0,17.3,55.7,7.81,62.6,loamy,rabi,irrigated,Uttar Pradesh
chilli,spice,59.0,74.0,77.0,31.2,61.9,5.57,98.4,loamy,kharif,irrigated,Maharashtra
barley,cereal,77.0,58.0,50.0,11.6,62.3,6.97,63.4,sandy,rabi,rainfed,Madhya Pradesh
sugarcane,cash,151.0,55.0,127.0,27.4,69.4,6.2,159.2,loamy,kharif,rainfed,Maharashtra
coconut,plantation,21.0,10.0,65.0,20.4,72.8,6.1,222.1,loamy,kharif,rainfed,Karnataka
rice,cereal,98.0,52.0,42.0,36.1,79.5,5.9,183.9,alluvial,kharif,rainfed,Uttar Pradesh
cashew,plantation,23.0,19.0,19.0,35.0,75.4,5.56,156.2,loamy,kharif,irrigated,Kerala
rubber,plantation,41.0,32.0,26.0,27.9,96.6,4.66,367.9,alluvial,kharif,rainfed,Tamil Nadu
groundnut,cash,17.0,62.0,73.0,24.8,65.1,6.09,119.3,sandy,rabi,rainfed,Karnataka
coriander,spice,39.0,57.0,29.0,17.9,61.6,7.25,47.6,sandy,rabi,rainfed,Gujarat
sunflower,oilseed,96.0,81.0,76.0,22.1,76.6,6.47,97.5,loamy,kharif,rainfed,Orissa
chickpea,pulse,35.0,71.0,47.0,22.5,36.9,7.28,83.5,alluvial,rabi,rainfed,Maharashtra
pigeonpeas,pulse,21.0,59.0,45.0,19.3,71.9,6.4,61.5,alluvial,kharif,irrigated,Maharashtra
jasmine,flower,48.0,52.0,41.0,23.4,69.1,6.65,152.2,loamy,kharif,rainfed,Karnataka
cashew,plantation,23.0,29.0,16.0,37.3,56.8,5.32,213.2,sandy,kharif,irrigated,Goa
mustard,oilseed,106.0,61.0,45.0,11.4,68.2,7.9,36.5,alluvial,rabi,rainfed,West Bengal
cowpea,pulse,30.0,47.0,22.0,32.1,79.9,7.28,89.3,sandy,zaid,rainfed,Maharashtra
sunflower,oilseed,100.0,70.0,47.0,20.2,66.1,6.06,58.1,black,kharif,irrigated,Andhra Pradesh
apple,horticulture,24.0,39.0,37.0,10.3,90.9,6.83,175.5,loamy,rabi,irrigated,Arunachal Pradesh
ragi,millet,51.0,34.0,53.0,16.6,65.7,6.21,110.7,loamy,kharif,rainfed,Uttarakhand
lentil,pulse,37.0,41.0,32.0,16.0,52.3,6.7,73.3,black,rabi,irrigated,Uttar Pradesh
cashew,plantation,18.0,30.0,22.0,24.9,74.3,5.0,123.6,laterite,kharif,rainfed,Goa
chickpea,pulse,33.0,37.0,30.0,20.9,65.1,7.96,52.7,black,rabi,rainfed,Maharashtra
sesame,oilseed,22.0,34.0,38.0,26.1,68.0,7.42,39.9,red,kharif,rainfed,Tamil Nadu
brinjal,vegetable,69.0,54.0,44.0,33.4,59.3,5.83,55.5,sandy,kharif,rainfed,Bihar
marigold,flower,42.0,52.0,63.0,24.6,62.3,7.27,118.0,sandy,rabi,rainfed,Rajasthan
lentil,pulse,30.0,49.0,34.0,23.1,68.4,7.81,32.4,loamy,rabi,irrigated,West Bengal
tapioca,horticulture,71.0,47.0,96.0,22.8,76.9,7.31,193.7,red,kharif,irrigated,Maharashtra
kidneybeans,pulse,37.0,83.0,56.0,16.0,64.6,6.31,87.3,alluvial,kharif,rainfed,Uttarakhand
pomegranate,horticulture,26.0,37.0,21.0,21.1,38.7,8.44,61.6,alluvial,kharif,irrigated,Andhra Pradesh
barley,cereal,76.0,59.0,45.0,14.5,69.2,7.72,84.7,loamy,rabi,irrigated,Himachal Pradesh
rubber,plantation,31.0,30.0,32.0,29.5,88.4,5.11,349.6,loamy,kharif,rainfed,Assam
tomato,vegetable,54.0,72.0,66.0,26.3,75.1,7.04,70.2,alluvial,kharif,rainfed,Maharashtra
pepper,spice,43.0,27.0,96.0,21.7,88.6,6.56,259.7,red,kharif,rainfed,Karnataka
sesame,oilseed,26.0,46.0,37.0,31.9,47.3,5.86,61.2,red,kharif,irrigated,Tamil Nadu
blackgram,pulse,29.0,45.0,19.0,25.4,64.2,6.39,97.6,alluvial,rabi,rainfed,Uttar Pradesh
blackgram,pulse,29.0,54.0,38.0,27.3,85.6,7.46,77.6,red,kharif,rainfed,Tamil Nadu
coffee,plantation,82.0,36.0,37.0,28.8,71.2,6.47,200.3,red,kharif,irrigated,Kerala
orange,horticulture,33.0,29.0,37.0,19.8,74.8,6.65,108.1,alluvial,rabi,rainfed,Assam
bajra,millet,58.0,16.0,40.0,33.9,37.8,8.2,52.2,red,kharif,irrigated,Maharashtra
rose,flower,46.0,56.0,57.0,29.2,65.8,6.04,108.2,loamy,rabi,irrigated,Maharashtra
apple,horticulture,22.0,27.0,28.0,8.5,70.9,5.58,117.6,alluvial,rabi,rainfed,Jammu & Kashmir
ragi,millet,82.0,30.0,39.0,25.1,57.4,6.9,70.7,red,kharif,rainfed,Odisha
castor,oilseed,57.0,43.0,36.0,26.3,46.8,7.31,97.7,sandy,kharif,rainfed,Gujarat
cauliflower,vegetable,97.0,71.0,67.0,15.5,69.0,7.34,103.1,alluvial,rabi,irrigated,Maharashtra
brinjal,vegetable,50.0,53.0,63.0,22.1,57.8,6.92,110.2,loamy,kharif,irrigated,Gujarat
soybean,oilseed,39.0,70.0,49.0,20.6,83.0,7.29,74.5,black,kharif,irrigated,Madhya Pradesh
jute,cash,63.0,35.0,62.0,33.2,84.7,6.5,187.8,alluvial,kharif,rainfed,Meghalaya
mango,horticulture,24.0,34.0,42.0,25.0,58.4,7.18,207.7,laterite,kharif,irrigated,Bihar
cardamom,spice,25.0,31.0,47.0,19.2,82.8,5.75,197.9,red,kharif,irrigated,Sikkim
groundnut,cash,17.0,81.0,41.0,28.1,52.4,6.13,93.0,sandy,rabi,irrigated,Rajasthan
pigeonpeas,pulse,20.0,63.0,33.0,31.5,74.5,7.35,119.1,red,kharif,rainfed,Maharashtra
coffee,plantation,69.0,23.0,62.0,19.2,78.9,6.88,183.0,laterite,kharif,irrigated,Andhra Pradesh
barley,cereal,92.0,59.0,31.0,15.0,70.0,7.0,51.8,loamy,rabi,irrigated,Rajasthan
maize,cereal,70.0,35.0,39.0,30.4,75.6,5.85,110.2,alluvial,rabi,rainfed,Andhra Pradesh
onion,vegetable,58.0,47.0,37.0,12.2,76.5,6.49,83.8,loamy,kharif,irrigated,Gujarat
guava,horticulture,37.0,30.0,54.0,19.1,62.2,7.35,92.6,alluvial,kharif,irrigated,Allahabad
tea,plantation,39.0,23.0,15.0,14.7,75.0,4.73,255.0,loamy,kharif,rainfed,Assam
blackgram,pulse,41.0,39.0,32.0,33.5,84.0,6.21,65.0,alluvial,kharif,rainfed,Andhra Pradesh
okra,vegetable,32.0,59.0,37.0,26.2,76.7,7.2,94.9,sandy,zaid,rainfed,West Bengal
potato,vegetable,74.0,76.0,111.0,15.9,88.6,5.94,151.8,sandy,rabi,rainfed,West Bengal
papaya,horticulture,75.0,35.0,49.0,35.0,59.0,6.69,131.4,alluvial,kharif,irrigated,Tamil Nadu
pineapple,horticulture,50.0,31.0,38.0,32.1,94.2,4.62,249.4,loamy,kharif,rainfed,Kerala
orange,horticulture,33.0,16.0,15.0,14.9,74.2,7.31,114.6,loamy,rabi,rainfed,Rajasthan
mango,horticulture,23.0,19.0,73.0,23.9,69.0,7.05,105.1,alluvial,kharif,rainfed,Andhra Pradesh
guava,horticulture,34.0,23.0,37.0,32.7,61.0,5.76,152.4,laterite,kharif,rainfed,Bihar
watermelon,horticulture,38.0,48.0,58.0,32.4,60.9,6.11,45.3,red,kharif,rainfed,Andhra Pradesh
bajra,millet,32.0,28.0,44.0,39.2,52.2,7.62,58.3,red,kharif,rainfed,Rajasthan
horsegram,pulse,9.0,43.0,14.0,27.4,68.8,7.34,39.8,loamy,kharif,irrigated,Karnataka
castor,oilseed,45.0,43.0,47.0,19.7,52.7,6.28,71.8,alluvial,kharif,rainfed,Tamil Nadu
bajra,millet,51.0,31.0,46.0,38.3,47.7,8.03,61.6,sandy,kharif,rainfed,Haryana
tapioca,horticulture,103.0,32.0,121.0,21.9,61.1,7.12,107.1,red,kharif,rainfed,Karnataka
tea,plantation,30.0,14.0,24.0,16.6,100.4,4.55,140.5,red,kharif,irrigated,Tamil Nadu
kidneybeans,pulse,33.0,77.0,36.0,22.5,64.3,6.03,116.8,loamy,kharif,irrigated,Karnataka
orange,horticulture,31.0,16.0,25.0,18.2,75.2,6.55,136.7,laterite,rabi,irrigated,Rajasthan
chilli,spice,51.0,66.0,51.0,30.1,78.9,6.56,113.2,black,rabi,rainfed,Maharashtra
sugarcane,cash,160.0,54.0,82.0,31.6,92.5,7.49,125.9,alluvial,kharif,rainfed,Karnataka
mango,horticulture,31.0,41.0,49.0,38.2,37.2,6.06,96.1,loamy,kharif,rainfed,Bihar
rubber,plantation,28.0,13.0,17.0,26.4,75.1,5.35,363.6,laterite,kharif,irrigated,Karnataka
coconut,plantation,19.0,21.0,71.0,25.3,95.0,7.13,271.0,alluvial,kharif,rainfed,Karnataka
pomegranate,horticulture,40.0,32.0,22.0,26.2,60.6,7.03,53.4,loamy,kharif,rainfed,Rajasthan
marigold,flower,47.0,40.0,74.0,21.8,75.3,7.17,102.5,sandy,rabi,rainfed,Tamil Nadu
mothbeans,pulse,16.0,24.0,29.0,26.4,35.5,7.72,51.0,loamy,kharif,irrigated,Rajasthan
okra,vegetable,43.0,36.0,57.0,26.7,82.0,7.17,112.0,sandy,zaid,irrigated,Odisha
watermelon,horticulture,64.0,46.0,53.0,32.1,60.2,6.76,47.9,red,zaid,rainfed,Tamil Nadu
cotton,cash,68.0,42.0,65.0,20.3,74.5,6.9,106.8,alluvial,kharif,irrigated,Haryana
coconut,plantation,21.0,10.0,52.0,32.4,100.9,7.84,232.3,alluvial,kharif,rainfed,Kerala
okra,vegetable,63.0,57.0,31.0,39.1,62.4,6.94,77.1,loamy,kharif,rainfed,West Bengal
groundnut,cash,12.0,84.0,58.0,36.3,68.0,6.15,85.3,loamy,rabi,rainfed,Rajasthan
horsegram,pulse,18.0,29.0,23.0,19.3,65.8,7.41,70.7,red,rabi,rainfed,Karnataka
coconut,plantation,41.0,25.0,85.0,20.3,87.9,5.57,189.8,loamy,kharif,rainfed,Karnataka
tea,plantation,20.0,16.0,24.0,19.5,96.1,4.78,361.8,loamy,kharif,irrigated,West Bengal
cowpea,pulse,22.0,53.0,31.0,26.4,81.7,5.59,74.4,loamy,kharif,rainfed,Rajasthan
coconut,plantation,36.0,15.0,63.0,30.7,70.5,7.72,284.6,laterite,kharif,rainfed,Kerala
horsegram,pulse,28.0,35.0,17.0,20.7,51.0,6.41,68.8,red,rabi,rainfed,Tamil Nadu
orange,horticulture,34.0,27.0,17.0,17.9,59.2,6.48,152.2,alluvial,rabi,rainfed,Rajasthan
blackgram,pulse,20.0,49.0,41.0,30.1,69.8,6.54,98.3,red,kharif,rainfed,Uttar Pradesh
maize,cereal,67.0,46.0,37.0,25.7,66.8,6.43,104.8,loamy,rabi,rainfed,Andhra Pradesh
tobacco,cash,54.0,29.0,56.0,20.5,53.4,6.17,57.7,loamy,rabi,irrigated,Andhra Pradesh
soybean,oilseed,46.0,61.0,40.0,26.0,76.4,6.88,84.5,black,kharif,rainfed,Karnataka
lentil,pulse,18.0,38.0,28.0,21.4,49.6,7.29,68.7,alluvial,rabi,irrigated,Uttar Pradesh
blackgram,pulse,41.0,35.0,40.0,32.1,84.2,6.4,71.7,loamy,rabi,rainfed,Madhya Pradesh
cardamom,spice,37.0,15.0,42.0,24.1,93.1,5.78,389.9,loamy,kharif,irrigated,Kerala
mustard,oilseed,103.0,58.0,35.0,19.0,70.0,7.39,65.2,sandy,rabi,irrigated,Haryana
maize,cereal,90.0,40.0,58.0,31.8,68.6,6.82,109.3,alluvial,rabi,rainfed,Bihar
pineapple,horticulture,62.0,30.0,33.0,27.8,95.8,5.51,203.2,laterite,kharif,rainfed,Karnataka
grapes,horticulture,43.0,38.0,57.0,25.3,51.3,6.8,52.0,black,rabi,irrigated,Karnataka
cashew,plantation,26.0,24.0,30.0,36.8,64.9,5.1,165.7,sandy,kharif,irrigated,Kerala
blackgram,pulse,41.0,38.0,43.0,26.8,62.7,7.23,67.6,loamy,kharif,irrigated,Uttar Pradesh
pepper,spice,56.0,42.0,83.0,25.8,83.6,6.13,327.2,loamy,kharif,irrigated,Kerala
cotton,cash,84.0,33.0,62.0,21.0,70.3,7.15,80.8,black,kharif,rainfed,Rajasthan
barley,cereal,86.0,52.0,34.0,13.2,56.4,7.79,47.5,alluvial,rabi,rainfed,Himachal Pradesh
brinjal,vegetable,50.0,46.0,37.0,21.5,71.6,7.02,99.8,loamy,rabi,rainfed,Gujarat
rubber,plantation,24.0,18.0,17.0,26.0,78.6,5.69,201.3,alluvial,kharif,irrigated,Tripura
ginger,spice,80.0,54.0,77.0,32.1,83.8,7.43,100.4,laterite,kharif,irrigated,Arunachal Pradesh
tapioca,horticulture,87.0,44.0,97.0,35.8,58.0,6.84,155.8,red,kharif,irrigated,Andhra Pradesh
turmeric,spice,52.0,70.0,82.0,18.7,82.7,5.98,156.1,red,kharif,rainfed,Andhra Pradesh
papaya,horticulture,60.0,39.0,71.0,34.4,80.3,6.55,95.0,sandy,kharif,rainfed,Tamil Nadu
pepper,spice,46.0,26.0,92.0,21.6,82.4,5.98,344.8,laterite,kharif,rainfed,Karnataka
castor,oilseed,61.0,48.0,41.0,23.4,64.8,6.96,105.9,loamy,kharif,rainfed,Andhra Pradesh
greengram,pulse,33.0,47.0,41.0,36.4,74.0,6.54,60.3,red,kharif,irrigated,Rajasthan
pomegranate,horticulture,22.0,21.0,28.0,36.4,47.9,7.44,38.7,alluvial,kharif,rainfed,Gujarat
blackgram,pulse,25.0,45.0,27.0,23.6,79.7,6.68,105.2,red,rabi,rainfed,Uttar Pradesh
cabbage,vegetable,87.0,41.0,73.0,18.5,67.5,6.31,83.1,loamy,rabi,irrigated,Maharashtra
pomegranate,horticulture,30.0,26.0,26.0,25.7,60.7,7.24,80.4,loamy,kharif,rainfed,Rajasthan
banana,horticulture,112.0,47.0,101.0,25.2,67.7,5.84,212.8,red,kharif,irrigated,Maharashtra
jasmine,flower,63.0,40.0,50.0,26.9,58.4,7.26,106.6,alluvial,kharif,rainfed,Andhra Pradesh
cabbage,vegetable,93.0,55.0,86.0,15.4,69.2,6.48,148.7,loamy,rabi,rainfed,Maharashtra
cabbage,vegetable,116.0,65.0,58.0,17.7,86.5,6.37,74.7,alluvial,rabi,rainfed,West Bengal
okra,vegetable,48.0,41.0,49.0,23.8,67.7,6.72,129.3,loamy,zaid,irrigated,West Bengal
lentil,pulse,36.0,47.0,37.0,25.1,61.2,6.34,60.3,alluvial,rabi,irrigated,Uttar Pradesh
barley,cereal,85.0,45.0,31.0,14.0,53.4,7.64,47.7,loamy,rabi,irrigated,Uttar Pradesh
cabbage,vegetable,91.0,56.0,74.0,21.8,65.6,7.18,133.4,clay,rabi,irrigated,Odisha
castor,oilseed,33.0,34.0,56.0,33.9,50.3,8.36,99.3,sandy,kharif,rainfed,Karnataka
soybean,oilseed,31.0,81.0,50.0,28.0,79.1,6.69,82.8,black,kharif,irrigated,Madhya Pradesh
castor,oilseed,56.0,37.0,55.0,24.3,65.7,6.05,95.7,loamy,kharif,rainfed,Karnataka
tobacco,cash,64.0,29.0,54.0,28.0,79.0,6.38,79.5,loamy,rabi,irrigated,Telangana
potato,vegetable,118.0,59.0,116.0,10.0,72.1,6.05,137.4,sandy,rabi,rainfed,Bihar
jasmine,flower,54.0,52.0,59.0,27.5,85.4,6.61,86.4,sandy,kharif,irrigated,Tamil Nadu
banana,horticulture,109.0,74.0,117.0,29.4,94.1,6.21,192.3,loamy,kharif,irrigated,Gujarat
coffee,plantation,67.0,21.0,55.0,19.9,69.2,6.91,105.2,red,kharif,rainfed,Odisha
potato,vegetable,114.0,51.0,96.0,9.2,75.5,5.73,129.2,loamy,rabi,rainfed,West Bengal
cashew,plantation,21.0,32.0,28.0,36.4,64.2,6.22,152.8,sandy,kharif,irrigated,Andhra Pradesh
rose,flower,74.0,44.0,53.0,19.3,57.3,6.85,84.8,loamy,rabi,rainfed,West Bengal
horsegram,pulse,23.0,26.0,15.0,31.6,64.3,5.94,84.7,loamy,rabi,rainfed,Tamil Nadu
blackgram,pulse,26.0,30.0,35.0,35.9,63.5,6.25,83.6,loamy,kharif,irrigated,Tamil Nadu
mango,horticulture,32.0,42.0,72.0,36.2,59.8,6.11,181.9,laterite,kharif,rainfed,Tamil Nadu
turmeric,spice,48.0,41.0,100.0,25.4,67.7,6.21,119.3,red,kharif,irrigated,Andhra Pradesh
guava,horticulture,47.0,25.0,54.0,40.5,78.3,6.7,82.8,alluvial,kharif,rainfed,Karnataka
tea,plantation,22.0,19.0,9.0,14.4,90.2,4.56,176.9,red,kharif,irrigated,West Bengal
jute,cash,80.0,50.0,59.0,23.5,74.6,7.16,140.2,loamy,kharif,rainfed,Odisha
ginger,spice,71.0,45.0,73.0,31.7,66.5,5.88,212.9,alluvial,kharif,irrigated,Odisha
guava,horticulture,37.0,19.0,38.0,25.0,65.3,6.14,141.5,alluvial,kharif,irrigated,Karnataka
watermelon,horticulture,73.0,31.0,37.0,32.3,72.6,6.6,80.1,loamy,zaid,rainfed,Maharashtra
kidneybeans,pulse,23.0,60.0,41.0,30.2,55.9,7.46,104.8,alluvial,kharif,rainfed,Himachal Pradesh
sunflower,oilseed,71.0,82.0,58.0,21.1,74.5,6.74,59.8,alluvial,kharif,irrigated,Karnataka
jasmine,flower,60.0,52.0,46.0,28.5,67.1,7.0,142.8,alluvial,kharif,rainfed,Maharashtra
sugarcane,cash,102.0,77.0,90.0,31.7,76.3,7.09,131.8,loamy,kharif,rainfed,Andhra Pradesh
orange,horticulture,22.0,16.0,31.0,18.1,64.3,7.46,126.9,alluvial,rabi,irrigated,Meghalaya
cocoa,plantation,38.0,24.0,41.0,34.3,75.6,6.74,147.7,loamy,kharif,rainfed,Andhra Pradesh
sunflower,oilseed,62.0,50.0,73.0,21.6,78.9,7.16,98.2,black,kharif,irrigated,Karnataka
ginger,spice,72.0,45.0,64.0,25.9,84.3,6.24,116.3,laterite,kharif,irrigated,Kerala
pigeonpeas,pulse,20.0,40.0,28.0,27.6,50.3,6.3,119.9,alluvial,kharif,rainfed,Maharashtra
pineapple,horticulture,28.0,35.0,62.0,35.2,91.9,5.71,102.3,sandy,kharif,rainfed,Assam
sugarcane,cash,115.0,48.0,106.0,37.6,84.6,7.64,115.8,alluvial,kharif,rainfed,Maharashtra
ragi,millet,48.0,38.0,47.0,20.0,57.9,5.66,129.1,laterite,kharif,irrigated,Karnataka
onion,vegetable,56.0,41.0,73.0,22.7,62.4,6.76,64.8,black,kharif,rainfed,Rajasthan
tobacco,cash,63.0,46.0,53.0,20.0,69.5,6.32,89.0,sandy,rabi,rainfed,Bihar
coriander,spice,54.0,57.0,36.0,18.1,40.3,7.2,46.3,loamy,rabi,irrigated,Rajasthan
tea,plantation,23.0,19.0,20.0,17.7,93.3,5.52,369.5,loamy,kharif,rainfed,Tamil Nadu
sapota,horticulture,28.0,27.0,29.0,24.3,84.0,7.7,112.6,alluvial,kharif,irrigated,Tamil Nadu
papaya,horticulture,71.0,47.0,62.0,34.7,80.0,6.94,96.4,alluvial,kharif,irrigated,Karnataka
guava,horticulture,30.0,20.0,36.0,21.4,53.5,5.07,134.9,alluvial,kharif,irrigated,Allahabad
cotton,cash,70.0,35.0,52.0,34.9,72.1,7.13,62.3,loamy,kharif,rainfed,Andhra Pradesh
chickpea,pulse,37.0,42.0,41.0,23.8,53.6,7.56,57.1,loamy,rabi,rainfed,Uttar Pradesh
okra,vegetable,45.0,39.0,55.0,30.6,67.5,7.4,58.9,loamy,kharif,rainfed,Odisha
papaya,horticulture,65.0,33.0,50.0,22.1,77.8,6.13,109.5,loamy,kharif,irrigated,Tamil Nadu
horsegram,pulse,16.0,42.0,17.0,22.9,48.9,5.68,45.7,laterite,kharif,irrigated,Odisha
mothbeans,pulse,23.0,36.0,30.0,40.1,24.3,8.68,27.5,loamy,kharif,rainfed,Rajasthan
pigeonpeas,pulse,29.0,44.0,50.0,37.7,71.6,6.17,81.5,red,kharif,rainfed,Maharashtra
sugarcane,cash,143.0,48.0,128.0,29.9,73.9,7.99,148.6,loamy,kharif,rainfed,Karnataka
barley,cereal,90.0,45.0,33.0,18.7,61.1,7.95,60.3,sandy,rabi,rainfed,Madhya Pradesh
kidneybeans,pulse,30.0,81.0,37.0,16.2,65.6,6.53,115.3,alluvial,kharif,rainfed,Himachal Pradesh
mothbeans,pulse,26.0,42.0,32.0,26.3,48.4,8.77,36.6,loamy,kharif,rainfed,Haryana
pepper,spice,59.0,34.0,89.0,25.9,92.2,6.57,354.8,red,kharif,rainfed,Assam
marigold,flower,58.0,49.0,61.0,16.8,62.8,6.42,79.2,sandy,rabi,rainfed,Karnataka
coconut,plantation,41.0,18.0,75.0,37.6,75.7,5.53,302.4,loamy,kharif,rainfed,Andhra Pradesh
coriander,spice,39.0,55.0,39.0,23.6,67.5,6.0,51.4,alluvial,rabi,irrigated,Rajasthan
rice,cereal,111.0,41.0,37.0,23.8,84.0,6.82,241.4,alluvial,kharif,irrigated,Assam
grapes,horticulture,39.0,30.0,53.0,31.2,64.9,7.04,80.5,black,rabi,rainfed,Maharashtra
mustard,oilseed,86.0,42.0,36.0,11.9,69.1,7.75,63.0,alluvial,rabi,irrigated,Madhya Pradesh
cocoa,plantation,24.0,23.0,48.0,36.2,71.8,7.46,261.5,laterite,kharif,rainfed,Karnataka
rose,flower,50.0,63.0,63.0,14.2,58.5,5.97,124.5,alluvial,rabi,irrigated,West Bengal
kidneybeans,pulse,42.0,46.0,29.0,24.9,82.3,7.49,121.9,alluvial,kharif,rainfed,Himachal Pradesh
grapes,horticulture,23.0,20.0,57.0,29.6,53.5,6.68,98.8,black,rabi,irrigated,Karnataka
apple,horticulture,25.0,39.0,35.0,17.4,80.3,5.59,191.0,alluvial,rabi,rainfed,Arunachal Pradesh
papaya,horticulture,71.0,35.0,73.0,37.3,75.8,7.04,125.9,alluvial,kharif,rainfed,Maharashtra
lentil,pulse,19.0,30.0,22.0,25.4,56.4,6.49,32.6,black,rabi,rainfed,West Bengal
kidneybeans,pulse,36.0,48.0,40.0,29.0,74.8,6.66,117.7,loamy,kharif,rainfed,Karnataka
maize,cereal,78.0,46.0,58.0,17.6,83.1,6.98,90.3,loamy,kharif,irrigated,Bihar
sapota,horticulture,38.0,28.0,40.0,27.6,66.1,7.44,181.0,alluvial,kharif,rainfed,Tamil Nadu
banana,horticulture,87.0,65.0,82.0,33.8,68.3,6.75,230.7,red,kharif,rainfed,Andhra Pradesh
coconut,plantation,25.0,25.0,63.0,36.1,80.2,7.47,228.1,sandy,kharif,irrigated,Kerala
marigold,flower,63.0,62.0,50.0,19.0,74.1,6.44,61.1,sandy,kharif,irrigated,Maharashtra
soybean,oilseed,47.0,67.0,66.0,29.9,73.1,7.09,98.1,alluvial,kharif,irrigated,Maharashtra
watermelon,horticulture,60.0,59.0,40.0,35.3,74.5,7.48,76.4,loamy,kharif,rainfed,Rajasthan
coriander,spice,44.0,58.0,25.0,20.3,63.7,6.38,33.6,loamy,rabi,rainfed,Andhra Pradesh
rose,flower,54.0,49.0,63.0,24.1,78.1,5.57,82.7,loamy,rabi,rainfed,West Bengal
maize,cereal,81.0,35.0,73.0,18.1,81.1,6.6,81.1,red,kharif,rainfed,Rajasthan
tomato,vegetable,66.0,59.0,73.0,26.1,66.9,7.25,84.2,red,rabi,irrigated,Andhra Pradesh
mustard,oilseed,76.0,48.0,51.0,11.0,46.8,7.24,33.4,alluvial,rabi,rainfed,West Bengal
orange,horticulture,39.0,17.0,30.0,14.7,68.8,6.05,130.4,loamy,rabi,irrigated,Punjab
cashew,plantation,23.0,22.0,20.0,28.6,61.7,6.63,97.2,sandy,kharif,irrigated,Goa
cotton,cash,77.0,38.0,48.0,30.0,79.8,7.01,123.5,black,kharif,irrigated,Haryana
mango,horticulture,32.0,40.0,38.0,25.2,60.9,7.32,173.7,loamy,kharif,irrigated,Uttar Pradesh
greengram,pulse,27.0,41.0,32.0,32.8,72.9,7.02,85.0,red,zaid,rainfed,Rajasthan
mothbeans,pulse,18.0,41.0,16.0,34.8,34.3,8.23,43.9,loamy,kharif,irrigated,Rajasthan
muskmelon,horticulture,52.0,53.0,51.0,24.4,70.4,7.28,73.7,sandy,zaid,rainfed,Uttar Pradesh
tea,plantation,27.0,32.0,13.0,17.5,83.3,4.9,329.0,red,kharif,rainfed,West Bengal
sunflower,oilseed,96.0,52.0,85.0,24.4,63.5,6.54,85.8,loamy,rabi,irrigated,Bihar
grapes,horticulture,23.0,32.0,40.0,27.6,63.2,7.15,87.1,red,rabi,irrigated,Mizoram
pigeonpeas,pulse,35.0,48.0,45.0,17.9,52.8,7.14,66.2,alluvial,kharif,irrigated,Andhra Pradesh
cardamom,spice,31.0,35.0,37.0,14.5,86.2,5.45,272.9,red,kharif,rainfed,Kerala
coconut,plantation,35.0,11.0,73.0,28.1,69.6,5.72,97.6,sandy,kharif,rainfed,Kerala
jowar,millet,48.0,32.0,48.0,36.4,52.6,7.01,97.0,loamy,kharif,rainfed,Madhya Pradesh
coconut,plantation,25.0,18.0,56.0,35.3,78.4,7.14,299.9,alluvial,kharif,rainfed,Karnataka
cotton,cash,77.0,55.0,69.0,31.0,78.5,6.67,91.8,alluvial,kharif,rainfed,Maharashtra
pigeonpeas,pulse,37.0,46.0,45.0,35.7,77.4,6.25,128.6,alluvial,kharif,rainfed,Uttar Pradesh
banana,horticulture,126.0,58.0,88.0,23.5,66.4,6.14,119.9,loamy,kharif,rainfed,Karnataka
rubber,plantation,23.0,27.0,17.0,29.3,85.0,5.89,336.3,loamy,kharif,rainfed,Karnataka
sesame,oilseed,36.0,43.0,42.0,23.4,74.0,6.71,55.9,red,kharif,rainfed,West Bengal
rubber,plantation,27.0,14.0,36.0,26.9,75.2,5.91,264.7,loamy,kharif,rainfed,Tamil Nadu
pomegranate,horticulture,37.0,14.0,23.0,29.5,43.1,8.01,39.8,sandy,kharif,irrigated,Rajasthan
watermelon,horticulture,72.0,41.0,60.0,29.1,79.6,6.5,74.8,red,kharif,irrigated,Rajasthan
pineapple,horticulture,38.0,27.0,57.0,23.3,77.6,6.47,140.2,sandy,kharif,irrigated,Manipur
chilli,spice,77.0,54.0,54.0,22.1,57.6,5.69,61.6,alluvial,kharif,rainfed,Tamil Nadu
onion,vegetable,38.0,41.0,47.0,13.7,67.5,6.98,99.0,black,rabi,irrigated,Madhya Pradesh
groundnut,cash,13.0,46.0,63.0,37.5,55.2,6.43,64.8,sandy,rabi,irrigated,Karnataka
mustard,oilseed,95.0,44.0,51.0,12.9,53.3,7.84,56.0,sandy,rabi,rainfed,Uttar Pradesh
ragi,millet,86.0,31.0,57.0,15.5,76.2,6.14,81.1,red,kharif,irrigated,Tamil Nadu
papaya,horticulture,58.0,54.0,58.0,36.5,78.3,6.28,133.4,alluvial,kharif,rainfed,Maharashtra
chilli,spice,47.0,43.0,83.0,28.0,69.6,5.64,80.4,loamy,rabi,rainfed,Maharashtra
rose,flower,70.0,62.0,72.0,14.6,65.3,6.88,93.3,loamy,rabi,rainfed,Tamil Nadu
guava,horticulture,43.0,43.0,53.0,29.0,64.3,6.9,129.1,alluvial,kharif,irrigated,Bihar
bajra,millet,42.0,17.0,23.0,36.0,29.6,7.86,30.3,loamy,kharif,irrigated,Uttar Pradesh
mango,horticulture,35.0,36.0,65.0,24.1,72.4,5.98,174.9,alluvial,kharif,irrigated,Uttar Pradesh
mothbeans,pulse,21.0,34.0,30.0,27.1,51.9,8.43,37.7,sandy,kharif,irrigated,Maharashtra
turmeric,spice,77.0,63.0,99.0,22.9,91.0,5.82,199.3,red,kharif,irrigated,Andhra Pradesh
banana,horticulture,79.0,48.0,105.0,36.8,73.1,6.96,231.9,alluvial,kharif,rainfed,Gujarat
sunflower,oilseed,98.0,56.0,81.0,27.8,59.1,6.82,52.9,alluvial,rabi,irrigated,Andhra Pradesh
kidneybeans,pulse,37.0,70.0,35.0,23.8,79.2,6.55,92.6,alluvial,kharif,rainfed,Jammu & Kashmir
rice,cereal,77.0,45.0,62.0,28.7,66.3,6.26,296.3,loamy,kharif,irrigated,Punjab
soybean,oilseed,31.0,59.0,49.0,31.0,78.1,7.03,85.4,black,kharif,irrigated,Madhya Pradesh
tobacco,cash,52.0,39.0,36.0,22.4,79.5,7.4,57.0,loamy,rabi,rainfed,Telangana
guava,horticulture,52.0,43.0,47.0,38.2,53.9,6.73,148.8,alluvial,kharif,rainfed,Karnataka
pineapple,horticulture,32.0,22.0,37.0,29.7,95.9,4.53,101.6,sandy,kharif,irrigated,Kerala
chilli,spice,84.0,56.0,47.0,30.9,74.4,7.12,125.7,loamy,rabi,irrigated,Tamil Nadu
coriander,spice,52.0,29.0,35.0,22.0,37.3,7.28,60.5,sandy,rabi,rainfed,Rajasthan
tapioca,horticulture,83.0,43.0,133.0,26.5,70.2,7.18,140.1,loamy,kharif,irrigated,Maharashtra
ragi,millet,95.0,26.0,38.0,30.2,77.9,6.65,120.7,red,kharif,rainfed,Karnataka
kidneybeans,pulse,26.0,75.0,54.0,23.5,75.0,6.49,95.4,loamy,kharif,irrigated,Himachal Pradesh
wheat,cereal,153.0,71.0,44.0,25.4,50.2,6.69,61.7,alluvial,rabi,irrigated,Haryana
jasmine,flower,52.0,28.0,39.0,33.5,64.9,6.98,98.6,alluvial,kharif,irrigated,Karnataka
sapota,horticulture,29.0,35.0,39.0,25.6,68.3,7.21,107.7,laterite,kharif,rainfed,Maharashtra
jowar,millet,79.0,26.0,28.0,31.7,61.7,7.55,97.1,black,rabi,rainfed,Karnataka
ragi,millet,58.0,29.0,49.0,20.5,76.7,6.21,92.6,laterite,kharif,rainfed,Uttarakhand
maize,cereal,67.0,30.0,60.0,27.6,73.8,6.95,79.5,red,rabi,irrigated,Karnataka
papaya,horticulture,56.0,54.0,78.0,30.4,62.7,7.32,147.7,sandy,kharif,rainfed,Karnataka
cotton,cash,67.0,35.0,70.0,34.8,85.1,6.54,90.9,alluvial,kharif,irrigated,Andhra Pradesh
maize,cereal,88.0,50.0,74.0,25.3,61.3,6.08,97.0,loamy,kharif,rainfed,Rajasthan
cardamom,spice,28.0,18.0,58.0,22.6,83.0,6.62,266.0,loamy,kharif,irrigated,Tamil Nadu
blackgram,pulse,29.0,29.0,23.0,32.8,84.7,7.33,63.9,alluvial,rabi,rainfed,Madhya Pradesh
coffee,plantation,80.0,32.0,50.0,15.4,87.7,6.47,92.4,laterite,kharif,irrigated,Kerala
coconut,plantation,21.0,11.0,75.0,39.2,83.1,5.58,99.6,sandy,kharif,rainfed,Kerala
coriander,spice,50.0,35.0,43.0,26.5,52.3,6.41,31.8,loamy,rabi,rainfed,Andhra Pradesh
coconut,plantation,39.0,14.0,86.0,37.5,86.4,6.1,98.8,laterite,kharif,rainfed,Tamil Nadu
greengram,pulse,14.0,50.0,30.0,27.2,60.5,6.4,93.0,loamy,zaid,rainfed,Karnataka
rose,flower,52.0,51.0,43.0,18.0,64.5,5.52,148.1,loamy,rabi,irrigated,West Bengal
coconut,plantation,43.0,19.0,70.0,27.3,87.0,6.39,269.1,loamy,kharif,irrigated,Karnataka
cocoa,plantation,27.0,24.0,32.0,21.2,87.9,6.53,164.9,laterite,kharif,irrigated,Kerala
pineapple,horticulture,40.0,26.0,34.0,28.9,70.7,5.65,187.6,sandy,kharif,rainfed,Manipur
arecanut,plantation,39.0,25.0,74.0,29.7,77.1,7.5,158.4,laterite,kharif,rainfed,Karnataka
rubber,plantation,25.0,30.0,37.0,32.9,79.9,4.91,342.5,loamy,kharif,rainfed,Tamil Nadu
chickpea,pulse,37.0,60.0,52.0,18.8,60.8,7.47,55.7,alluvial,rabi,rainfed,Madhya Pradesh
onion,vegetable,48.0,54.0,49.0,17.0,72.9,6.55,102.8,black,kharif,rainfed,Madhya Pradesh
onion,vegetable,61.0,49.0,42.0,27.4,77.1,6.82,61.5,black,rabi,rainfed,Maharashtra
rose,flower,53.0,47.0,39.0,29.4,77.0,5.67,141.9,loamy,rabi,rainfed,West Bengal
pineapple,horticulture,45.0,26.0,60.0,27.8,85.5,4.99,234.4,loamy,kharif,irrigated,Assam
rose,flower,64.0,75.0,73.0,25.1,72.1,6.49,129.2,alluvial,rabi,rainfed,Maharashtra
greengram,pulse,37.0,32.0,36.0,27.4,58.3,6.21,102.4,alluvial,zaid,irrigated,Andhra Pradesh
pineapple,horticulture,53.0,35.0,61.0,22.8,82.7,5.27,209.9,laterite,kharif,rainfed,Kerala
watermelon,horticulture,72.0,50.0,74.0,30.8,71.7,6.5,86.0,sandy,zaid,rainfed,Tamil Nadu
mango,horticulture,25.0,40.0,55.0,33.4,40.0,7.22,165.1,alluvial,kharif,irrigated,Bihar
sapota,horticulture,27.0,16.0,44.0,32.4,76.7,7.54,180.0,loamy,kharif,irrigated,Gujarat
castor,oilseed,33.0,38.0,53.0,21.8,46.5,7.59,95.9,alluvial,kharif,irrigated,Andhra Pradesh
barley,cereal,97.0,59.0,52.0,13.7,42.1,7.22,61.6,loamy,rabi,irrigated,Uttar Pradesh
sesame,oilseed,31.0,29.0,22.0,31.8,57.9,5.7,66.7,loamy,kharif,rainfed,Rajasthan
mango,horticulture,24.0,27.0,52.0,29.9,39.7,5.93,117.5,alluvial,kharif,irrigated,Tamil Nadu
cauliflower,vegetable,110.0,52.0,76.0,15.0,75.1,6.76,110.6,alluvial,rabi,rainfed,West Bengal
tapioca,horticulture,79.0,53.0,81.0,33.1,70.8,6.33,109.5,red,kharif,irrigated,Tamil Nadu
chickpea,pulse,33.0,41.0,28.0,25.1,47.4,7.63,51.5,black,rabi,rainfed,Karnataka
barley,cereal,56.0,39.0,52.0,16.7,65.5,7.93,68.4,sandy,rabi,irrigated,Haryana
barley,cereal,62.0,55.0,51.0,15.4,69.3,7.84,71.3,sandy,rabi,rainfed,Rajasthan
muskmelon,horticulture,45.0,34.0,43.0,37.0,66.1,6.75,59.0,loamy,zaid,irrigated,Haryana
rose,flower,72.0,41.0,54.0,19.9,73.4,5.59,109.5,loamy,rabi,rainfed,Maharashtra
tapioca,horticulture,83.0,31.0,88.0,30.5,71.6,6.58,171.1,loamy,kharif,rainfed,Karnataka
mango,horticulture,28.0,34.0,65.0,33.1,51.1,5.94,142.2,loamy,kharif,rainfed,Uttar Pradesh
onion,vegetable,42.0,52.0,47.0,27.8,66.7,6.03,58.7,loamy,rabi,rainfed,Madhya Pradesh
potato,vegetable,87.0,85.0,95.0,17.5,83.8,6.4,124.9,alluvial,rabi,rainfed,Gujarat
cauliflower,vegetable,98.0,64.0,81.0,10.1,71.9,6.93,143.8,alluvial,rabi,irrigated,West Bengal
tomato,vegetable,60.0,38.0,46.0,25.4,73.7,6.51,108.4,loamy,rabi,rainfed,Madhya Pradesh
groundnut,cash,20.0,47.0,46.0,24.9,59.2,6.98,122.2,sandy,rabi,rainfed,Gujarat
castor,oilseed,56.0,37.0,43.0,37.4,47.2,8.2,80.7,alluvial,kharif,rainfed,Andhra Pradesh
greengram,pulse,19.0,43.0,39.0,23.8,55.4,6.95,92.9,alluvial,kharif,rainfed,Karnataka
okra,vegetable,40.0,39.0,56.0,32.1,57.1,7.36,103.4,loamy,zaid,rainfed,Bihar
apple,horticulture,27.0,40.0,29.0,18.4,91.4,6.39,117.7,loamy,rabi,irrigated,Uttarakhand
bajra,millet,41.0,21.0,37.0,26.2,46.9,8.1,78.1,red,kharif,rainfed,Uttar Pradesh
turmeric,spice,86.0,38.0,58.0,19.7,66.2,6.57,199.2,red,kharif,irrigated,Odisha
wheat,cereal,140.0,61.0,49.0,11.1,58.9,6.6,50.9,loamy,rabi,rainfed,Rajasthan
tomato,vegetable,82.0,52.0,86.0,19.8,75.8,7.21,72.4,loamy,rabi,irrigated,Odisha
orange,horticulture,25.0,22.0,25.0,24.3,55.1,7.07,92.8,loamy,rabi,rainfed,Assam
mango,horticulture,20.0,29.0,42.0,28.5,53.0,6.48,156.8,loamy,kharif,rainfed,Andhra Pradesh
potato,vegetable,79.0,75.0,84.0,20.9,79.0,5.61,116.4,loamy,rabi,rainfed,Gujarat
tobacco,cash,62.0,36.0,63.0,29.4,80.9,7.29,90.4,alluvial,rabi,irrigated,Telangana
pepper,spice,33.0,31.0,67.0,24.0,76.2,6.27,302.1,red,kharif,rainfed,Andhra Pradesh
pigeonpeas,pulse,29.0,62.0,54.0,24.4,52.8,6.65,59.5,alluvial,kharif,irrigated,Andhra Pradesh
rubber,plantation,32.0,27.0,41.0,32.2,78.4,5.94,276.7,laterite,kharif,rainfed,Kerala
rose,flower,56.0,52.0,72.0,26.7,57.2,7.0,98.1,loamy,rabi,rainfed,West Bengal
onion,vegetable,49.0,47.0,40.0,29.0,70.8,7.16,68.4,alluvial,kharif,rainfed,Gujarat
orange,horticulture,33.0,17.0,23.0,19.8,58.1,7.46,106.2,loamy,rabi,irrigated,Rajasthan
papaya,horticulture,79.0,36.0,86.0,38.6,80.2,6.03,157.1,alluvial,kharif,rainfed,Maharashtra
arecanut,plantation,28.0,24.0,74.0,35.3,73.0,6.5,240.6,loamy,kharif,rainfed,Karnataka
ginger,spice,52.0,64.0,90.0,31.7,79.7,7.15,133.3,laterite,kharif,irrigated,Kerala
mango,horticulture,37.0,39.0,60.0,28.1,61.5,6.88,121.8,laterite,kharif,rainfed,Andhra Pradesh
muskmelon,horticulture,45.0,53.0,36.0,35.3,69.5,6.95,53.6,sandy,zaid,rainfed,Uttar Pradesh
soybean,oilseed,36.0,79.0,39.0,23.7,63.4,7.12,71.1,black,kharif,rainfed,Maharashtra
ginger,spice,65.0,41.0,75.0,27.2,70.8,6.79,163.8,laterite,kharif,rainfed,Kerala
chickpea,pulse,40.0,52.0,59.0,26.0,37.7,6.25,63.1,black,rabi,irrigated,Rajasthan
sugarcane,cash,153.0,72.0,85.0,33.7,91.6,6.37,172.3,loamy,kharif,rainfed,Uttar Pradesh
arecanut,plantation,40.0,20.0,92.0,36.0,88.7,6.32,214.6,alluvial,kharif,irrigated,West Bengal
cocoa,plantation,30.0,33.0,61.0,29.1,91.5,6.06,213.0,laterite,kharif,rainfed,Andhra Pradesh
cotton,cash,67.0,42.0,55.0,34.8,71.6,7.51,85.5,alluvial,kharif,rainfed,Gujarat
cowpea,pulse,15.0,32.0,31.0,36.9,62.5,7.01,106.5,loamy,kharif,irrigated,Maharashtra
watermelon,horticulture,76.0,32.0,69.0,37.5,60.2,6.24,48.6,red,zaid,irrigated,Karnataka
ragi,millet,49.0,37.0,57.0,21.5,66.7,6.56,116.5,loamy,kharif,rainfed,Odisha
tobacco,cash,50.0,53.0,32.0,26.6,55.4,7.21,75.3,loamy,rabi,irrigated,Bihar
bajra,millet,52.0,26.0,27.0,27.0,54.1,6.49,38.3,red,kharif,rainfed,Gujarat
sapota,horticulture,29.0,32.0,50.0,28.3,62.6,7.01,131.3,laterite,kharif,irrigated,Gujarat
maize,cereal,72.0,38.0,52.0,18.6,66.2,6.19,68.0,alluvial,rabi,rainfed,Bihar
ginger,spice,38.0,30.0,50.0,19.8,83.9,6.92,101.3,alluvial,kharif,rainfed,Kerala
coriander,spice,32.0,55.0,36.0,23.7,54.1,6.02,68.6,loamy,rabi,irrigated,Karnataka
coffee,plantation,68.0,26.0,50.0,13.9,68.5,6.55,191.0,red,kharif,rainfed,Tamil Nadu
ragi,millet,75.0,38.0,40.0,26.6,57.1,6.72,90.7,laterite,kharif,irrigated,Odisha
banana,horticulture,104.0,66.0,104.0,29.5,71.1,5.55,130.2,red,kharif,rainfed,Maharashtra
wheat,cereal,95.0,78.0,45.0,15.9,50.3,6.8,81.1,loamy,rabi,rainfed,Uttar Pradesh
horsegram,pulse,12.0,26.0,23.0,31.9,41.5,7.32,38.0,laterite,kharif,rainfed,Karnataka
pigeonpeas,pulse,24.0,52.0,54.0,36.5,59.4,6.27,110.8,red,kharif,rainfed,Karnataka
sapota,horticulture,37.0,34.0,59.0,24.7,55.9,7.84,125.2,alluvial,kharif,rainfed,Gujarat
pineapple,horticulture,62.0,29.0,60.0,31.8,74.7,6.18,218.7,loamy,kharif,rainfed,Karnataka
muskmelon,horticulture,42.0,41.0,43.0,38.1,80.4,7.13,60.4,loamy,zaid,rainfed,Rajasthan
pineapple,horticulture,55.0,27.0,45.0,28.9,77.8,6.48,104.1,laterite,kharif,rainfed,Kerala
horsegram,pulse,11.0,20.0,24.0,31.5,41.8,5.86,73.7,red,kharif,irrigated,Tamil Nadu
rice,cereal,86.0,62.0,38.0,32.1,78.0,6.22,225.8,alluvial,kharif,rainfed,West Bengal
coconut,plantation,27.0,13.0,79.0,26.1,73.7,7.19,250.3,laterite,kharif,rainfed,Kerala
rubber,plantation,24.0,28.0,38.0,36.4,96.1,5.0,351.6,loamy,kharif,irrigated,Tamil Nadu
cabbage,vegetable,120.0,70.0,65.0,15.5,79.1,6.05,132.4,clay,rabi,rainfed,Bihar
coffee,plantation,70.0,27.0,41.0,27.0,78.9,7.1,159.7,loamy,kharif,irrigated,Karnataka
turmeric,spice,67.0,49.0,69.0,26.4,79.6,6.17,187.1,red,kharif,rainfed,Andhra Pradesh
coconut,plantation,38.0,24.0,86.0,34.7,80.0,7.71,252.2,alluvial,kharif,rainfed,Tamil Nadu
orange,horticulture,38.0,16.0,19.0,21.0,64.6,6.36,155.4,loamy,rabi,rainfed,Meghalaya
cardamom,spice,39.0,30.0,57.0,14.6,73.8,5.38,201.7,laterite,kharif,rainfed,Tamil Nadu
tea,plantation,25.0,17.0,11.0,12.5,82.3,5.95,163.9,loamy,kharif,rainfed,Tamil Nadu
onion,vegetable,45.0,29.0,69.0,24.5,55.7,6.07,95.1,black,rabi,rainfed,Madhya Pradesh
mango,horticulture,21.0,36.0,58.0,28.6,67.9,5.96,199.8,loamy,kharif,irrigated,Uttar Pradesh
ragi,millet,69.0,42.0,29.0,22.4,79.3,6.28,128.3,red,kharif,rainfed,Odisha
bajra,millet,52.0,33.0,30.0,23.6,46.7,7.29,41.2,loamy,kharif,irrigated,Rajasthan
cocoa,plantation,23.0,36.0,57.0,31.5,78.1,6.06,178.7,laterite,kharif,irrigated,Andhra Pradesh
pepper,spice,57.0,32.0,101.0,24.8,76.2,6.67,267.9,laterite,kharif,irrigated,Karnataka
wheat,cereal,147.0,81.0,51.0,17.4,74.5,6.09,75.7,black,rabi,irrigated,Rajasthan
cabbage,vegetable,97.0,70.0,69.0,13.7,73.7,6.69,111.2,loamy,rabi,rainfed,Maharashtra
brinjal,vegetable,38.0,59.0,42.0,25.6,81.2,6.66,77.3,alluvial,rabi,rainfed,Bihar
mustard,oilseed,105.0,54.0,35.0,10.4,58.9,6.27,37.2,loamy,rabi,irrigated,Rajasthan
groundnut,cash,16.0,62.0,43.0,32.2,78.4,6.76,108.7,sandy,kharif,rainfed,Rajasthan
cabbage,vegetable,120.0,66.0,64.0,14.7,63.4,7.2,120.2,clay,rabi,rainfed,Maharashtra
ginger,spice,48.0,39.0,66.0,31.2,69.7,6.29,150.4,loamy,kharif,rainfed,Karnataka
grapes,horticulture,26.0,33.0,41.0,27.0,71.9,7.72,90.5,loamy,rabi,irrigated,Karnataka
jasmine,flower,59.0,31.0,60.0,18.8,62.7,7.25,145.7,alluvial,kharif,rainfed,Maharashtra
jute,cash,88.0,42.0,52.0,31.3,83.7,6.95,153.6,loamy,kharif,rainfed,Odisha
cabbage,vegetable,92.0,67.0,84.0,9.7,71.0,7.38,87.1,clay,rabi,rainfed,Odisha
sesame,oilseed,19.0,33.0,35.0,36.8,64.8,5.68,74.8,loamy,kharif,rainfed,Rajasthan
cardamom,spice,30.0,35.0,37.0,25.6,95.2,6.87,383.1,red,kharif,irrigated,Tamil Nadu
cabbage,vegetable,77.0,73.0,75.0,17.0,75.5,6.89,122.5,clay,rabi,rainfed,Maharashtra
sunflower,oilseed,60.0,70.0,73.0,21.2,59.3,7.3,70.2,black,kharif,irrigated,Andhra Pradesh
tapioca,horticulture,64.0,45.0,121.0,26.8,75.9,7.5,166.4,laterite,kharif,rainfed,Tamil Nadu
mustard,oilseed,107.0,49.0,42.0,11.5,68.5,7.76,58.6,sandy,rabi,rainfed,Uttar Pradesh
greengram,pulse,15.0,44.0,19.0,29.4,55.9,7.2,104.6,loamy,kharif,irrigated,Andhra Pradesh
papaya,horticulture,80.0,45.0,73.0,31.8,82.1,7.01,123.8,loamy,kharif,rainfed,Gujarat
ginger,spice,49.0,58.0,75.0,25.1,74.9,6.02,108.6,alluvial,kharif,rainfed,Meghalaya
barley,cereal,74.0,42.0,52.0,12.1,66.2,6.99,61.0,loamy,rabi,irrigated,Himachal Pradesh
ragi,millet,49.0,47.0,59.0,29.9,70.5,5.99,89.2,loamy,kharif,rainfed,Tamil Nadu
watermelon,horticulture,66.0,51.0,59.0,36.6,65.2,7.33,78.7,loamy,kharif,rainfed,Andhra Pradesh
tea,plantation,40.0,25.0,22.0,13.4,80.0,5.7,201.6,laterite,kharif,irrigated,Assam
maize,cereal,85.0,52.0,65.0,21.7,73.1,6.31,121.8,loamy,rabi,rainfed,Rajasthan
coffee,plantation,64.0,20.0,53.0,24.2,61.9,7.5,120.5,red,kharif,irrigated,Kerala
jasmine,flower,42.0,30.0,64.0,32.5,73.8,6.21,75.9,alluvial,kharif,rainfed,Andhra Pradesh
guava,horticulture,42.0,24.0,42.0,24.0,74.9,6.28,152.0,alluvial,kharif,rainfed,Bihar
turmeric,spice,60.0,70.0,103.0,22.0,87.3,5.03,117.3,alluvial,kharif,rainfed,Odisha
pomegranate,horticulture,39.0,29.0,37.0,34.8,43.6,8.18,76.9,loamy,kharif,rainfed,Rajasthan
coconut,plantation,42.0,17.0,84.0,21.6,87.3,7.86,267.4,sandy,kharif,rainfed,West Bengal
banana,horticulture,97.0,80.0,93.0,39.6,65.4,6.95,184.8,loamy,kharif,rainfed,Tamil Nadu
lentil,pulse,28.0,41.0,32.0,18.7,59.6,6.13,35.6,black,rabi,rainfed,Bihar
groundnut,cash,16.0,83.0,72.0,34.0,65.8,6.77,123.3,loamy,rabi,irrigated,Gujarat
okra,vegetable,47.0,38.0,42.0,38.8,72.6,6.23,76.7,loamy,kharif,rainfed,West Bengal
chickpea,pulse,36.0,42.0,53.0,19.9,52.2,6.17,69.4,black,rabi,irrigated,Rajasthan
coconut,plantation,31.0,21.0,68.0,34.3,80.7,6.36,110.6,laterite,kharif,rainfed,Kerala
papaya,horticulture,66.0,38.0,50.0,27.4,75.4,7.1,126.1,loamy,kharif,rainfed,Gujarat
onion,vegetable,63.0,41.0,40.0,17.0,62.1,6.48,104.8,alluvial,kharif,irrigated,Madhya Pradesh
pepper,spice,53.0,42.0,82.0,27.0,99.9,6.95,232.3,laterite,kharif,rainfed,Andhra Pradesh
cowpea,pulse,26.0,46.0,27.0,34.9,81.8,7.07,76.7,sandy,zaid,irrigated,Maharashtra
barley,cereal,85.0,57.0,31.0,14.2,61.3,6.71,73.1,sandy,rabi,rainfed,Rajasthan
sapota,horticulture,19.0,22.0,28.0,35.3,79.9,7.61,203.9,laterite,kharif,irrigated,Tamil Nadu
chilli,spice,84.0,65.0,61.0,25.7,63.7,6.58,116.7,alluvial,kharif,rainfed,Maharashtra
tomato,vegetable,77.0,70.0,80.0,25.9,69.9,6.26,75.6,loamy,rabi,rainfed,Odisha
jute,cash,68.0,41.0,53.0,33.2,93.4,6.49,215.7,alluvial,kharif,rainfed,Meghalaya
rubber,plantation,32.0,12.0,30.0,35.6,100.3,5.18,295.9,loamy,kharif,irrigated,Assam
mango,horticulture,26.0,37.0,69.0,28.5,67.2,5.74,112.5,loamy,kharif,irrigated,Tamil Nadu
sapota,horticulture,35.0,14.0,46.0,25.0,65.0,7.23,168.7,loamy,kharif,irrigated,Andhra Pradesh
apple,horticulture,24.0,41.0,30.0,15.7,62.3,6.42,137.5,loamy,rabi,rainfed,Jammu & Kashmir
soybean,oilseed,45.0,66.0,54.0,31.3,74.6,7.06,71.9,loamy,kharif,rainfed,Karnataka
chickpea,pulse,36.0,44.0,34.0,26.3,51.9,7.63,46.0,black,rabi,irrigated,Madhya Pradesh
marigold,flower,40.0,75.0,54.0,15.5,50.8,6.43,68.2,loamy,kharif,rainfed,Maharashtra
cardamom,spice,37.0,17.0,51.0,13.8,88.0,5.02,246.5,laterite,kharif,rainfed,Sikkim
ragi,millet,54.0,48.0,28.0,31.9,64.0,5.69,87.8,laterite,kharif,irrigated,Tamil Nadu
wheat,cereal,159.0,76.0,38.0,25.4,62.9,6.28,83.5,black,rabi,rainfed,Madhya Pradesh
cocoa,plantation,40.0,36.0,31.0,31.7,75.8,7.38,189.1,laterite,kharif,rainfed,Tamil Nadu
sapota,horticulture,34.0,28.0,44.0,24.5,63.1,6.14,93.5,loamy,kharif,irrigated,Andhra Pradesh
horsegram,pulse,27.0,28.0,27.0,30.4,64.4,5.76,84.3,loamy,kharif,rainfed,Andhra Pradesh
cotton,cash,67.0,53.0,50.0,31.9,61.1,7.92,123.0,loamy,kharif,rainfed,Maharashtra
cotton,cash,59.0,61.0,55.0,19.5,64.0,7.07,106.1,loamy,kharif,irrigated,Haryana
banana,horticulture,95.0,57.0,85.0,23.0,68.4,6.07,210.1,red,kharif,rainfed,Karnataka
jute,cash,89.0,50.0,64.0,31.0,96.2,7.07,161.1,alluvial,kharif,irrigated,Odisha
tobacco,cash,33.0,36.0,38.0,26.3,59.1,5.92,62.2,sandy,rabi,rainfed,Telangana
sunflower,oilseed,73.0,69.0,58.0,31.9,78.7,7.62,95.0,alluvial,rabi,irrigated,Bihar
jasmine,flower,32.0,48.0,33.0,36.6,60.8,7.2,114.5,sandy,kharif,rainfed,Karnataka
bajra,millet,53.0,36.0,36.0,26.6,51.0,8.18,39.8,red,kharif,rainfed,Gujarat
coconut,plantation,40.0,26.0,59.0,27.4,70.9,6.99,208.7,loamy,kharif,rainfed,West Bengal
lentil,pulse,24.0,59.0,27.0,26.0,54.6,6.75,54.1,alluvial,rabi,rainfed,Bihar
rose,flower,55.0,39.0,52.0,24.5,61.7,5.57,161.5,alluvial,rabi,rainfed,Maharashtra
grapes,horticulture,26.0,36.0,61.0,19.8,78.2,6.7,94.5,red,rabi,rainfed,Maharashtra
sugarcane,cash,94.0,80.0,91.0,24.5,91.4,6.59,198.5,black,kharif,rainfed,Uttar Pradesh
watermelon,horticulture,39.0,52.0,48.0,40.5,58.4,7.09,50.7,red,zaid,irrigated,Maharashtra
rubber,plantation,23.0,13.0,25.0,35.3,101.2,4.98,268.1,laterite,kharif,rainfed,Kerala
banana,horticulture,75.0,59.0,120.0,23.7,88.7,5.69,210.7,alluvial,kharif,rainfed,Gujarat
pigeonpeas,pulse,43.0,39.0,30.0,36.4,53.9,6.76,97.9,alluvial,kharif,irrigated,Uttar Pradesh
ragi,millet,64.0,39.0,35.0,32.0,70.8,6.72,101.8,laterite,kharif,irrigated,Karnataka
potato,vegetable,96.0,62.0,113.0,10.9,91.5,5.54,80.4,alluvial,rabi,irrigated,Uttar Pradesh
kidneybeans,pulse,32.0,75.0,47.0,30.1,77.5,6.66,120.0,loamy,kharif,rainfed,Jammu & Kashmir
mustard,oilseed,95.0,49.0,46.0,19.0,63.9,6.36,74.4,alluvial,rabi,rainfed,Madhya Pradesh
jasmine,flower,32.0,51.0,44.0,26.4,56.9,7.18,117.3,sandy,kharif,irrigated,Maharashtra
greengram,pulse,14.0,40.0,39.0,27.3,85.5,6.0,104.5,loamy,zaid,rainfed,Madhya Pradesh
papaya,horticulture,85.0,47.0,69.0,37.5,70.0,6.22,108.2,alluvial,kharif,irrigated,Tamil Nadu
greengram,pulse,23.0,35.0,33.0,24.3,68.4,6.55,65.0,alluvial,kharif,rainfed,Karnataka
tapioca,horticulture,86.0,35.0,102.0,23.9,55.7,6.06,151.7,loamy,kharif,rainfed,Tamil Nadu
mustard,oilseed,78.0,46.0,33.0,19.4,62.9,6.9,64.1,alluvial,rabi,irrigated,Uttar Pradesh
apple,horticulture,22.0,42.0,27.0,20.5,85.2,6.56,128.8,alluvial,rabi,rainfed,Himachal Pradesh
muskmelon,horticulture,43.0,53.0,53.0,40.2,61.5,6.88,68.4,loamy,zaid,irrigated,Rajasthan
onion,vegetable,56.0,43.0,45.0,17.3,59.1,6.57,75.1,alluvial,kharif,irrigated,Gujarat
brinjal,vegetable,72.0,54.0,39.0,32.4,74.4,6.42,122.2,sandy,rabi,rainfed,West Bengal
jasmine,flower,39.0,53.0,53.0,21.0,75.2,6.05,126.6,sandy,kharif,rainfed,Andhra Pradesh
pomegranate,horticulture,25.0,17.0,35.0,34.9,47.4,7.86,60.3,loamy,kharif,irrigated,Maharashtra
castor,oilseed,39.0,43.0,32.0,38.2,74.5,6.41,97.1,sandy,kharif,rainfed,Andhra Pradesh
bajra,millet,63.0,16.0,36.0,37.2,53.1,7.54,67.9,sandy,kharif,rainfed,Uttar Pradesh
guava,horticulture,28.0,32.0,56.0,37.8,68.4,6.75,160.4,laterite,kharif,irrigated,Andhra Pradesh
apple,horticulture,41.0,21.0,43.0,15.4,67.4,6.09,109.4,alluvial,rabi,rainfed,Uttarakhand
grapes,horticulture,38.0,28.0,29.0,23.9,52.9,7.42,102.2,red,rabi,irrigated,Karnataka
horsegram,pulse,16.0,41.0,27.0,29.5,60.7,7.3,61.2,laterite,rabi,irrigated,Tamil Nadu
barley,cereal,74.0,43.0,34.0,16.1,67.0,7.18,42.0,loamy,rabi,irrigated,Rajasthan
wheat,cereal,135.0,73.0,57.0,20.9,70.8,6.94,102.0,alluvial,rabi,rainfed,Haryana
turmeric,spice,54.0,51.0,82.0,21.9,78.0,5.23,131.6,alluvial,kharif,rainfed,Telangana
mustard,oilseed,64.0,63.0,42.0,17.3,68.8,7.67,68.0,alluvial,rabi,irrigated,Madhya Pradesh
muskmelon,horticulture,64.0,35.0,55.0,39.4,71.5,7.04,69.1,sandy,zaid,rainfed,Punjab
marigold,flower,74.0,74.0,46.0,29.4,65.4,6.06,58.7,loamy,kharif,rainfed,Maharashtra
chilli,spice,75.0,38.0,64.0,31.6,86.2,7.28,73.6,alluvial,rabi,irrigated,Maharashtra
guava,horticulture,43.0,19.0,30.0,34.2,65.3,6.19,80.9,laterite,kharif,rainfed,Allahabad
tobacco,cash,46.0,53.0,51.0,33.3,73.8,6.57,68.8,alluvial,rabi,rainfed,Andhra Pradesh
kidneybeans,pulse,42.0,62.0,29.0,22.2,84.0,7.33,127.7,loamy,kharif,rainfed,Karnataka
mustard,oilseed,98.0,58.0,43.0,20.8,50.4,6.95,61.0,alluvial,rabi,rainfed,Rajasthan
guava,horticulture,53.0,39.0,32.0,24.3,55.3,5.08,107.4,alluvial,kharif,rainfed,Maharashtra
muskmelon,horticulture,38.0,46.0,39.0,26.6,74.1,6.35,68.7,sandy,zaid,rainfed,Rajasthan
maize,cereal,57.0,47.0,58.0,34.4,58.4,6.75,111.1,red,rabi,rainfed,Bihar
pomegranate,horticulture,36.0,32.0,14.0,30.7,56.9,7.76,74.2,loamy,kharif,irrigated,Maharashtra
onion,vegetable,57.0,47.0,70.0,19.1,76.8,6.22,68.1,alluvial,kharif,rainfed,Gujarat
mothbeans,pulse,22.0,31.0,28.0,33.2,39.4,7.09,37.4,sandy,kharif,irrigated,Rajasthan
sunflower,oilseed,58.0,46.0,59.0,21.7,77.2,7.5,106.2,loamy,kharif,rainfed,Andhra Pradesh
cardamom,spice,30.0,17.0,62.0,25.1,84.6,6.62,403.4,laterite,kharif,rainfed,Karnataka
maize,cereal,85.0,33.0,58.0,17.9,70.9,6.65,76.0,alluvial,rabi,rainfed,Karnataka
potato,vegetable,129.0,86.0,124.0,23.5,77.5,5.73,96.1,loamy,rabi,irrigated,West Bengal
cocoa,plantation,42.0,37.0,38.0,26.5,70.7,6.52,225.8,alluvial,kharif,irrigated,Andhra Pradesh
brinjal,vegetable,52.0,50.0,40.0,22.8,76.0,7.31,88.8,loamy,kharif,irrigated,Andhra Pradesh
onion,vegetable,48.0,32.0,49.0,22.3,80.1,6.03,98.6,loamy,kharif,rainfed,Madhya Pradesh
chilli,spice,52.0,74.0,81.0,25.0,75.2,6.66,87.8,alluvial,kharif,irrigated,Maharashtra
cashew,plantation,24.0,16.0,31.0,39.5,58.4,5.54,205.0,loamy,kharif,irrigated,Tamil Nadu
chilli,spice,69.0,48.0,49.0,23.6,74.9,5.69,73.6,loamy,kharif,irrigated,Tamil Nadu
sunflower,oilseed,66.0,57.0,66.0,19.9,54.7,7.71,100.1,black,rabi,rainfed,Andhra Pradesh
turmeric,spice,72.0,59.0,104.0,27.5,84.6,5.12,181.7,red,kharif,irrigated,Tamil Nadu
apple,horticulture,26.0,36.0,41.0,16.7,71.1,6.18,154.9,alluvial,rabi,rainfed,Uttarakhand
cotton,cash,77.0,61.0,62.0,22.5,58.3,7.12,129.2,black,kharif,rainfed,Gujarat
okra,vegetable,61.0,39.0,35.0,37.6,82.0,6.87,61.5,sandy,kharif,rainfed,Odisha
muskmelon,horticulture,35.0,29.0,44.0,38.2,74.9,6.61,80.9,sandy,zaid,rainfed,Uttar Pradesh
rubber,plantation,38.0,22.0,39.0,37.0,89.1,6.25,208.9,laterite,kharif,rainfed,Assam
rose,flower,61.0,45.0,52.0,20.3,56.8,6.22,159.2,alluvial,rabi,rainfed,Tamil Nadu
arecanut,plantation,19.0,26.0,73.0,30.0,65.3,7.07,257.8,loamy,kharif,rainfed,Tamil Nadu
cabbage,vegetable,111.0,41.0,84.0,14.0,64.3,6.83,142.4,loamy,rabi,irrigated,West Bengal
groundnut,cash,13.0,52.0,75.0,33.0,70.7,6.02,80.1,sandy,kharif,rainfed,Andhra Pradesh
blackgram,pulse,35.0,53.0,43.0,30.6,64.5,6.68,61.7,red,rabi,irrigated,Uttar Pradesh
rice,cereal,85.0,29.0,64.0,30.3,89.6,6.18,302.8,alluvial,kharif,rainfed,Andhra Pradesh
blackgram,pulse,29.0,37.0,34.0,27.8,78.8,7.05,99.7,loamy,kharif,rainfed,Maharashtra
pomegranate,horticulture,38.0,38.0,14.0,30.0,49.9,7.1,58.2,sandy,kharif,irrigated,Andhra Pradesh
marigold,flower,41.0,37.0,46.0,28.3,75.3,7.39,93.6,loamy,kharif,irrigated,Maharashtra
jowar,millet,53.0,18.0,48.0,33.8,54.8,6.92,84.1,loamy,rabi,rainfed,Andhra Pradesh
sugarcane,cash,111.0,82.0,121.0,34.2,86.3,7.16,141.0,alluvial,kharif,irrigated,Andhra Pradesh
tea,plantation,42.0,23.0,11.0,21.7,87.8,5.2,366.8,red,kharif,irrigated,Kerala
cardamom,spice,27.0,23.0,61.0,13.8,74.3,6.28,193.9,red,kharif,rainfed,Sikkim
marigold,flower,71.0,60.0,70.0,16.1,77.9,6.24,109.6,loamy,kharif,irrigated,Andhra Pradesh
groundnut,cash,10.0,46.0,70.0,36.3,55.6,6.15,100.1,red,kharif,rainfed,Rajasthan
jowar,millet,37.0,40.0,28.0,23.7,41.1,7.84,49.5,loamy,kharif,rainfed,Karnataka
coffee,plantation,65.0,24.0,62.0,16.8,72.1,7.48,193.7,loamy,kharif,rainfed,Andhra Pradesh
sesame,oilseed,35.0,24.0,42.0,35.5,74.4,6.84,60.4,sandy,kharif,rainfed,Andhra Pradesh
sesame,oilseed,31.0,29.0,27.0,35.4,55.6,7.8,67.3,sandy,kharif,rainfed,West Bengal
pepper,spice,41.0,39.0,96.0,24.5,78.8,6.57,368.0,loamy,kharif,irrigated,Tamil Nadu
horsegram,pulse,13.0,20.0,18.0,19.0,41.7,7.27,82.8,red,rabi,rainfed,Andhra Pradesh
castor,oilseed,31.0,27.0,30.0,23.1,46.4,7.03,103.8,loamy,kharif,rainfed,Karnataka
guava,horticulture,31.0,21.0,43.0,40.9,65.0,5.77,110.8,sandy,kharif,rainfed,Maharashtra
soybean,oilseed,34.0,83.0,70.0,26.7,57.6,6.53,69.5,alluvial,kharif,rainfed,Madhya Pradesh
bajra,millet,34.0,17.0,41.0,36.0,31.0,7.53,38.6,red,kharif,irrigated,Rajasthan
tomato,vegetable,61.0,50.0,70.0,29.7,70.6,7.04,58.3,alluvial,rabi,irrigated,Maharashtra
tobacco,cash,58.0,46.0,53.0,18.5,65.3,7.31,99.0,sandy,rabi,rainfed,Andhra Pradesh
pineapple,horticulture,57.0,34.0,56.0,36.5,88.9,5.4,148.0,loamy,kharif,irrigated,Karnataka
rose,flower,37.0,54.0,58.0,26.5,77.6,6.06,94.1,alluvial,rabi,rainfed,West Bengal
barley,cereal,102.0,43.0,35.0,10.1,44.8,7.2,76.3,sandy,rabi,rainfed,Madhya Pradesh
muskmelon,horticulture,40.0,40.0,66.0,36.2,52.6,6.79,85.8,loamy,zaid,rainfed,Uttar Pradesh
chilli,spice,58.0,41.0,71.0,31.4,56.1,5.84,56.1,loamy,rabi,irrigated,Karnataka
brinjal,vegetable,49.0,36.0,51.0,23.4,66.5,6.1,115.2,sandy,rabi,rainfed,West Bengal
arecanut,plantation,34.0,17.0,82.0,35.1,65.8,7.43,171.5,loamy,kharif,rainfed,Assam
cocoa,plantation,29.0,35.0,50.0,37.4,96.1,7.21,174.0,alluvial,kharif,rainfed,Kerala
coriander,spice,45.0,49.0,42.0,26.7,50.0,7.31,43.8,sandy,rabi,rainfed,Rajasthan
sunflower,oilseed,67.0,68.0,68.0,25.4,77.2,7.61,66.5,alluvial,kharif,irrigated,Orissa
cashew,plantation,12.0,13.0,16.0,38.5,62.6,6.91,185.7,laterite,kharif,rainfed,Goa
papaya,horticulture,72.0,40.0,71.0,26.8,62.6,6.22,117.7,loamy,kharif,irrigated,Tamil Nadu
grapes,horticulture,43.0,40.0,30.0,29.7,75.2,7.78,51.9,black,rabi,irrigated,Mizoram
turmeric,spice,47.0,65.0,63.0,25.3,88.0,6.71,171.0,loamy,kharif,rainfed,Andhra Pradesh
coriander,spice,34.0,35.0,37.0,17.2,54.6,6.36,72.6,sandy,rabi,rainfed,Rajasthan
cocoa,plantation,38.0,37.0,60.0,37.1,84.9,7.33,239.5,loamy,kharif,irrigated,Tamil Nadu
turmeric,spice,85.0,60.0,72.0,29.4,78.8,6.9,205.5,alluvial,kharif,rainfed,Telangana
cowpea,pulse,18.0,52.0,22.0,23.4,57.9,5.87,65.6,sandy,zaid,rainfed,Maharashtra
orange,horticulture,33.0,23.0,21.0,18.5,73.4,5.93,127.9,loamy,rabi,rainfed,Meghalaya
cashew,plantation,19.0,15.0,12.0,40.4,68.5,5.66,170.3,laterite,kharif,irrigated,Goa
apple,horticulture,42.0,40.0,32.0,18.2,89.5,5.75,180.8,alluvial,rabi,rainfed,Arunachal Pradesh
cardamom,spice,34.0,19.0,54.0,25.7,88.7,5.7,253.3,red,kharif,rainfed,Arunachal Pradesh
bajra,millet,42.0,15.0,24.0,27.8,52.6,8.46,67.8,loamy,kharif,irrigated,Maharashtra
turmeric,spice,76.0,50.0,63.0,34.5,64.7,6.25,151.5,loamy,kharif,rainfed,Tamil Nadu
arecanut,plantation,34.0,21.0,93.0,28.8,84.2,6.86,222.0,loamy,kharif,rainfed,Tamil Nadu
sapota,horticulture,21.0,26.0,45.0,20.9,79.6,7.68,105.4,loamy,kharif,rainfed,Gujarat
cocoa,plantation,35.0,38.0,42.0,28.3,74.6,7.35,158.5,loamy,kharif,irrigated,Kerala
cotton,cash,85.0,54.0,68.0,24.6,57.1,6.03,129.3,alluvial,kharif,irrigated,Rajasthan
greengram,pulse,16.0,40.0,23.0,25.3,70.6,7.19,105.0,loamy,kharif,rainfed,Maharashtra
banana,horticulture,90.0,63.0,100.0,37.1,65.2,7.02,139.9,red,kharif,rainfed,Gujarat
blackgram,pulse,22.0,50.0,35.0,34.8,61.5,6.22,67.3,loamy,rabi,rainfed,Uttar Pradesh
grapes,horticulture,25.0,32.0,37.0,24.3,61.3,7.73,46.7,black,rabi,rainfed,Mizoram
guava,horticulture,29.0,24.0,36.0,36.3,73.4,6.81,111.0,alluvial,kharif,rainfed,Maharashtra
watermelon,horticulture,48.0,45.0,50.0,35.1,79.1,6.56,52.9,red,zaid,irrigated,Rajasthan
rose,flower,50.0,47.0,66.0,29.4,83.9,6.84,137.6,loamy,rabi,rainfed,Tamil Nadu
cabbage,vegetable,124.0,61.0,67.0,17.0,83.3,6.98,108.4,alluvial,rabi,rainfed,Assam
tomato,vegetable,81.0,53.0,60.0,27.3,78.2,6.59,122.7,alluvial,kharif,rainfed,Odisha
apple,horticulture,27.0,28.0,29.0,20.9,63.8,5.61,159.8,alluvial,rabi,irrigated,Arunachal Pradesh
okra,vegetable,51.0,58.0,43.0,29.6,72.5,6.95,103.4,sandy,zaid,rainfed,West Bengal
guava,horticulture,29.0,35.0,46.0,38.6,63.0,5.94,115.2,laterite,kharif,irrigated,Karnataka
groundnut,cash,19.0,75.0,73.0,25.6,79.3,6.58,127.3,red,kharif,irrigated,Tamil Nadu
muskmelon,horticulture,55.0,23.0,61.0,33.7,80.5,6.67,77.0,sandy,zaid,rainfed,Punjab
wheat,cereal,96.0,54.0,63.0,22.9,68.6,6.43,53.4,alluvial,rabi,rainfed,Madhya Pradesh
sunflower,oilseed,70.0,69.0,52.0,22.4,74.3,7.68,85.9,black,kharif,rainfed,Orissa
groundnut,cash,20.0,59.0,59.0,31.3,78.4,6.36,66.3,red,kharif,rainfed,Andhra Pradesh
papaya,horticulture,80.0,43.0,59.0,36.1,73.0,6.82,142.2,loamy,kharif,irrigated,Tamil Nadu
cowpea,pulse,16.0,51.0,32.0,28.5,65.0,6.94,84.2,loamy,kharif,rainfed,Andhra Pradesh
watermelon,horticulture,50.0,29.0,46.0,29.4,61.8,7.04,85.7,sandy,kharif,rainfed,Tamil Nadu
cashew,plantation,20.0,10.0,27.0,32.7,66.1,5.33,126.1,sandy,kharif,rainfed,Maharashtra
mothbeans,pulse,16.0,39.0,27.0,38.8,47.8,8.23,53.0,loamy,kharif,irrigated,Haryana
turmeric,spice,78.0,43.0,83.0,23.4,81.1,6.13,202.1,loamy,kharif,rainfed,Andhra Pradesh
rice,cereal,114.0,52.0,51.0,36.2,89.8,6.2,291.6,loamy,kharif,irrigated,Odisha
brinjal,vegetable,53.0,59.0,60.0,37.2,75.9,7.13,82.4,sandy,kharif,irrigated,Andhra Pradesh
tea,plantation,27.0,30.0,25.0,23.2,91.5,5.07,178.3,loamy,kharif,irrigated,Assam
rose,flower,37.0,53.0,58.0,16.8,81.3,5.85,107.6,loamy,rabi,rainfed,Karnataka
sesame,oilseed,42.0,43.0,24.0,25.7,52.3,7.39,71.6,sandy,kharif,rainfed,Tamil Nadu
mango,horticulture,40.0,39.0,52.0,40.7,68.6,7.0,211.8,loamy,kharif,irrigated,Karnataka
potato,vegetable,101.0,75.0,95.0,14.5,79.4,5.97,120.2,sandy,rabi,rainfed,Punjab
papaya,horticulture,84.0,34.0,67.0,24.4,65.3,7.46,155.0,alluvial,kharif,irrigated,Maharashtra
sapota,horticulture,43.0,26.0,51.0,19.2,72.8,7.84,196.5,laterite,kharif,irrigated,Tamil Nadu
cauliflower,vegetable,95.0,74.0,82.0,11.7,83.3,6.14,100.0,loamy,rabi,rainfed,Maharashtra
coffee,plantation,72.0,43.0,36.0,25.2,66.1,6.61,154.3,red,kharif,irrigated,Kerala
cabbage,vegetable,92.0,70.0,57.0,13.3,69.6,6.75,94.6,loamy,rabi,rainfed,West Bengal
greengram,pulse,28.0,30.0,19.0,33.6,73.7,7.26,103.0,red,kharif,rainfed,Karnataka
tea,plantation,32.0,25.0,26.0,23.3,78.5,5.14,197.2,laterite,kharif,irrigated,Tamil Nadu
kidneybeans,pulse,33.0,81.0,31.0,28.4,79.5,6.29,118.7,loamy,kharif,rainfed,Jammu & Kashmir
cashew,plantation,25.0,30.0,23.0,38.7,58.2,6.96,151.0,loamy,kharif,irrigated,Maharashtra
cotton,cash,67.0,41.0,38.0,19.5,71.6,6.24,76.1,alluvial,kharif,irrigated,Maharashtra
marigold,flower,51.0,40.0,51.0,20.4,55.7,7.13,119.1,sandy,kharif,rainfed,Tamil Nadu
rice,cereal,81.0,63.0,59.0,29.6,95.6,7.0,263.0,clay,kharif,irrigated,Uttar Pradesh
mustard,oilseed,94.0,65.0,35.0,19.1,66.2,6.07,68.7,alluvial,rabi,rainfed,Rajasthan
pineapple,horticulture,39.0,30.0,30.0,37.2,76.9,4.93,242.1,sandy,kharif,rainfed,Manipur
sunflower,oilseed,89.0,79.0,81.0,21.7,55.8,7.67,107.2,alluvial,rabi,irrigated,Orissa
chickpea,pulse,22.0,51.0,36.0,14.3,59.3,6.43,71.4,loamy,rabi,rainfed,Rajasthan
grapes,horticulture,28.0,41.0,58.0,24.9,69.1,7.66,53.2,red,rabi,rainfed,Karnataka
pigeonpeas,pulse,24.0,45.0,41.0,35.5,73.4,6.09,112.6,red,kharif,rainfed,Andhra Pradesh
watermelon,horticulture,51.0,49.0,69.0,25.6,79.8,7.33,64.7,sandy,zaid,rainfed,Karnataka
mothbeans,pulse,16.0,25.0,17.0,36.3,36.4,7.6,19.9,sandy,kharif,rainfed,Gujarat
arecanut,plantation,19.0,22.0,74.0,21.3,87.6,7.26,244.3,laterite,kharif,irrigated,Kerala
sapota,horticulture,24.0,31.0,36.0,21.4,76.9,7.96,181.8,loamy,kharif,rainfed,Gujarat
mothbeans,pulse,18.0,38.0,16.0,34.9,46.0,8.43,28.4,loamy,kharif,irrigated,Gujarat
cowpea,pulse,25.0,45.0,31.0,29.0,61.0,5.58,97.7,loamy,zaid,irrigated,Maharashtra
onion,vegetable,48.0,56.0,49.0,26.5,61.3,6.99,65.0,black,rabi,rainfed,Rajasthan
cardamom,spice,22.0,17.0,33.0,19.2,93.1,6.94,213.9,laterite,kharif,irrigated,Arunachal Pradesh
onion,vegetable,64.0,34.0,60.0,22.2,64.8,6.36,92.4,alluvial,rabi,rainfed,Gujarat
pigeonpeas,pulse,31.0,45.0,44.0,27.5,73.2,7.06,78.6,loamy,kharif,irrigated,Maharashtra
brinjal,vegetable,67.0,59.0,37.0,24.0,72.5,7.45,96.1,loamy,rabi,rainfed,West Bengal
watermelon,horticulture,47.0,54.0,68.0,24.5,69.0,7.47,64.4,loamy,zaid,rainfed,Rajasthan
jute,cash,62.0,51.0,43.0,25.6,93.4,7.39,231.9,loamy,kharif,rainfed,Odisha
jasmine,flower,61.0,34.0,52.0,36.4,84.4,6.47,99.5,sandy,kharif,rainfed,Karnataka
sunflower,oilseed,63.0,47.0,70.0,28.9,57.8,7.79,71.7,black,rabi,rainfed,Karnataka
tomato,vegetable,57.0,71.0,53.0,27.4,57.7,6.51,89.8,red,rabi,irrigated,Maharashtra
rose,flower,57.0,63.0,55.0,25.0,59.0,5.74,88.0,loamy,rabi,irrigated,West Bengal
cashew,plantation,15.0,30.0,22.0,26.8,78.8,5.19,184.0,laterite,kharif,irrigated,Maharashtra
ragi,millet,69.0,33.0,51.0,32.1,73.8,6.28,129.1,laterite,kharif,rainfed,Andhra Pradesh
rose,flower,59.0,38.0,74.0,18.4,71.3,5.59,113.2,alluvial,rabi,rainfed,Maharashtra
kidneybeans,pulse,37.0,46.0,57.0,14.7,68.0,6.97,81.4,alluvial,kharif,rainfed,Karnataka
coriander,spice,29.0,47.0,29.0,27.4,42.2,6.71,71.0,alluvial,rabi,rainfed,Andhra Pradesh
pepper,spice,64.0,37.0,87.0,20.6,88.0,5.57,262.1,laterite,kharif,rainfed,Kerala
greengram,pulse,31.0,33.0,19.0,30.1,59.7,6.36,99.7,loamy,kharif,rainfed,Rajasthan
jute,cash,91.0,40.0,58.0,36.3,95.3,6.1,206.1,loamy,kharif,rainfed,Meghalaya
chilli,spice,49.0,75.0,54.0,19.5,62.9,6.85,108.5,black,kharif,irrigated,Andhra Pradesh
okra,vegetable,64.0,38.0,42.0,39.5,74.7,7.37,124.0,sandy,zaid,irrigated,Gujarat
pineapple,horticulture,55.0,26.0,38.0,28.8,79.2,4.97,103.3,sandy,kharif,rainfed,Kerala
cauliflower,vegetable,114.0,57.0,61.0,14.6,67.0,7.31,145.4,loamy,rabi,rainfed,West Bengal
blackgram,pulse,27.0,40.0,21.0,33.5,73.7,6.39,71.7,alluvial,kharif,rainfed,Maharashtra
greengram,pulse,33.0,43.0,22.0,28.6,78.2,6.16,82.5,alluvial,zaid,rainfed,Maharashtra
cowpea,pulse,21.0,38.0,19.0,29.4,69.7,5.85,55.9,sandy,kharif,irrigated,Tamil Nadu
barley,cereal,72.0,37.0,46.0,12.2,62.3,7.42,38.2,loamy,rabi,rainfed,Haryana
jute,cash,83.0,39.0,39.0,23.2,87.3,7.37,177.5,alluvial,kharif,rainfed,Odisha
orange,horticulture,35.0,22.0,22.0,27.0,54.9,6.18,157.8,loamy,rabi,irrigated,Nagpur
arecanut,plantation,31.0,30.0,63.0,37.0,65.4,6.51,138.8,alluvial,kharif,rainfed,Kerala
okra,vegetable,31.0,53.0,35.0,23.8,68.2,6.1,94.6,sandy,kharif,rainfed,West Bengal
groundnut,cash,18.0,53.0,72.0,25.6,73.3,7.28,75.2,loamy,rabi,irrigated,Karnataka
pepper,spice,37.0,36.0,80.0,20.4,95.9,6.24,240.3,loamy,kharif,rainfed,Tamil Nadu
okra,vegetable,57.0,49.0,33.0,37.4,70.3,6.95,128.5,loamy,kharif,irrigated,Andhra Pradesh
sapota,horticulture,24.0,16.0,31.0,35.5,71.3,6.22,198.4,alluvial,kharif,rainfed,Gujarat
cauliflower,vegetable,88.0,72.0,59.0,13.5,81.9,7.37,129.7,loamy,rabi,irrigated,Odisha
rice,cereal,76.0,40.0,53.0,26.2,69.8,6.2,161.7,clay,kharif,rainfed,Tamil Nadu
tea,plantation,29.0,14.0,10.0,11.2,76.7,5.8,257.8,loamy,kharif,irrigated,West Bengal
orange,horticulture,21.0,24.0,23.0,27.8,68.5,6.08,117.8,loamy,rabi,rainfed,Assam
horsegram,pulse,11.0,28.0,31.0,30.4,50.2,5.61,56.3,red,rabi,irrigated,Tamil Nadu
kidneybeans,pulse,27.0,55.0,56.0,18.4,79.2,6.95,110.8,loamy,kharif,rainfed,Karnataka
greengram,pulse,33.0,48.0,34.0,25.5,67.3,7.32,94.9,loamy,zaid,rainfed,Andhra Pradesh
apple,horticulture,31.0,37.0,20.0,7.9,79.9,5.88,215.6,loamy,rabi,irrigated,Jammu & Kashmir
sapota,horticulture,32.0,31.0,37.0,24.0,82.0,6.51,126.5,loamy,kharif,irrigated,Andhra Pradesh
marigold,flower,49.0,54.0,75.0,15.8,69.6,6.1,75.4,alluvial,kharif,irrigated,Maharashtra
tobacco,cash,58.0,29.0,52.0,22.7,67.2,5.89,97.1,loamy,rabi,irrigated,Karnataka
tobacco,cash,37.0,39.0,45.0,32.3,62.5,7.36,86.6,alluvial,rabi,irrigated,Telangana
papaya,horticulture,75.0,41.0,79.0,25.6,71.1,6.78,149.0,sandy,kharif,irrigated,Maharashtra
potato,vegetable,129.0,62.0,113.0,15.2,84.2,6.25,97.7,sandy,rabi,rainfed,Punjab
ginger,spice,61.0,63.0,50.0,30.8,67.8,7.27,111.5,laterite,kharif,rainfed,Odisha
rose,flower,58.0,67.0,39.0,13.9,71.2,6.8,81.0,loamy,rabi,rainfed,West Bengal
tomato,vegetable,60.0,48.0,66.0,32.1,69.0,6.35,85.4,loamy,rabi,rainfed,Madhya Pradesh
cashew,plantation,22.0,12.0,19.0,34.2,62.5,5.99,171.9,sandy,kharif,rainfed,Andhra Pradesh
tomato,vegetable,71.0,38.0,70.0,26.1,72.8,6.8,78.7,alluvial,rabi,irrigated,Odisha
cocoa,plantation,35.0,29.0,33.0,29.1,74.5,6.02,256.8,laterite,kharif,rainfed,Kerala
cardamom,spice,26.0,22.0,53.0,19.0,91.0,6.03,373.8,loamy,kharif,rainfed,Kerala
sapota,horticulture,30.0,19.0,57.0,20.1,63.4,6.52,107.5,laterite,kharif,rainfed,Andhra Pradesh
cotton,cash,104.0,57.0,69.0,22.9,61.2,7.55,89.8,loamy,kharif,rainfed,Andhra Pradesh
turmeric,spice,65.0,38.0,96.0,25.1,82.3,5.14,183.0,alluvial,kharif,rainfed,Andhra Pradesh
cotton,cash,69.0,59.0,44.0,36.8,68.4,7.86,93.6,alluvial,kharif,rainfed,Andhra Pradesh
mothbeans,pulse,21.0,37.0,26.0,33.4,47.8,7.3,29.7,loamy,kharif,rainfed,Maharashtra
cotton,cash,102.0,32.0,39.0,37.3,59.2,6.18,105.7,alluvial,kharif,rainfed,Rajasthan
rose,flower,47.0,42.0,74.0,19.3,79.2,6.45,87.8,loamy,rabi,rainfed,Karnataka
sunflower,oilseed,88.0,83.0,85.0,28.0,69.8,6.33,52.5,alluvial,rabi,rainfed,Karnataka
groundnut,cash,13.0,81.0,42.0,33.5,66.1,7.47,121.7,loamy,rabi,rainfed,Rajasthan
pineapple,horticulture,38.0,42.0,34.0,27.1,81.1,5.18,213.6,loamy,kharif,rainfed,Manipur
rice,cereal,148.0,37.0,32.0,26.8,88.3,5.97,250.8,alluvial,kharif,irrigated,Tamil Nadu
potato,vegetable,82.0,52.0,117.0,19.6,79.3,5.33,94.4,alluvial,rabi,rainfed,Uttar Pradesh
tapioca,horticulture,97.0,48.0,83.0,23.8,78.0,6.62,184.9,loamy,kharif,irrigated,Andhra Pradesh
pineapple,horticulture,63.0,38.0,32.0,26.6,94.1,6.48,268.0,sandy,kharif,rainfed,Karnataka
tapioca,horticulture,69.0,29.0,103.0,34.1,80.5,5.85,122.9,loamy,kharif,rainfed,Karnataka
mango,horticulture,39.0,34.0,45.0,24.0,42.7,6.87,87.1,laterite,kharif,irrigated,Uttar Pradesh
cauliflower,vegetable,110.0,68.0,80.0,21.7,65.2,6.07,131.4,loamy,rabi,rainfed,Uttar Pradesh
sugarcane,cash,149.0,56.0,101.0,36.5,82.5,7.64,155.4,loamy,kharif,irrigated,Uttar Pradesh
bajra,millet,57.0,31.0,41.0,23.8,39.7,7.04,73.9,red,kharif,rainfed,Gujarat
banana,horticulture,99.0,73.0,109.0,38.3,72.4,6.82,180.4,red,kharif,rainfed,Maharashtra
watermelon,horticulture,66.0,42.0,49.0,38.0,55.7,6.23,69.7,sandy,kharif,rainfed,Rajasthan
pomegranate,horticulture,27.0,30.0,19.0,36.9,44.4,6.67,44.6,sandy,kharif,rainfed,Karnataka
apple,horticulture,29.0,20.0,38.0,21.3,75.9,6.2,93.7,alluvial,rabi,rainfed,Uttarakhand
sesame,oilseed,24.0,35.0,26.0,38.5,73.9,7.43,69.2,loamy,kharif,irrigated,Tamil Nadu
coriander,spice,37.0,44.0,39.0,23.6,38.1,6.12,35.7,alluvial,rabi,irrigated,Rajasthan
groundnut,cash,14.0,79.0,75.0,27.7,64.8,6.82,127.8,sandy,rabi,irrigated,Gujarat
pineapple,horticulture,41.0,42.0,39.0,33.0,79.9,5.59,266.5,loamy,kharif,irrigated,Karnataka
tobacco,cash,41.0,47.0,58.0,32.3,71.4,7.32,63.0,loamy,rabi,irrigated,Gujarat
jasmine,flower,40.0,59.0,38.0,37.2,64.4,6.42,110.6,alluvial,kharif,rainfed,Maharashtra
mothbeans,pulse,9.0,39.0,21.0,38.2,28.9,8.56,27.4,loamy,kharif,rainfed,Maharashtra
muskmelon,horticulture,64.0,25.0,37.0,36.4,70.8,7.36,53.9,loamy,zaid,rainfed,Haryana
sesame,oilseed,27.0,24.0,27.0,37.6,50.7,6.21,68.5,sandy,kharif,rainfed,Rajasthan
turmeric,spice,78.0,39.0,70.0,28.7,82.6,6.57,173.9,red,kharif,irrigated,Odisha
bajra,millet,47.0,23.0,36.0,35.0,54.6,8.02,63.7,red,kharif,rainfed,Gujarat
okra,vegetable,50.0,38.0,37.0,39.5,72.5,6.8,69.3,sandy,kharif,rainfed,Andhra Pradesh
castor,oilseed,42.0,32.0,29.0,40.5,62.7,7.07,53.8,sandy,kharif,irrigated,Tamil Nadu
sugarcane,cash,145.0,48.0,125.0,26.6,86.0,6.54,98.5,black,kharif,rainfed,Uttar Pradesh
sunflower,oilseed,83.0,50.0,61.0,17.4,51.0,7.09,73.8,loamy,rabi,irrigated,Andhra Pradesh
chickpea,pulse,27.0,63.0,64.0,23.8,49.9,7.06,50.8,black,rabi,rainfed,Rajasthan
ragi,millet,69.0,46.0,56.0,30.2,58.0,5.99,103.5,loamy,kharif,irrigated,Odisha
wheat,cereal,115.0,48.0,52.0,23.7,51.2,7.17,74.8,black,rabi,rainfed,Rajasthan
chickpea,pulse,26.0,42.0,36.0,23.7,61.4,6.02,72.8,loamy,rabi,rainfed,Uttar Pradesh
bajra,millet,52.0,15.0,45.0,27.6,44.6,6.12,86.1,red,kharif,irrigated,Rajasthan
pepper,spice,30.0,23.0,74.0,24.1,77.9,6.77,230.3,red,kharif,irrigated,Kerala
greengram,pulse,17.0,39.0,34.0,36.5,66.4,7.46,65.7,loamy,zaid,rainfed,Rajasthan
cashew,plantation,13.0,30.0,10.0,18.6,55.1,6.59,211.2,laterite,kharif,irrigated,Andhra Pradesh
grapes,horticulture,42.0,39.0,64.0,14.1,78.5,7.55,83.2,loamy,rabi,rainfed,Mizoram
papaya,horticulture,50.0,52.0,71.0,23.9,78.9,7.14,128.2,sandy,kharif,irrigated,Gujarat
jasmine,flower,45.0,32.0,61.0,31.7,66.7,7.3,89.9,sandy,kharif,rainfed,Karnataka
coffee,plantation,49.0,21.0,52.0,26.2,74.4,7.15,107.2,loamy,kharif,rainfed,Odisha
arecanut,plantation,39.0,31.0,67.0,29.2,83.5,6.67,150.7,alluvial,kharif,rainfed,West Bengal
turmeric,spice,78.0,69.0,90.0,28.2,75.1,5.31,172.2,red,kharif,rainfed,Telangana
watermelon,horticulture,53.0,50.0,53.0,32.0,65.4,6.81,76.6,loamy,kharif,irrigated,Andhra Pradesh
ragi,millet,84.0,35.0,28.0,21.6,59.4,6.84,102.1,loamy,kharif,rainfed,Tamil Nadu
brinjal,vegetable,69.0,49.0,50.0,34.5,80.3,6.96,59.3,loamy,rabi,rainfed,Andhra Pradesh
pigeonpeas,pulse,35.0,40.0,40.0,23.3,50.0,7.05,107.6,red,kharif,irrigated,Madhya Pradesh
tomato,vegetable,78.0,45.0,82.0,17.8,66.6,6.75,92.1,loamy,kharif,irrigated,Madhya Pradesh
lentil,pulse,22.0,31.0,19.0,14.0,63.6,6.31,57.3,alluvial,rabi,irrigated,Rajasthan
papaya,horticulture,62.0,45.0,61.0,33.1,79.5,7.43,94.1,loamy,kharif,rainfed,Gujarat
guava,horticulture,30.0,34.0,39.0,26.8,53.3,5.8,116.5,sandy,kharif,irrigated,Maharashtra
potato,vegetable,105.0,76.0,83.0,23.1,70.4,5.95,81.3,sandy,rabi,irrigated,Uttar Pradesh
tapioca,horticulture,77.0,53.0,131.0,34.6,72.3,5.79,168.1,loamy,kharif,rainfed,Karnataka
chilli,spice,57.0,43.0,51.0,21.0,57.9,7.01,100.7,alluvial,kharif,rainfed,Maharashtra
rice,cereal,112.0,37.0,52.0,18.5,89.0,6.66,157.8,loamy,kharif,rainfed,Punjab
grapes,horticulture,23.0,21.0,41.0,14.4,57.7,7.18,46.3,black,rabi,rainfed,Andhra Pradesh
tomato,vegetable,72.0,55.0,64.0,28.1,68.6,6.06,88.5,loamy,kharif,rainfed,Madhya Pradesh
jowar,millet,59.0,39.0,35.0,29.2,51.6,6.38,51.9,black,kharif,rainfed,Madhya Pradesh
cashew,plantation,23.0,28.0,27.0,28.1,60.3,6.51,158.3,sandy,kharif,rainfed,Goa
marigold,flower,75.0,73.0,71.0,27.1,59.9,7.45,58.3,sandy,kharif,irrigated,Maharashtra
greengram,pulse,32.0,47.0,31.0,24.0,65.8,6.6,96.0,red,zaid,rainfed,Rajasthan
mothbeans,pulse,21.0,41.0,14.0,27.3,48.2,8.66,53.4,sandy,kharif,irrigated,Haryana
watermelon,horticulture,64.0,39.0,59.0,25.5,77.4,6.74,37.5,red,zaid,irrigated,Rajasthan
mustard,oilseed,70.0,39.0,49.0,17.4,71.4,7.35,37.5,alluvial,rabi,irrigated,Madhya Pradesh
guava,horticulture,30.0,42.0,52.0,40.8,54.3,6.38,108.0,alluvial,kharif,rainfed,Allahabad
groundnut,cash,18.0,51.0,55.0,27.0,54.5,7.27,94.4,loamy,rabi,irrigated,Karnataka
onion,vegetable,62.0,44.0,58.0,16.9,56.5,6.42,99.5,black,rabi,rainfed,Karnataka
potato,vegetable,100.0,76.0,77.0,18.7,87.5,5.38,140.7,alluvial,rabi,irrigated,Punjab
banana,horticulture,103.0,51.0,121.0,26.0,65.4,6.14,220.9,alluvial,kharif,rainfed,Maharashtra
pigeonpeas,pulse,22.0,51.0,45.0,24.7,66.1,7.28,100.2,red,kharif,rainfed,Karnataka
pigeonpeas,pulse,28.0,56.0,28.0,26.8,59.5,6.57,64.5,loamy,kharif,rainfed,Andhra Pradesh
pomegranate,horticulture,31.0,31.0,28.0,41.0,35.2,8.43,69.4,loamy,kharif,rainfed,Gujarat
soybean,oilseed,40.0,69.0,67.0,26.9,79.7,6.94,127.9,loamy,kharif,rainfed,Madhya Pradesh
banana,horticulture,92.0,57.0,82.0,32.3,91.7,5.83,217.6,red,kharif,irrigated,Andhra Pradesh
coffee,plantation,63.0,32.0,50.0,22.1,80.8,6.91,158.7,loamy,kharif,rainfed,Tamil Nadu
tapioca,horticulture,83.0,38.0,76.0,34.8,64.9,6.7,99.0,loamy,kharif,rainfed,Karnataka
turmeric,spice,77.0,63.0,75.0,34.1,70.2,6.09,202.7,alluvial,kharif,rainfed,Odisha
jowar,millet,78.0,31.0,32.0,27.6,46.5,6.27,97.4,red,rabi,rainfed,Rajasthan
groundnut,cash,17.0,77.0,47.0,28.9,66.5,6.8,60.2,sandy,kharif,rainfed,Karnataka
groundnut,cash,18.0,65.0,56.0,35.8,63.9,7.03,106.8,loamy,rabi,rainfed,Karnataka
watermelon,horticulture,62.0,57.0,48.0,27.2,74.0,7.25,86.1,loamy,zaid,irrigated,Tamil Nadu
grapes,horticulture,35.0,19.0,59.0,27.0,79.2,6.89,105.2,red,rabi,irrigated,Tamil Nadu
lentil,pulse,25.0,36.0,30.0,20.8,51.5,6.24,54.0,black,rabi,irrigated,Madhya Pradesh
cardamom,spice,29.0,29.0,41.0,22.9,85.7,6.01,192.8,red,kharif,irrigated,Arunachal Pradesh
cabbage,vegetable,123.0,47.0,53.0,22.4,79.0,7.24,161.0,clay,rabi,rainfed,Assam
muskmelon,horticulture,36.0,34.0,62.0,24.0,68.3,7.26,68.1,loamy,zaid,rainfed,Haryana
tobacco,cash,59.0,38.0,28.0,21.0,61.2,5.52,81.2,loamy,rabi,rainfed,Karnataka
turmeric,spice,75.0,42.0,83.0,19.6,67.2,5.14,140.8,red,kharif,rainfed,Telangana
horsegram,pulse,27.0,25.0,17.0,26.7,45.1,7.03,79.7,laterite,rabi,rainfed,Andhra Pradesh
jasmine,flower,64.0,52.0,46.0,19.9,67.2,6.42,102.3,loamy,kharif,rainfed,Andhra Pradesh
sugarcane,cash,94.0,58.0,84.0,20.2,68.9,7.05,166.3,loamy,kharif,rainfed,Tamil Nadu
cashew,plantation,23.0,28.0,10.0,29.7,75.8,5.2,206.0,laterite,kharif,rainfed,Tamil Nadu
horsegram,pulse,13.0,28.0,20.0,25.2,60.0,6.33,76.2,red,kharif,rainfed,Andhra Pradesh
pigeonpeas,pulse,40.0,43.0,33.0,26.5,63.0,6.28,92.2,loamy,kharif,rainfed,Uttar Pradesh
cashew,plantation,10.0,12.0,12.0,21.4,50.9,6.68,173.4,sandy,kharif,rainfed,Kerala
rice,cereal,140.0,37.0,35.0,27.1,78.2,5.92,184.5,alluvial,kharif,irrigated,Punjab
tobacco,cash,33.0,51.0,45.0,18.4,56.0,5.93,70.8,loamy,rabi,rainfed,Andhra Pradesh
tobacco,cash,62.0,39.0,52.0,29.0,52.0,5.55,63.2,sandy,rabi,irrigated,Bihar
barley,cereal,58.0,48.0,30.0,12.9,61.7,7.84,68.0,loamy,rabi,rainfed,Madhya Pradesh
cardamom,spice,24.0,32.0,37.0,21.5,73.9,5.35,275.7,red,kharif,irrigated,Kerala
ginger,spice,47.0,65.0,49.0,20.9,71.3,6.06,215.4,loamy,kharif,rainfed,Arunachal Pradesh
tomato,vegetable,67.0,47.0,55.0,30.2,78.3,6.72,82.9,loamy,rabi,rainfed,Karnataka
okra,vegetable,43.0,33.0,50.0,29.4,64.2,6.06,65.7,sandy,zaid,irrigated,West Bengal
coriander,spice,32.0,38.0,42.0,24.3,36.9,6.31,35.1,alluvial,rabi,rainfed,Madhya Pradesh
greengram,pulse,25.0,38.0,24.0,36.1,63.6,7.45,90.8,alluvial,zaid,rainfed,Madhya Pradesh
chilli,spice,48.0,48.0,73.0,25.0,76.9,7.28,85.3,black,rabi,rainfed,Telangana
tobacco,cash,36.0,57.0,57.0,28.6,76.4,6.31,62.5,sandy,rabi,irrigated,Telangana
pepper,spice,59.0,22.0,76.0,27.0,86.3,6.0,331.9,loamy,kharif,rainfed,Tamil Nadu
cocoa,plantation,22.0,19.0,43.0,35.7,92.7,7.46,198.5,laterite,kharif,rainfed,Andhra Pradesh
pigeonpeas,pulse,28.0,57.0,35.0,20.0,59.1,6.62,96.3,red,kharif,rainfed,Uttar Pradesh
papaya,horticulture,70.0,37.0,48.0,26.6,57.8,6.93,143.4,loamy,kharif,rainfed,Tamil Nadu
kidneybeans,pulse,38.0,59.0,48.0,17.0,58.8,6.13,84.7,alluvial,kharif,rainfed,Uttarakhand
sugarcane,cash,134.0,71.0,103.0,34.5,73.7,6.13,167.2,alluvial,kharif,irrigated,Karnataka
tobacco,cash,56.0,32.0,35.0,34.1,57.2,6.88,63.3,loamy,rabi,irrigated,Telangana
mustard,oilseed,88.0,49.0,36.0,17.5,54.8,7.48,59.6,loamy,rabi,irrigated,Uttar Pradesh
sugarcane,cash,125.0,62.0,110.0,26.8,84.0,6.71,155.6,alluvial,kharif,irrigated,Tamil Nadu
tomato,vegetable,54.0,61.0,69.0,18.4,76.1,6.25,83.5,red,rabi,rainfed,Maharashtra
mustard,oilseed,96.0,56.0,29.0,13.6,66.7,6.85,51.7,loamy,rabi,irrigated,Haryana
cashew,plantation,15.0,21.0,26.0,31.5,80.2,6.34,157.4,sandy,kharif,rainfed,Kerala
bajra,millet,40.0,21.0,44.0,25.5,46.8,8.22,57.7,red,kharif,irrigated,Haryana
pepper,spice,31.0,34.0,89.0,20.7,71.3,6.54,346.4,red,kharif,irrigated,Assam
pigeonpeas,pulse,35.0,54.0,49.0,23.8,50.1,6.61,92.8,loamy,kharif,rainfed,Madhya Pradesh
turmeric,spice,74.0,64.0,104.0,26.4,82.9,6.59,188.1,red,kharif,rainfed,Karnataka
cardamom,spice,34.0,28.0,57.0,14.9,94.5,6.85,189.4,laterite,kharif,rainfed,Arunachal Pradesh
tea,plantation,28.0,21.0,10.0,10.2,96.5,4.72,364.9,red,kharif,rainfed,Assam
coriander,spice,42.0,34.0,41.0,24.4,49.2,7.45,30.1,loamy,rabi,rainfed,Madhya Pradesh
apple,horticulture,42.0,34.0,38.0,12.4,80.6,6.27,151.3,loamy,rabi,rainfed,Arunachal Pradesh
orange,horticulture,23.0,30.0,31.0,17.5,55.1,5.85,139.8,loamy,rabi,rainfed,Assam
mothbeans,pulse,26.0,29.0,26.0,38.6,31.7,8.45,28.2,loamy,kharif,rainfed,Haryana
tapioca,horticulture,66.0,39.0,108.0,30.1,84.9,6.01,150.6,loamy,kharif,rainfed,Andhra Pradesh
mothbeans,pulse,12.0,26.0,29.0,25.9,50.3,7.33,22.6,loamy,kharif,irrigated,Haryana
wheat,cereal,156.0,86.0,58.0,16.9,48.9,6.95,100.1,alluvial,rabi,rainfed,Haryana
groundnut,cash,15.0,55.0,40.0,23.7,77.1,6.54,94.7,red,rabi,irrigated,Gujarat
barley,cereal,94.0,46.0,45.0,18.1,44.7,6.75,56.6,sandy,rabi,irrigated,Uttar Pradesh
cotton,cash,71.0,30.0,54.0,30.8,51.7,7.45,109.1,black,kharif,irrigated,Maharashtra
watermelon,horticulture,72.0,38.0,74.0,27.9,68.5,7.07,62.9,red,kharif,rainfed,Tamil Nadu
cauliflower,vegetable,107.0,44.0,82.0,21.5,85.3,7.47,117.3,alluvial,rabi,rainfed,Bihar
pigeonpeas,pulse,30.0,62.0,42.0,21.8,46.6,6.75,84.5,loamy,kharif,rainfed,Madhya Pradesh
wheat,cereal,93.0,58.0,63.0,15.3,68.7,6.29,108.0,black,rabi,rainfed,Madhya Pradesh
cotton,cash,99.0,28.0,41.0,23.1,55.8,7.45,113.6,black,kharif,rainfed,Maharashtra
okra,vegetable,61.0,57.0,32.0,37.2,61.7,6.2,88.9,loamy,zaid,rainfed,Bihar
apple,horticulture,20.0,29.0,42.0,7.1,73.7,6.65,129.3,loamy,rabi,rainfed,Arunachal Pradesh
lentil,pulse,32.0,32.0,30.0,22.1,51.7,6.48,70.7,black,rabi,irrigated,Rajasthan
muskmelon,horticulture,56.0,36.0,59.0,36.8,73.4,7.41,47.9,loamy,zaid,rainfed,Karnataka
ginger,spice,62.0,56.0,87.0,31.2,70.9,7.49,192.4,laterite,kharif,irrigated,Kerala
sugarcane,cash,137.0,69.0,122.0,30.6,65.0,6.44,179.8,alluvial,kharif,irrigated,Tamil Nadu
jowar,millet,39.0,40.0,48.0,26.2,35.8,6.45,51.5,red,kharif,irrigated,Madhya Pradesh
tobacco,cash,39.0,37.0,54.0,19.3,67.8,5.94,95.9,sandy,rabi,irrigated,Andhra Pradesh
papaya,horticulture,85.0,30.0,74.0,34.9,64.3,6.79,139.9,alluvial,kharif,rainfed,Tamil Nadu
chilli,spice,58.0,59.0,60.0,31.8,85.0,5.6,101.9,alluvial,rabi,irrigated,Telangana
sugarcane,cash,124.0,82.0,108.0,37.4,92.3,7.91,124.0,black,kharif,irrigated,Uttar Pradesh
tea,plantation,28.0,32.0,10.0,9.6,87.7,4.66,360.7,red,kharif,rainfed,Tamil Nadu
papaya,horticulture,75.0,41.0,78.0,31.4,83.2,7.29,157.7,loamy,kharif,rainfed,Karnataka
guava,horticulture,52.0,19.0,46.0,26.9,72.3,6.15,74.1,alluvial,kharif,rainfed,Andhra Pradesh
cowpea,pulse,18.0,33.0,29.0,36.0,57.6,6.33,56.4,red,kharif,irrigated,Karnataka
cowpea,pulse,29.0,30.0,20.0,28.5,60.0,7.1,96.3,sandy,kharif,rainfed,Karnataka
maize,cereal,77.0,48.0,65.0,26.6,86.2,5.86,94.0,red,rabi,irrigated,Madhya Pradesh
tea,plantation,42.0,22.0,19.0,24.6,99.1,5.21,300.8,laterite,kharif,rainfed,Kerala
coriander,spice,38.0,46.0,38.0,20.8,62.6,6.44,61.1,sandy,rabi,rainfed,Rajasthan
cowpea,pulse,15.0,51.0,31.0,35.3,67.6,5.8,55.6,loamy,zaid,irrigated,Karnataka
coconut,plantation,35.0,25.0,72.0,26.5,80.5,7.14,314.6,laterite,kharif,irrigated,Kerala
muskmelon,horticulture,48.0,32.0,34.0,37.8,61.6,7.29,45.3,sandy,zaid,rainfed,Karnataka
jowar,millet,59.0,22.0,44.0,32.1,51.7,7.0,99.7,red,kharif,irrigated,Karnataka
barley,cereal,93.0,51.0,28.0,20.6,61.2,7.39,41.1,loamy,rabi,rainfed,Rajasthan
pigeonpeas,pulse,22.0,49.0,50.0,17.8,68.3,6.09,62.5,alluvial,kharif,rainfed,Uttar Pradesh
cowpea,pulse,25.0,31.0,37.0,33.9,61.3,7.1,70.1,sandy,kharif,rainfed,Tamil Nadu
rubber,plantation,29.0,20.0,16.0,32.4,90.1,5.32,257.1,loamy,kharif,rainfed,Tamil Nadu
pigeonpeas,pulse,21.0,57.0,52.0,32.8,65.4,6.98,93.8,alluvial,kharif,rainfed,Maharashtra
pepper,spice,44.0,19.0,67.0,28.6,82.4,6.19,325.3,red,kharif,rainfed,Andhra Pradesh
coffee,plantation,84.0,37.0,41.0,20.8,69.8,6.75,143.8,red,kharif,rainfed,Tamil Nadu
pineapple,horticulture,57.0,29.0,29.0,25.0,79.6,6.16,232.1,loamy,kharif,rainfed,Assam
guava,horticulture,32.0,23.0,37.0,19.9,65.5,7.17,108.2,alluvial,kharif,rainfed,Allahabad
tea,plantation,35.0,32.0,16.0,11.0,85.7,5.14,166.7,loamy,kharif,irrigated,Tamil Nadu
kidneybeans,pulse,43.0,67.0,40.0,24.9,59.9,6.51,125.9,alluvial,kharif,rainfed,Uttarakhand
mango,horticulture,20.0,33.0,54.0,33.4,51.9,6.31,106.2,alluvial,kharif,irrigated,Tamil Nadu
cocoa,plantation,27.0,31.0,52.0,36.6,88.2,7.5,240.0,alluvial,kharif,irrigated,Kerala
jowar,millet,41.0,24.0,33.0,30.8,27.6,7.84,51.1,red,rabi,rainfed,Karnataka
potato,vegetable,126.0,85.0,118.0,20.2,81.8,5.44,161.6,sandy,rabi,rainfed,Gujarat
sugarcane,cash,97.0,81.0,88.0,27.8,66.6,6.94,213.7,black,kharif,irrigated,Maharashtra
rose,flower,75.0,64.0,55.0,18.2,74.9,6.95,103.7,loamy,rabi,irrigated,Karnataka
pigeonpeas,pulse,35.0,50.0,31.0,27.2,47.2,6.42,83.8,loamy,kharif,rainfed,Uttar Pradesh
pineapple,horticulture,37.0,30.0,47.0,22.7,95.6,5.27,100.2,sandy,kharif,rainfed,Manipur
chilli,spice,85.0,51.0,51.0,24.0,57.3,5.76,127.7,alluvial,kharif,irrigated,Maharashtra
pineapple,horticulture,48.0,31.0,41.0,32.5,82.7,5.18,188.3,laterite,kharif,rainfed,Karnataka
potato,vegetable,97.0,74.0,81.0,13.5,76.3,6.28,157.6,alluvial,rabi,rainfed,Gujarat
blackgram,pulse,40.0,49.0,39.0,33.3,76.0,6.53,87.0,alluvial,rabi,rainfed,Madhya Pradesh
chilli,spice,58.0,37.0,48.0,28.0,54.4,5.64,94.5,alluvial,rabi,rainfed,Tamil Nadu
sesame,oilseed,39.0,36.0,38.0,40.3,63.2,6.2,80.0,loamy,kharif,rainfed,West Bengal
cotton,cash,56.0,29.0,63.0,19.8,79.6,6.06,79.2,loamy,kharif,irrigated,Gujarat
coriander,spice,46.0,45.0,26.0,25.1,66.7,7.13,28.1,alluvial,rabi,rainfed,Gujarat
castor,oilseed,57.0,32.0,45.0,37.5,48.4,8.14,102.4,alluvial,kharif,irrigated,Karnataka
jute,cash,56.0,50.0,54.0,35.8,94.9,7.02,232.4,loamy,kharif,irrigated,West Bengal
tobacco,cash,46.0,53.0,43.0,29.9,72.5,7.48,93.3,loamy,rabi,rainfed,Bihar
tapioca,horticulture,70.0,50.0,112.0,20.4,70.6,5.88,158.9,laterite,kharif,rainfed,Andhra Pradesh
mango,horticulture,29.0,40.0,71.0,38.1,51.1,7.11,140.7,laterite,kharif,irrigated,Bihar
soybean,oilseed,30.0,78.0,58.0,26.3,65.9,7.2,73.1,black,kharif,irrigated,Uttar Pradesh
rose,flower,73.0,70.0,46.0,18.5,59.9,6.02,146.1,loamy,rabi,irrigated,Himachal Pradesh
mustard,oilseed,69.0,39.0,47.0,12.1,69.1,7.21,67.7,alluvial,rabi,rainfed,Madhya Pradesh
sugarcane,cash,119.0,58.0,75.0,27.9,89.0,6.43,188.1,loamy,kharif,rainfed,Andhra Pradesh
soybean,oilseed,36.0,75.0,66.0,27.5,78.1,7.45,76.8,loamy,kharif,rainfed,Karnataka
cashew,plantation,10.0,25.0,29.0,23.7,57.7,6.83,166.9,sandy,kharif,rainfed,Goa
blackgram,pulse,31.0,53.0,33.0,28.4,75.2,6.65,68.8,loamy,kharif,rainfed,Andhra Pradesh
pepper,spice,52.0,40.0,98.0,22.7,85.4,6.55,252.5,red,kharif,rainfed,Andhra Pradesh
rubber,plantation,21.0,27.0,38.0,28.1,82.9,5.06,224.5,laterite,kharif,rainfed,Assam
cashew,plantation,12.0,10.0,16.0,25.1,75.3,5.48,131.4,laterite,kharif,rainfed,Tamil Nadu
sesame,oilseed,37.0,32.0,22.0,25.1,66.5,6.65,79.4,sandy,kharif,irrigated,Rajasthan
cauliflower,vegetable,114.0,75.0,74.0,11.9,65.9,7.36,113.5,alluvial,rabi,rainfed,West Bengal
ginger,spice,39.0,53.0,56.0,22.0,80.6,5.57,190.3,alluvial,kharif,rainfed,Odisha
sugarcane,cash,151.0,70.0,105.0,31.6,84.1,7.57,109.0,loamy,kharif,rainfed,Karnataka
horsegram,pulse,31.0,24.0,15.0,27.6,38.3,7.47,60.8,laterite,kharif,irrigated,Chhattisgarh
cardamom,spice,25.0,27.0,41.0,18.4,83.3,6.98,269.7,laterite,kharif,rainfed,Arunachal Pradesh
sunflower,oilseed,68.0,70.0,46.0,31.7,66.8,7.71,107.1,alluvial,rabi,irrigated,Karnataka
tobacco,cash,36.0,32.0,62.0,23.0,71.2,7.42,104.0,sandy,rabi,irrigated,Karnataka
mustard,oilseed,73.0,54.0,43.0,20.2,63.8,7.64,55.8,sandy,rabi,irrigated,Uttar Pradesh
sapota,horticulture,19.0,20.0,36.0,40.2,80.2,7.07,190.9,alluvial,kharif,rainfed,Tamil Nadu
jowar,millet,42.0,30.0,36.0,24.8,40.9,7.54,69.0,black,kharif,irrigated,Rajasthan
blackgram,pulse,34.0,36.0,28.0,28.5,90.8,6.84,85.8,red,kharif,irrigated,Andhra Pradesh
tapioca,horticulture,107.0,41.0,97.0,34.3,78.4,7.01,104.8,loamy,kharif,rainfed,Kerala
orange,horticulture,38.0,18.0,32.0,24.2,77.4,5.77,118.9,laterite,rabi,rainfed,Punjab
jowar,millet,42.0,25.0,42.0,28.1,42.9,6.77,71.4,loamy,kharif,rainfed,Maharashtra
ragi,millet,82.0,36.0,32.0,32.3,85.6,5.72,124.6,laterite,kharif,irrigated,Tamil Nadu
groundnut,cash,20.0,82.0,60.0,35.2,53.7,6.29,93.8,sandy,kharif,rainfed,Andhra Pradesh
groundnut,cash,19.0,47.0,51.0,29.8,69.3,7.42,64.3,sandy,kharif,rainfed,Tamil Nadu
soybean,oilseed,31.0,96.0,56.0,19.4,73.6,6.22,100.4,black,kharif,irrigated,Karnataka
ginger,spice,81.0,37.0,80.0,25.2,72.8,7.11,104.8,alluvial,kharif,irrigated,Arunachal Pradesh
ginger,spice,80.0,34.0,69.0,22.2,71.0,6.58,204.2,alluvial,kharif,rainfed,Arunachal Pradesh
banana,horticulture,84.0,61.0,99.0,32.7,76.8,6.33,165.8,red,kharif,rainfed,Tamil Nadu
rice,cereal,143.0,55.0,33.0,23.9,71.3,6.01,265.9,clay,kharif,irrigated,Andhra Pradesh
turmeric,spice,61.0,38.0,57.0,24.4,82.1,5.04,141.9,red,kharif,rainfed,Andhra Pradesh
marigold,flower,58.0,56.0,63.0,22.0,72.9,7.09,117.1,alluvial,kharif,rainfed,Andhra Pradesh
horsegram,pulse,32.0,38.0,28.0,20.1,61.7,6.26,69.2,red,rabi,rainfed,Karnataka
turmeric,spice,78.0,57.0,97.0,33.2,85.3,5.1,198.9,red,kharif,irrigated,Tamil Nadu
soybean,oilseed,48.0,76.0,38.0,28.9,71.9,7.3,112.8,loamy,kharif,rainfed,Karnataka
marigold,flower,55.0,38.0,60.0,15.6,74.9,6.97,82.2,alluvial,kharif,irrigated,Rajasthan
barley,cereal,104.0,65.0,43.0,16.1,56.1,7.77,79.1,sandy,rabi,rainfed,Madhya Pradesh
pineapple,horticulture,35.0,42.0,44.0,22.0,72.6,6.05,234.7,sandy,kharif,rainfed,West Bengal
tea,plantation,27.0,17.0,24.0,19.4,89.7,5.07,303.8,laterite,kharif,irrigated,Kerala
bajra,millet,36.0,28.0,35.0,31.7,34.6,7.03,36.0,red,kharif,rainfed,Haryana
castor,oilseed,40.0,29.0,41.0,19.1,55.5,8.36,83.6,alluvial,kharif,irrigated,Gujarat
jute,cash,77.0,41.0,43.0,24.0,82.1,6.66,153.9,loamy,kharif,rainfed,Odisha
tapioca,horticulture,92.0,45.0,131.0,30.9,82.4,7.23,145.7,laterite,kharif,irrigated,Karnataka
pineapple,horticulture,38.0,28.0,52.0,37.3,87.9,6.21,186.0,loamy,kharif,irrigated,West Bengal
apple,horticulture,43.0,43.0,18.0,12.8,60.0,6.34,205.9,loamy,rabi,rainfed,Himachal Pradesh
pomegranate,horticulture,31.0,14.0,14.0,26.4,45.6,8.5,74.6,loamy,kharif,rainfed,Rajasthan
tapioca,horticulture,70.0,55.0,114.0,21.4,83.6,7.05,202.6,loamy,kharif,rainfed,Kerala
bajra,millet,36.0,30.0,36.0,37.3,39.9,8.29,79.4,loamy,kharif,irrigated,Rajasthan
coriander,spice,28.0,30.0,31.0,24.3,68.1,7.49,70.2,alluvial,rabi,irrigated,Andhra Pradesh
tapioca,horticulture,105.0,59.0,121.0,21.1,66.2,5.88,185.0,red,kharif,rainfed,Andhra Pradesh
tea,plantation,33.0,32.0,32.0,22.3,83.5,5.58,375.6,loamy,kharif,irrigated,Tamil Nadu
lentil,pulse,27.0,58.0,22.0,25.6,59.8,6.31,57.8,black,rabi,rainfed,Madhya Pradesh
turmeric,spice,86.0,53.0,57.0,33.4,75.0,5.1,149.2,red,kharif,rainfed,Andhra Pradesh
cashew,plantation,13.0,29.0,28.0,32.5,78.3,5.44,105.5,loamy,kharif,rainfed,Kerala
muskmelon,horticulture,50.0,45.0,33.0,40.9,73.5,7.23,75.3,loamy,zaid,irrigated,Punjab
banana,horticulture,83.0,80.0,74.0,22.2,82.0,6.35,171.7,loamy,kharif,rainfed,Tamil Nadu
rubber,plantation,26.0,18.0,27.0,22.6,93.7,5.38,367.1,alluvial,kharif,irrigated,Tripura
rubber,plantation,41.0,14.0,26.0,25.2,93.1,4.9,208.2,laterite,kharif,irrigated,Tripura
coffee,plantation,55.0,30.0,40.0,24.8,64.9,6.3,125.0,loamy,kharif,rainfed,Karnataka
soybean,oilseed,28.0,57.0,57.0,23.1,79.8,6.62,94.7,black,kharif,rainfed,Uttar Pradesh
barley,cereal,106.0,39.0,40.0,18.3,60.1,6.76,38.8,loamy,rabi,rainfed,Haryana
cabbage,vegetable,128.0,62.0,47.0,11.9,67.2,7.22,139.8,alluvial,rabi,irrigated,Maharashtra
blackgram,pulse,35.0,38.0,33.0,37.1,86.6,6.23,59.5,alluvial,kharif,rainfed,Madhya Pradesh
cowpea,pulse,28.0,53.0,32.0,29.5,66.6,6.9,56.3,loamy,kharif,irrigated,Tamil Nadu
maize,cereal,64.0,50.0,54.0,28.8,77.6,6.23,122.1,red,kharif,rainfed,Bihar
turmeric,spice,72.0,43.0,99.0,33.1,73.0,6.64,108.2,loamy,kharif,rainfed,Tamil Nadu
coffee,plantation,74.0,34.0,36.0,25.4,86.0,6.28,138.0,laterite,kharif,rainfed,Andhra Pradesh
onion,vegetable,63.0,31.0,66.0,12.0,52.4,7.1,57.1,alluvial,kharif,rainfed,Karnataka
sunflower,oilseed,61.0,49.0,56.0,32.2,65.5,7.08,63.1,black,kharif,rainfed,Bihar
orange,horticulture,43.0,29.0,15.0,29.3,50.8,6.47,143.2,alluvial,rabi,irrigated,Punjab
groundnut,cash,10.0,51.0,73.0,28.3,78.9,6.3,123.3,sandy,kharif,rainfed,Andhra Pradesh
onion,vegetable,46.0,29.0,50.0,13.0,73.0,7.48,62.4,loamy,kharif,rainfed,Gujarat
marigold,flower,38.0,37.0,69.0,18.0,52.4,7.26,102.7,sandy,kharif,rainfed,Andhra Pradesh
jute,cash,79.0,41.0,50.0,34.1,85.3,7.5,260.8,loamy,kharif,rainfed,Meghalaya
potato,vegetable,82.0,74.0,94.0,11.1,77.3,5.83,132.7,alluvial,rabi,rainfed,Gujarat
cowpea,pulse,23.0,28.0,31.0,26.9,71.8,6.11,98.0,loamy,zaid,irrigated,Karnataka
pepper,spice,37.0,32.0,98.0,26.3,89.7,5.68,305.5,red,kharif,irrigated,Tamil Nadu
blackgram,pulse,35.0,49.0,42.0,27.0,80.2,7.21,100.2,red,kharif,rainfed,Maharashtra
brinjal,vegetable,64.0,35.0,57.0,29.2,65.2,5.82,111.5,sandy,rabi,irrigated,Andhra Pradesh
sesame,oilseed,22.0,44.0,21.0,35.0,58.1,7.72,40.0,loamy,kharif,rainfed,West Bengal
mango,horticulture,34.0,29.0,51.0,22.6,50.0,6.93,168.5,laterite,kharif,rainfed,Andhra Pradesh
lentil,pulse,21.0,31.0,24.0,21.7,50.9,6.45,72.7,loamy,rabi,rainfed,Madhya Pradesh
sapota,horticulture,43.0,36.0,50.0,23.6,65.0,6.23,200.4,laterite,kharif,irrigated,Tamil Nadu
chilli,spice,68.0,64.0,63.0,28.7,53.8,7.47,128.7,alluvial,rabi,rainfed,Karnataka
coffee,plantation,64.0,30.0,28.0,27.5,74.0,7.18,215.4,red,kharif,irrigated,Andhra Pradesh
brinjal,vegetable,59.0,64.0,58.0,25.1,58.1,6.65,78.9,loamy,rabi,irrigated,Bihar
cabbage,vegetable,85.0,41.0,54.0,19.2,67.2,6.74,80.4,loamy,rabi,irrigated,Maharashtra
ragi,millet,70.0,41.0,28.0,17.7,73.3,5.99,100.8,red,kharif,rainfed,Karnataka
soybean,oilseed,47.0,74.0,74.0,24.1,56.6,6.93,115.5,black,kharif,rainfed,Uttar Pradesh
cocoa,plantation,40.0,39.0,52.0,36.7,83.7,7.29,251.1,alluvial,kharif,rainfed,Kerala
mustard,oilseed,55.0,63.0,48.0,10.6,47.6,7.2,35.1,sandy,rabi,irrigated,West Bengal
wheat,cereal,140.0,52.0,48.0,17.5,56.1,6.22,99.4,black,rabi,rainfed,Uttar Pradesh
sesame,oilseed,18.0,39.0,27.0,26.2,49.8,6.82,48.5,red,kharif,rainfed,Gujarat
pomegranate,horticulture,40.0,29.0,31.0,19.7,33.0,7.23,58.8,alluvial,kharif,rainfed,Rajasthan
potato,vegetable,126.0,66.0,109.0,11.6,85.5,5.48,139.8,sandy,rabi,rainfed,Gujarat
lentil,pulse,19.0,39.0,22.0,18.0,41.7,7.38,62.0,alluvial,rabi,irrigated,Bihar
bajra,millet,38.0,20.0,27.0,38.3,27.8,7.17,82.7,sandy,kharif,irrigated,Uttar Pradesh
cowpea,pulse,18.0,35.0,19.0,32.5,68.3,6.24,96.2,sandy,zaid,irrigated,Karnataka
arecanut,plantation,40.0,26.0,72.0,33.8,79.3,7.29,188.6,alluvial,kharif,irrigated,Kerala
banana,horticulture,89.0,78.0,94.0,25.4,92.2,6.9,130.7,loamy,kharif,irrigated,Andhra Pradesh
ragi,millet,86.0,47.0,38.0,30.2,68.8,6.9,64.2,loamy,kharif,irrigated,Uttarakhand
rose,flower,45.0,75.0,48.0,18.3,71.6,6.41,79.7,alluvial,rabi,rainfed,Himachal Pradesh
chickpea,pulse,28.0,49.0,44.0,13.9,65.9,6.14,46.3,loamy,rabi,rainfed,Madhya Pradesh
sesame,oilseed,27.0,30.0,31.0,34.7,60.3,5.74,47.0,sandy,kharif,irrigated,Andhra Pradesh
orange,horticulture,42.0,19.0,37.0,28.9,55.6,5.57,120.8,loamy,rabi,rainfed,Rajasthan
rose,flower,39.0,42.0,48.0,16.7,62.4,6.94,81.7,alluvial,rabi,rainfed,Tamil Nadu
pomegranate,horticulture,30.0,28.0,34.0,17.1,58.6,7.19,74.4,sandy,kharif,rainfed,Karnataka
jowar,millet,50.0,36.0,51.0,27.4,33.2,7.53,100.9,red,rabi,rainfed,Madhya Pradesh
barley,cereal,78.0,61.0,34.0,13.5,47.8,7.89,83.7,alluvial,rabi,irrigated,Haryana
coriander,spice,38.0,40.0,41.0,17.3,38.1,6.57,66.1,alluvial,rabi,rainfed,Rajasthan
jasmine,flower,64.0,48.0,34.0,28.4,84.6,6.32,135.9,alluvial,kharif,rainfed,Karnataka
mustard,oilseed,93.0,49.0,41.0,15.6,54.2,7.42,47.3,sandy,rabi,irrigated,Rajasthan
jowar,millet,49.0,31.0,39.0,37.2,45.3,7.1,61.3,red,rabi,rainfed,Maharashtra
tapioca,horticulture,81.0,48.0,78.0,29.5,83.0,6.55,177.5,laterite,kharif,rainfed,Maharashtra
greengram,pulse,34.0,45.0,35.0,28.2,80.6,7.24,74.1,loamy,kharif,irrigated,Madhya Pradesh
tapioca,horticulture,75.0,49.0,80.0,19.7,80.9,7.06,115.8,loamy,kharif,irrigated,Kerala
mustard,oilseed,69.0,39.0,33.0,14.8,64.4,7.59,55.7,alluvial,rabi,rainfed,West Bengal
greengram,pulse,20.0,31.0,21.0,25.5,59.7,6.38,59.9,alluvial,kharif,irrigated,Madhya Pradesh
chickpea,pulse,33.0,75.0,54.0,22.7,69.3,7.39,53.3,alluvial,rabi,rainfed,Maharashtra
rose,flower,67.0,53.0,45.0,28.7,75.4,6.04,153.5,loamy,rabi,irrigated,West Bengal
cowpea,pulse,15.0,43.0,36.0,30.3,83.4,6.09,63.8,red,zaid,rainfed,Rajasthan
tomato,vegetable,86.0,44.0,81.0,19.9,55.8,7.3,96.6,alluvial,rabi,rainfed,Karnataka
potato,vegetable,109.0,71.0,110.0,19.0,67.4,6.16,108.5,alluvial,rabi,rainfed,Bihar
jasmine,flower,64.0,55.0,50.0,25.8,84.2,6.04,99.8,alluvial,kharif,rainfed,Andhra Pradesh
coriander,spice,40.0,44.0,39.0,26.8,56.4,6.82,31.0,sandy,rabi,irrigated,Gujarat
apple,horticulture,20.0,25.0,26.0,18.0,60.7,5.87,130.2,loamy,rabi,rainfed,Uttarakhand
apple,horticulture,31.0,39.0,20.0,9.8,86.7,5.81,214.8,alluvial,rabi,rainfed,Jammu & Kashmir
orange,horticulture,28.0,15.0,16.0,29.9,63.1,7.18,153.5,loamy,rabi,irrigated,Punjab
pigeonpeas,pulse,37.0,63.0,52.0,32.6,57.8,7.24,74.7,alluvial,kharif,irrigated,Karnataka
rice,cereal,79.0,56.0,56.0,20.9,80.0,6.32,187.3,alluvial,kharif,rainfed,Punjab
horsegram,pulse,20.0,25.0,15.0,20.9,52.5,6.78,52.7,loamy,rabi,rainfed,Tamil Nadu
horsegram,pulse,26.0,32.0,23.0,32.5,68.9,6.35,62.0,red,kharif,irrigated,Chhattisgarh
barley,cereal,103.0,57.0,45.0,12.6,46.5,7.67,48.5,alluvial,rabi,rainfed,Rajasthan
cashew,plantation,16.0,15.0,10.0,19.2,74.4,6.35,161.1,laterite,kharif,irrigated,Kerala
ragi,millet,79.0,27.0,52.0,20.4,76.2,6.23,110.0,laterite,kharif,rainfed,Uttarakhand
onion,vegetable,41.0,32.0,55.0,17.9,59.8,6.92,71.5,loamy,rabi,rainfed,Madhya Pradesh
tea,plantation,40.0,18.0,23.0,16.8,94.5,5.92,366.1,laterite,kharif,rainfed,Karnataka
maize,cereal,107.0,34.0,63.0,31.8,75.6,6.79,111.7,alluvial,rabi,rainfed,Madhya Pradesh
pineapple,horticulture,49.0,38.0,49.0,24.7,73.4,6.02,256.3,loamy,kharif,rainfed,West Bengal
ragi,millet,54.0,48.0,57.0,19.9,72.1,5.81,65.5,laterite,kharif,irrigated,Odisha
onion,vegetable,39.0,59.0,57.0,29.4,64.4,6.28,67.0,black,rabi,rainfed,Karnataka
papaya,horticulture,59.0,37.0,78.0,27.1,74.8,7.39,141.0,sandy,kharif,rainfed,Andhra Pradesh
cabbage,vegetable,94.0,46.0,73.0,21.5,75.3,7.29,77.9,clay,rabi,rainfed,Odisha
wheat,cereal,108.0,50.0,60.0,15.7,68.6,6.86,96.0,alluvial,rabi,rainfed,Haryana
chilli,spice,82.0,71.0,69.0,29.0,68.5,7.41,56.0,loamy,rabi,rainfed,Maharashtra
jasmine,flower,61.0,49.0,28.0,30.4,76.9,7.08,127.6,alluvial,kharif,irrigated,Karnataka
castor,oilseed,48.0,40.0,50.0,26.7,56.4,8.17,77.0,sandy,kharif,rainfed,Rajasthan
sesame,oilseed,39.0,24.0,24.0,37.3,69.9,7.87,44.9,loamy,kharif,irrigated,Rajasthan
chilli,spice,50.0,76.0,65.0,31.4,56.7,6.39,74.2,alluvial,kharif,irrigated,Karnataka
brinjal,vegetable,64.0,59.0,67.0,30.4,59.3,6.75,121.1,loamy,rabi,irrigated,Andhra Pradesh
barley,cereal,75.0,50.0,44.0,19.6,43.4,7.84,53.3,sandy,rabi,rainfed,Uttar Pradesh
cotton,cash,56.0,57.0,66.0,28.4,73.0,6.95,83.8,alluvial,kharif,irrigated,Rajasthan
coconut,plantation,24.0,17.0,68.0,23.1,80.5,6.69,199.8,sandy,kharif,rainfed,Karnataka
pineapple,horticulture,54.0,35.0,34.0,31.4,72.8,5.93,194.6,laterite,kharif,rainfed,West Bengal
grapes,horticulture,26.0,31.0,42.0,31.8,51.3,7.16,106.5,red,rabi,rainfed,Maharashtra
marigold,flower,49.0,64.0,61.0,26.4,52.1,6.03,91.0,sandy,rabi,irrigated,Tamil Nadu
mustard,oilseed,58.0,59.0,47.0,14.1,72.9,7.22,57.1,alluvial,rabi,rainfed,Uttar Pradesh
blackgram,pulse,40.0,31.0,21.0,35.8,65.6,6.25,82.1,alluvial,rabi,rainfed,Andhra Pradesh
jasmine,flower,33.0,52.0,46.0,35.6,65.4,6.13,114.9,sandy,kharif,irrigated,Tamil Nadu
jowar,millet,62.0,40.0,38.0,27.4,29.6,7.71,46.6,black,kharif,rainfed,Andhra Pradesh
cashew,plantation,24.0,15.0,21.0,35.3,77.7,6.97,172.0,laterite,kharif,irrigated,Tamil Nadu
cocoa,plantation,43.0,33.0,50.0,24.1,83.8,6.16,213.2,alluvial,kharif,rainfed,Karnataka
sugarcane,cash,134.0,74.0,75.0,34.9,86.2,7.39,192.5,loamy,kharif,irrigated,Andhra Pradesh
ragi,millet,85.0,29.0,43.0,26.6,65.8,6.95,111.7,red,kharif,irrigated,Uttarakhand
brinjal,vegetable,71.0,52.0,56.0,37.2,76.3,5.6,81.5,sandy,rabi,rainfed,Andhra Pradesh
wheat,cereal,156.0,49.0,39.0,20.0,47.9,6.41,85.3,loamy,rabi,rainfed,Punjab
apple,horticulture,24.0,23.0,25.0,16.8,60.2,5.69,201.3,alluvial,rabi,rainfed,Jammu & Kashmir
wheat,cereal,95.0,72.0,45.0,24.5,47.4,6.98,62.9,loamy,rabi,rainfed,Rajasthan
mango,horticulture,21.0,43.0,64.0,26.1,54.3,7.38,203.8,laterite,kharif,irrigated,Uttar Pradesh
cashew,plantation,12.0,32.0,29.0,39.1,51.9,5.6,100.5,laterite,kharif,rainfed,Maharashtra
wheat,cereal,119.0,66.0,43.0,19.4,63.0,7.49,64.3,loamy,rabi,irrigated,Uttar Pradesh
pomegranate,horticulture,40.0,22.0,23.0,40.5,40.8,8.26,60.4,alluvial,kharif,irrigated,Andhra Pradesh
coconut,plantation,39.0,24.0,77.0,24.9,98.1,7.61,312.4,sandy,kharif,rainfed,Tamil Nadu
pineapple,horticulture,58.0,24.0,37.0,21.1,73.4,5.74,223.9,sandy,kharif,rainfed,West Bengal
onion,vegetable,48.0,35.0,70.0,17.3,51.9,6.7,94.5,black,rabi,irrigated,Rajasthan
mango,horticulture,41.0,42.0,40.0,39.4,45.1,6.37,193.8,laterite,kharif,irrigated,Tamil Nadu
sapota,horticulture,32.0,37.0,48.0,32.8,62.5,7.84,183.8,laterite,kharif,rainfed,Tamil Nadu
mustard,oilseed,98.0,40.0,47.0,14.9,59.7,7.32,46.2,loamy,rabi,irrigated,Haryana
sunflower,oilseed,58.0,55.0,73.0,28.0,73.7,6.81,82.7,loamy,kharif,rainfed,Maharashtra
tomato,vegetable,52.0,46.0,85.0,30.3,75.8,7.29,121.8,alluvial,kharif,rainfed,Madhya Pradesh
coconut,plantation,29.0,30.0,78.0,27.1,87.5,5.97,108.2,sandy,kharif,irrigated,Karnataka
rice,cereal,76.0,35.0,52.0,29.0,71.6,6.38,288.6,alluvial,kharif,rainfed,Andhra Pradesh
tomato,vegetable,62.0,63.0,51.0,20.4,53.0,7.1,86.2,red,rabi,rainfed,Karnataka
rose,flower,58.0,40.0,66.0,27.5,75.5,5.75,112.5,loamy,rabi,rainfed,Maharashtra
mustard,oilseed,101.0,40.0,42.0,9.4,48.6,7.69,57.3,alluvial,rabi,rainfed,Rajasthan
arecanut,plantation,20.0,22.0,72.0,36.3,77.6,6.52,225.0,laterite,kharif,irrigated,Kerala
tea,plantation,25.0,26.0,21.0,24.6,88.7,4.53,293.1,red,kharif,irrigated,Kerala
muskmelon,horticulture,47.0,46.0,69.0,36.0,55.1,6.76,82.1,loamy,zaid,rainfed,Punjab
onion,vegetable,39.0,57.0,71.0,28.5,79.9,7.24,96.2,alluvial,rabi,rainfed,Madhya Pradesh
kidneybeans,pulse,38.0,80.0,30.0,29.0,74.2,7.49,115.7,loamy,kharif,rainfed,Uttarakhand
okra,vegetable,36.0,39.0,52.0,36.9,82.4,7.0,74.6,loamy,zaid,rainfed,Andhra Pradesh
blackgram,pulse,31.0,45.0,21.0,28.8,82.0,7.47,94.3,red,rabi,irrigated,Andhra Pradesh
sesame,oilseed,28.0,32.0,36.0,31.5,42.7,7.35,85.2,sandy,kharif,irrigated,Tamil Nadu
pepper,spice,42.0,42.0,74.0,23.4,73.7,6.26,292.1,red,kharif,rainfed,Assam
pomegranate,horticulture,31.0,24.0,34.0,31.2,61.1,7.67,62.9,sandy,kharif,irrigated,Rajasthan
ginger,spice,52.0,39.0,63.0,28.1,88.5,6.6,116.0,laterite,kharif,rainfed,Kerala
turmeric,spice,77.0,44.0,61.0,34.4,74.6,6.55,141.6,red,kharif,irrigated,Telangana
jute,cash,80.0,32.0,43.0,31.4,71.9,7.46,268.1,alluvial,kharif,rainfed,Meghalaya
chilli,spice,55.0,44.0,82.0,24.0,73.9,5.96,125.8,alluvial,kharif,irrigated,Maharashtra
maize,cereal,74.0,52.0,54.0,28.8,75.8,5.63,101.2,red,rabi,rainfed,Madhya Pradesh
chickpea,pulse,35.0,74.0,53.0,22.6,67.6,7.27,61.2,black,rabi,rainfed,Madhya Pradesh
cotton,cash,82.0,30.0,54.0,25.5,65.6,6.18,124.7,black,kharif,rainfed,Maharashtra
cauliflower,vegetable,79.0,39.0,56.0,21.6,84.9,6.48,76.2,loamy,rabi,rainfed,Maharashtra
soybean,oilseed,33.0,79.0,42.0,21.8,60.3,6.59,115.0,alluvial,kharif,irrigated,Rajasthan
grapes,horticulture,36.0,34.0,49.0,21.3,67.2,7.95,68.3,red,rabi,rainfed,Maharashtra
rubber,plantation,24.0,22.0,26.0,35.9,97.7,5.76,208.1,loamy,kharif,irrigated,Tripura
potato,vegetable,108.0,51.0,81.0,22.1,75.6,5.68,89.6,alluvial,rabi,irrigated,Gujarat
cardamom,spice,20.0,28.0,38.0,14.7,72.6,5.42,200.3,loamy,kharif,irrigated,Tamil Nadu
jute,cash,72.0,33.0,55.0,32.5,88.1,6.25,160.4,alluvial,kharif,rainfed,Odisha
maize,cereal,93.0,49.0,57.0,19.2,83.1,5.71,124.5,red,kharif,irrigated,Karnataka
cocoa,plantation,38.0,37.0,42.0,36.7,93.9,7.17,208.9,alluvial,kharif,irrigated,Tamil Nadu
okra,vegetable,48.0,32.0,48.0,23.4,82.5,6.86,105.9,alluvial,zaid,rainfed,Andhra Pradesh
rose,flower,58.0,65.0,70.0,23.0,56.7,5.76,137.7,loamy,rabi,rainfed,Maharashtra
sugarcane,cash,101.0,76.0,88.0,31.2,86.4,6.83,204.3,loamy,kharif,irrigated,Karnataka
soybean,oilseed,43.0,93.0,68.0,28.4,65.2,6.47,95.3,loamy,kharif,irrigated,Madhya Pradesh
jowar,millet,82.0,20.0,54.0,25.9,51.6,7.62,43.3,red,kharif,rainfed,Rajasthan
rice,cereal,127.0,54.0,63.0,28.1,80.6,5.62,145.4,loamy,kharif,irrigated,Odisha
turmeric,spice,56.0,67.0,60.0,26.8,64.5,5.24,172.3,alluvial,kharif,rainfed,Telangana
kidneybeans,pulse,19.0,84.0,38.0,18.9,62.2,6.42,117.2,alluvial,kharif,rainfed,Karnataka
bajra,millet,48.0,31.0,37.0,33.5,38.6,8.04,40.9,red,kharif,rainfed,Rajasthan
blackgram,pulse,38.0,30.0,38.0,34.2,61.2,6.16,97.1,loamy,kharif,rainfed,Uttar Pradesh
cotton,cash,102.0,33.0,48.0,27.2,51.1,7.57,94.6,loamy,kharif,rainfed,Maharashtra
rose,flower,52.0,49.0,59.0,29.6,85.0,6.33,82.4,alluvial,rabi,rainfed,West Bengal
pepper,spice,48.0,34.0,101.0,20.2,77.6,5.69,344.3,laterite,kharif,rainfed,Tamil Nadu
guava,horticulture,51.0,28.0,53.0,22.3,66.3,6.62,160.2,sandy,kharif,rainfed,Maharashtra
pepper,spice,51.0,43.0,70.0,24.8,78.6,5.68,319.6,loamy,kharif,rainfed,Karnataka
marigold,flower,44.0,49.0,41.0,31.0,53.3,6.36,61.9,sandy,rabi,irrigated,Andhra Pradesh
orange,horticulture,40.0,28.0,16.0,24.8,64.7,6.9,127.5,loamy,rabi,rainfed,Assam
jasmine,flower,50.0,41.0,29.0,22.8,73.1,7.38,91.4,sandy,kharif,rainfed,Maharashtra
coriander,spice,30.0,34.0,48.0,25.5,47.8,6.66,56.9,alluvial,rabi,rainfed,Rajasthan
potato,vegetable,122.0,85.0,119.0,21.5,61.6,5.45,154.0,alluvial,rabi,rainfed,Punjab
sunflower,oilseed,86.0,79.0,50.0,22.6,74.2,7.07,62.4,alluvial,kharif,irrigated,Andhra Pradesh
castor,oilseed,48.0,38.0,47.0,40.1,48.4,8.02,48.0,alluvial,kharif,rainfed,Gujarat
cowpea,pulse,27.0,36.0,37.0,27.5,61.7,6.78,105.4,loamy,zaid,rainfed,Tamil Nadu
arecanut,plantation,24.0,23.0,99.0,31.0,73.3,6.39,165.4,laterite,kharif,irrigated,Tamil Nadu
coconut,plantation,41.0,21.0,63.0,33.4,97.7,7.2,147.7,sandy,kharif,irrigated,Andhra Pradesh
muskmelon,horticulture,38.0,54.0,68.0,33.2,67.6,6.13,82.5,loamy,zaid,irrigated,Punjab
okra,vegetable,41.0,31.0,36.0,27.7,68.0,7.49,82.7,sandy,kharif,rainfed,Bihar
barley,cereal,68.0,49.0,51.0,9.5,59.8,7.9,69.8,loamy,rabi,rainfed,Rajasthan
onion,vegetable,38.0,33.0,63.0,14.8,57.0,6.79,65.5,loamy,rabi,rainfed,Maharashtra
pomegranate,horticulture,41.0,28.0,21.0,36.9,50.8,7.97,59.7,loamy,kharif,rainfed,Karnataka
bajra,millet,30.0,29.0,28.0,26.4,39.1,7.79,34.6,sandy,kharif,irrigated,Uttar Pradesh
jute,cash,81.0,38.0,40.0,25.6,89.0,6.15,187.2,loamy,kharif,rainfed,Bihar
arecanut,plantation,35.0,21.0,87.0,22.3,72.8,6.32,170.4,alluvial,kharif,rainfed,Kerala
mustard,oilseed,56.0,48.0,46.0,20.2,49.6,7.87,36.4,alluvial,rabi,rainfed,Madhya Pradesh
cocoa,plantation,18.0,34.0,43.0,35.4,72.4,6.85,147.3,alluvial,kharif,rainfed,Kerala
bajra,millet,48.0,22.0,35.0,34.1,49.1,7.4,40.8,sandy,kharif,irrigated,Haryana
papaya,horticulture,48.0,53.0,60.0,30.7,60.9,7.25,119.7,alluvial,kharif,rainfed,Andhra Pradesh
coconut,plantation,30.0,16.0,71.0,35.3,81.7,7.64,137.2,alluvial,kharif,rainfed,Andhra Pradesh
cardamom,spice,21.0,31.0,46.0,20.4,71.1,5.29,292.8,loamy,kharif,irrigated,Tamil Nadu
sesame,oilseed,26.0,28.0,39.0,25.8,64.3,5.84,79.4,red,kharif,rainfed,Rajasthan
kidneybeans,pulse,23.0,58.0,33.0,27.9,68.8,7.09,82.2,alluvial,kharif,irrigated,Himachal Pradesh
blackgram,pulse,29.0,50.0,41.0,34.9,89.9,6.55,55.9,loamy,rabi,rainfed,Madhya Pradesh
barley,cereal,69.0,53.0,40.0,17.0,48.4,7.51,75.0,alluvial,rabi,rainfed,Haryana
cashew,plantation,18.0,24.0,12.0,24.4,75.9,6.18,160.4,laterite,kharif,rainfed,Goa
cardamom,spice,20.0,26.0,56.0,19.3,91.4,6.96,348.8,loamy,kharif,irrigated,Karnataka
papaya,horticulture,63.0,45.0,64.0,40.4,62.6,6.7,102.1,alluvial,kharif,irrigated,Tamil Nadu
kidneybeans,pulse,32.0,70.0,52.0,16.2,64.2,6.33,94.4,alluvial,kharif,rainfed,Karnataka
cauliflower,vegetable,74.0,67.0,56.0,21.1,89.1,7.39,111.5,loamy,rabi,irrigated,Maharashtra
jasmine,flower,33.0,50.0,60.0,34.7,72.1,6.33,146.6,loamy,kharif,irrigated,Karnataka
cashew,plantation,17.0,29.0,27.0,28.3,67.9,5.06,111.4,laterite,kharif,rainfed,Tamil Nadu
sugarcane,cash,93.0,67.0,95.0,27.0,71.1,6.29,101.6,loamy,kharif,irrigated,Andhra Pradesh
sunflower,oilseed,69.0,79.0,74.0,17.8,77.8,7.25,89.2,black,rabi,rainfed,Bihar
chickpea,pulse,40.0,62.0,38.0,22.4,49.1,6.24,40.9,loamy,rabi,rainfed,Rajasthan
chickpea,pulse,43.0,55.0,53.0,15.0,56.6,6.77,86.4,black,rabi,rainfed,Rajasthan
pepper,spice,28.0,33.0,73.0,20.6,72.3,5.89,316.8,laterite,kharif,rainfed,Assam
castor,oilseed,35.0,31.0,58.0,23.4,75.5,6.04,64.3,loamy,kharif,rainfed,Andhra Pradesh
jasmine,flower,51.0,50.0,42.0,21.6,73.7,6.15,97.5,sandy,kharif,rainfed,Karnataka
mustard,oilseed,82.0,55.0,53.0,21.0,51.4,7.29,57.9,alluvial,rabi,rainfed,Rajasthan
tomato,vegetable,75.0,39.0,83.0,26.6,70.2,6.27,75.1,alluvial,rabi,rainfed,Karnataka
chilli,spice,63.0,38.0,72.0,32.1,74.3,6.07,113.4,alluvial,kharif,rainfed,Telangana
brinjal,vegetable,58.0,44.0,53.0,28.5,81.1,5.57,102.3,sandy,kharif,irrigated,Odisha
jute,cash,89.0,34.0,56.0,34.1,85.1,6.89,254.8,loamy,kharif,rainfed,Meghalaya
cotton,cash,60.0,63.0,70.0,33.7,76.4,7.05,55.8,alluvial,kharif,rainfed,Andhra Pradesh
tea,plantation,20.0,17.0,12.0,20.7,100.7,5.27,140.5,loamy,kharif,irrigated,West Bengal
arecanut,plantation,38.0,28.0,65.0,28.0,81.7,7.2,193.0,laterite,kharif,irrigated,Assam
wheat,cereal,124.0,75.0,48.0,20.9,50.6,6.7,106.1,alluvial,rabi,rainfed,Punjab
horsegram,pulse,27.0,29.0,31.0,33.6,69.3,6.48,54.8,laterite,rabi,rainfed,Odisha
tapioca,horticulture,71.0,64.0,132.0,23.7,76.1,6.84,111.5,laterite,kharif,irrigated,Andhra Pradesh
rice,cereal,141.0,61.0,34.0,18.4,77.2,6.89,284.0,alluvial,kharif,rainfed,Odisha
onion,vegetable,44.0,46.0,49.0,16.6,75.2,6.26,103.7,loamy,rabi,rainfed,Rajasthan
muskmelon,horticulture,34.0,36.0,34.0,31.6,59.3,7.3,77.1,loamy,zaid,rainfed,Haryana
rubber,plantation,42.0,27.0,40.0,34.6,91.9,6.23,357.0,loamy,kharif,rainfed,Tripura
jute,cash,73.0,31.0,40.0,25.4,74.7,6.38,235.1,loamy,kharif,rainfed,Bihar
apple,horticulture,21.0,39.0,21.0,16.3,81.2,6.43,180.7,alluvial,rabi,rainfed,Uttarakhand
pineapple,horticulture,28.0,27.0,46.0,25.9,83.8,5.14,115.8,laterite,kharif,irrigated,Manipur
pigeonpeas,pulse,42.0,39.0,34.0,28.1,57.8,6.59,101.0,loamy,kharif,rainfed,Karnataka
sesame,oilseed,25.0,28.0,21.0,28.4,64.1,7.29,57.4,sandy,kharif,irrigated,Andhra Pradesh
tomato,vegetable,86.0,71.0,76.0,27.3,74.8,6.98,122.8,loamy,kharif,rainfed,Karnataka
coriander,spice,40.0,43.0,36.0,22.4,55.6,7.03,40.9,loamy,rabi,irrigated,Madhya Pradesh
jasmine,flower,47.0,28.0,38.0,30.0,80.6,6.75,85.8,alluvial,kharif,irrigated,Karnataka
kidneybeans,pulse,28.0,53.0,33.0,24.7,65.4,6.77,100.1,loamy,kharif,irrigated,Himachal Pradesh
cardamom,spice,24.0,15.0,41.0,24.2,75.1,5.73,313.5,loamy,kharif,rainfed,Tamil Nadu
grapes,horticulture,41.0,43.0,50.0,29.2,79.3,7.14,76.4,red,rabi,rainfed,Maharashtra
lentil,pulse,23.0,35.0,25.0,25.4,49.0,7.68,65.8,alluvial,rabi,irrigated,West Bengal
cabbage,vegetable,79.0,68.0,64.0,19.0,78.2,6.59,100.7,clay,rabi,rainfed,Odisha
rubber,plantation,40.0,32.0,35.0,33.2,79.5,4.77,279.7,alluvial,kharif,irrigated,Kerala
ginger,spice,71.0,51.0,81.0,23.4,66.4,6.51,195.2,alluvial,kharif,rainfed,Arunachal Pradesh
coffee,plantation,85.0,24.0,28.0,18.3,82.9,6.34,152.4,laterite,kharif,irrigated,Odisha
barley,cereal,106.0,53.0,49.0,19.3,63.1,7.12,55.8,loamy,rabi,rainfed,Haryana
chickpea,pulse,39.0,70.0,43.0,16.2,57.4,6.86,55.9,black,rabi,irrigated,Maharashtra
groundnut,cash,11.0,49.0,62.0,36.9,52.8,6.86,79.6,red,kharif,rainfed,Tamil Nadu
chilli,spice,65.0,40.0,67.0,27.8,66.5,6.77,100.0,loamy,kharif,irrigated,Tamil Nadu
cocoa,plantation,39.0,35.0,38.0,22.3,75.6,6.99,217.0,alluvial,kharif,rainfed,Andhra Pradesh
guava,horticulture,53.0,24.0,31.0,31.5,73.5,7.0,141.8,sandy,kharif,rainfed,Karnataka
orange,horticulture,39.0,24.0,23.0,15.6,62.1,6.39,94.6,alluvial,rabi,rainfed,Nagpur
banana,horticulture,85.0,49.0,79.0,21.6,71.9,6.46,162.9,red,kharif,irrigated,Maharashtra
pomegranate,horticulture,31.0,19.0,14.0,22.8,59.6,7.2,47.4,loamy,kharif,rainfed,Andhra Pradesh
cocoa,plantation,33.0,20.0,35.0,33.6,83.6,6.36,223.4,loamy,kharif,irrigated,Kerala
lentil,pulse,37.0,29.0,32.0,20.8,51.1,6.03,50.2,loamy,rabi,irrigated,Bihar
ginger,spice,79.0,47.0,68.0,21.5,84.6,6.71,146.9,loamy,kharif,rainfed,Kerala
pigeonpeas,pulse,31.0,59.0,46.0,28.4,61.2,6.52,57.1,alluvial,kharif,rainfed,Madhya Pradesh
guava,horticulture,36.0,22.0,53.0,25.7,80.2,6.03,161.4,sandy,kharif,irrigated,Andhra Pradesh
papaya,horticulture,74.0,50.0,66.0,28.8,70.7,6.03,158.4,alluvial,kharif,rainfed,Tamil Nadu
lentil,pulse,34.0,43.0,42.0,21.8,46.6,7.42,51.9,black,rabi,irrigated,West Bengal
cauliflower,vegetable,89.0,60.0,57.0,19.2,67.7,7.25,117.5,alluvial,rabi,rainfed,Maharashtra
cocoa,plantation,25.0,23.0,48.0,26.5,78.6,6.21,265.6,loamy,kharif,rainfed,Kerala
greengram,pulse,31.0,37.0,32.0,25.6,55.9,7.26,103.3,alluvial,kharif,rainfed,Andhra Pradesh
pepper,spice,29.0,30.0,98.0,18.8,91.2,6.21,341.1,laterite,kharif,rainfed,Kerala
greengram,pulse,20.0,43.0,24.0,30.5,70.9,7.42,69.4,alluvial,zaid,irrigated,Rajasthan
greengram,pulse,37.0,50.0,39.0,30.7,62.6,6.11,86.9,alluvial,kharif,rainfed,Rajasthan
brinjal,vegetable,58.0,32.0,45.0,35.5,53.4,6.44,86.1,loamy,rabi,rainfed,Andhra Pradesh
tapioca,horticulture,72.0,59.0,83.0,34.7,86.1,6.87,169.3,laterite,kharif,rainfed,Kerala
coconut,plantation,31.0,12.0,85.0,24.5,70.9,7.11,260.3,laterite,kharif,rainfed,Tamil Nadu
tea,plantation,42.0,25.0,31.0,19.8,102.5,5.12,244.3,loamy,kharif,rainfed,Tamil Nadu
ragi,millet,72.0,44.0,47.0,23.0,62.0,6.49,89.0,loamy,kharif,rainfed,Odisha
rice,cereal,151.0,48.0,54.0,21.4,74.1,6.95,245.7,clay,kharif,rainfed,Punjab
muskmelon,horticulture,44.0,53.0,35.0,39.1,65.0,6.59,39.7,sandy,zaid,rainfed,Rajasthan
lentil,pulse,19.0,52.0,32.0,15.3,66.1,7.9,44.4,black,rabi,rainfed,Bihar
papaya,horticulture,58.0,54.0,63.0,30.0,70.6,6.5,120.7,alluvial,kharif,rainfed,Maharashtra
lentil,pulse,26.0,44.0,20.0,17.4,44.2,7.3,62.7,alluvial,rabi,irrigated,Madhya Pradesh
cauliflower,vegetable,77.0,65.0,73.0,9.3,64.6,7.36,74.1,alluvial,rabi,irrigated,Uttar Pradesh
pepper,spice,48.0,19.0,88.0,30.4,91.7,5.56,318.0,laterite,kharif,irrigated,Andhra Pradesh
mango,horticulture,37.0,29.0,59.0,33.1,46.7,5.64,123.5,alluvial,kharif,irrigated,Bihar
turmeric,spice,82.0,43.0,64.0,31.5,84.7,5.04,144.0,red,kharif,rainfed,Odisha
cowpea,pulse,16.0,50.0,38.0,36.8,69.1,6.5,79.7,red,zaid,irrigated,Karnataka
barley,cereal,104.0,50.0,40.0,7.9,45.3,6.73,59.6,loamy,rabi,rainfed,Haryana
tea,plantation,35.0,14.0,28.0,23.8,74.5,5.3,311.7,red,kharif,rainfed,Kerala
orange,horticulture,25.0,29.0,19.0,26.8,69.3,6.17,98.4,loamy,rabi,rainfed,Rajasthan
cowpea,pulse,30.0,48.0,28.0,35.9,59.9,6.23,78.1,loamy,zaid,rainfed,Maharashtra
jowar,millet,61.0,41.0,41.0,28.7,34.3,6.64,52.4,red,rabi,rainfed,Andhra Pradesh
pigeonpeas,pulse,23.0,39.0,41.0,27.8,59.6,6.63,64.7,loamy,kharif,irrigated,Madhya Pradesh
banana,horticulture,90.0,52.0,95.0,27.8,75.5,6.12,189.6,loamy,kharif,rainfed,Karnataka
cowpea,pulse,14.0,28.0,20.0,23.2,63.8,5.5,78.7,loamy,kharif,irrigated,Rajasthan
tapioca,horticulture,80.0,48.0,92.0,23.5,59.9,7.42,151.5,red,kharif,rainfed,Kerala
blackgram,pulse,22.0,36.0,43.0,30.8,70.5,7.4,86.4,alluvial,kharif,rainfed,Maharashtra
cotton,cash,107.0,42.0,45.0,20.8,57.5,7.22,116.5,loamy,kharif,irrigated,Gujarat
pigeonpeas,pulse,37.0,64.0,33.0,27.6,66.1,6.92,62.6,loamy,kharif,rainfed,Maharashtra
onion,vegetable,57.0,39.0,76.0,26.2,77.2,6.29,92.9,alluvial,rabi,irrigated,Gujarat
onion,vegetable,55.0,56.0,38.0,27.6,78.3,7.21,102.6,loamy,kharif,rainfed,Karnataka
blackgram,pulse,22.0,47.0,25.0,31.6,71.1,7.28,96.4,loamy,kharif,irrigated,Madhya Pradesh
cauliflower,vegetable,109.0,49.0,76.0,7.5,91.2,6.27,113.3,alluvial,rabi,rainfed,Uttar Pradesh
guava,horticulture,53.0,20.0,36.0,29.7,54.8,7.16,75.3,loamy,kharif,irrigated,Andhra Pradesh
sugarcane,cash,97.0,86.0,86.0,31.1,94.3,6.99,187.6,black,kharif,rainfed,Andhra Pradesh
pigeonpeas,pulse,40.0,52.0,48.0,18.9,79.9,6.92,64.8,red,kharif,irrigated,Madhya Pradesh
greengram,pulse,32.0,51.0,33.0,32.4,86.3,7.03,105.2,alluvial,zaid,rainfed,Madhya Pradesh
papaya,horticulture,84.0,30.0,46.0,27.4,62.4,6.99,136.4,loamy,kharif,rainfed,Karnataka
pomegranate,horticulture,21.0,30.0,21.0,31.7,59.4,7.43,61.6,alluvial,kharif,rainfed,Rajasthan
ragi,millet,72.0,43.0,32.0,16.3,72.7,6.23,103.7,laterite,kharif,irrigated,Andhra Pradesh
onion,vegetable,60.0,32.0,41.0,14.1,64.0,7.49,73.6,alluvial,kharif,irrigated,Karnataka
cauliflower,vegetable,76.0,58.0,82.0,11.0,71.3,6.71,133.0,alluvial,rabi,rainfed,Maharashtra
cabbage,vegetable,83.0,49.0,61.0,15.2,67.9,6.44,107.2,loamy,rabi,rainfed,Assam
bajra,millet,58.0,35.0,42.0,30.9,53.6,6.18,67.9,sandy,kharif,irrigated,Rajasthan
soybean,oilseed,36.0,73.0,54.0,22.2,79.4,6.58,120.9,loamy,kharif,rainfed,Madhya Pradesh
cashew,plantation,22.0,18.0,16.0,19.9,59.5,5.64,131.3,sandy,kharif,irrigated,Maharashtra
cauliflower,vegetable,108.0,75.0,53.0,23.5,73.2,6.92,77.5,alluvial,rabi,irrigated,Odisha
sesame,oilseed,34.0,28.0,34.0,33.3,72.7,7.23,46.9,red,kharif,irrigated,Tamil Nadu
tea,plantation,35.0,23.0,11.0,11.3,97.2,5.26,165.4,red,kharif,rainfed,West Bengal
jute,cash,81.0,52.0,54.0,37.0,84.4,6.92,209.1,loamy,kharif,rainfed,Bihar
cowpea,pulse,22.0,52.0,43.0,36.5,59.0,6.77,105.5,loamy,kharif,irrigated,Andhra Pradesh
mustard,oilseed,60.0,63.0,53.0,14.9,53.4,6.37,71.3,loamy,rabi,irrigated,West Bengal
jowar,millet,39.0,29.0,35.0,35.4,48.6,6.3,86.4,red,rabi,irrigated,Madhya Pradesh
jute,cash,93.0,28.0,48.0,35.3,73.1,6.41,196.5,loamy,kharif,rainfed,Meghalaya
soybean,oilseed,49.0,72.0,51.0,26.8,58.8,6.6,103.3,loamy,kharif,irrigated,Rajasthan
blackgram,pulse,24.0,31.0,43.0,24.8,63.3,6.2,95.4,alluvial,rabi,irrigated,Uttar Pradesh
brinjal,vegetable,70.0,40.0,75.0,22.6,71.7,5.85,117.6,sandy,rabi,irrigated,Bihar
papaya,horticulture,69.0,47.0,56.0,36.1,56.8,6.88,156.7,loamy,kharif,rainfed,Tamil Nadu
banana,horticulture,84.0,76.0,74.0,20.9,70.5,5.61,232.4,red,kharif,rainfed,Gujarat
coffee,plantation,74.0,41.0,44.0,22.8,86.0,7.25,104.4,red,kharif,rainfed,Karnataka
papaya,horticulture,51.0,47.0,62.0,23.2,80.9,7.39,102.6,sandy,kharif,rainfed,Maharashtra
watermelon,horticulture,57.0,59.0,42.0,31.0,77.1,6.72,56.1,sandy,zaid,rainfed,Tamil Nadu
ragi,millet,54.0,42.0,51.0,24.0,59.0,6.22,77.4,loamy,kharif,rainfed,Andhra Pradesh
sapota,horticulture,42.0,17.0,38.0,40.5,73.9,7.58,148.4,loamy,kharif,rainfed,Tamil Nadu
kidneybeans,pulse,22.0,54.0,34.0,21.0,65.8,6.98,97.4,loamy,kharif,rainfed,Uttarakhand
chilli,spice,72.0,52.0,66.0,22.0,57.2,6.45,96.9,black,kharif,rainfed,Maharashtra
rubber,plantation,38.0,17.0,32.0,37.0,85.9,5.24,202.0,alluvial,kharif,rainfed,Tripura
barley,cereal,82.0,49.0,29.0,12.7,54.4,7.25,77.9,loamy,rabi,rainfed,Haryana
coffee,plantation,60.0,23.0,62.0,29.7,63.4,6.33,149.8,laterite,kharif,rainfed,Kerala
chilli,spice,60.0,72.0,54.0,27.6,57.3,6.99,88.7,loamy,kharif,irrigated,Telangana
cocoa,plantation,22.0,19.0,63.0,28.2,89.0,6.41,186.5,alluvial,kharif,rainfed,Kerala
papaya,horticulture,50.0,49.0,73.0,40.1,80.1,6.25,110.5,sandy,kharif,rainfed,Karnataka
cocoa,plantation,25.0,22.0,50.0,27.3,75.2,6.62,147.5,alluvial,kharif,rainfed,Andhra Pradesh
cardamom,spice,25.0,17.0,58.0,16.5,83.0,5.11,235.0,laterite,kharif,rainfed,Kerala
mothbeans,pulse,15.0,28.0,23.0,32.8,37.0,8.81,52.4,loamy,kharif,irrigated,Haryana
sesame,oilseed,37.0,26.0,41.0,37.1,53.9,7.54,58.5,loamy,kharif,rainfed,Andhra Pradesh
onion,vegetable,46.0,58.0,52.0,29.9,57.7,6.1,82.1,alluvial,rabi,rainfed,Madhya Pradesh
sapota,horticulture,32.0,33.0,58.0,35.3,74.8,6.16,209.5,loamy,kharif,rainfed,Andhra Pradesh
cardamom,spice,24.0,28.0,56.0,24.3,71.6,5.6,362.2,loamy,kharif,irrigated,Karnataka
grapes,horticulture,24.0,19.0,33.0,19.8,55.2,6.57,99.4,red,rabi,irrigated,Mizoram
sesame,oilseed,41.0,36.0,23.0,34.4,68.2,6.43,60.2,loamy,kharif,irrigated,Andhra Pradesh
grapes,horticulture,42.0,34.0,38.0,16.6,55.1,7.59,90.1,black,rabi,irrigated,Maharashtra
sapota,horticulture,23.0,21.0,49.0,31.7,84.9,6.94,120.2,loamy,kharif,rainfed,Andhra Pradesh
papaya,horticulture,59.0,49.0,80.0,40.5,58.7,6.69,145.1,loamy,kharif,rainfed,Tamil Nadu
banana,horticulture,77.0,66.0,124.0,40.2,76.5,5.99,191.8,alluvial,kharif,rainfed,Gujarat
tomato,vegetable,63.0,44.0,57.0,17.5,58.6,7.32,62.0,alluvial,rabi,rainfed,Andhra Pradesh
tapioca,horticulture,79.0,35.0,79.0,24.6,69.9,5.92,188.3,red,kharif,irrigated,Tamil Nadu
tomato,vegetable,62.0,47.0,53.0,23.6,74.3,6.26,58.2,alluvial,rabi,irrigated,Karnataka
cauliflower,vegetable,109.0,39.0,80.0,21.7,62.9,7.32,99.2,loamy,rabi,rainfed,Odisha
sugarcane,cash,142.0,84.0,99.0,25.0,72.8,6.14,107.4,loamy,kharif,irrigated,Maharashtra
cauliflower,vegetable,126.0,63.0,66.0,18.0,87.9,6.82,124.3,alluvial,rabi,rainfed,Maharashtra
turmeric,spice,62.0,73.0,93.0,32.5,88.4,5.4,145.0,loamy,kharif,irrigated,Telangana
cashew,plantation,16.0,17.0,20.0,20.5,80.5,5.04,139.9,laterite,kharif,irrigated,Goa
banana,horticulture,105.0,79.0,129.0,32.3,87.5,5.64,211.0,red,kharif,rainfed,Tamil Nadu
castor,oilseed,36.0,27.0,45.0,25.0,48.0,6.06,64.7,alluvial,kharif,rainfed,Tamil Nadu
marigold,flower,44.0,50.0,38.0,15.2,53.0,6.18,124.7,sandy,kharif,rainfed,Karnataka
jute,cash,96.0,31.0,50.0,27.3,71.5,7.12,202.5,loamy,kharif,rainfed,Assam
sugarcane,cash,139.0,57.0,78.0,33.7,76.0,6.78,115.5,black,kharif,irrigated,Andhra Pradesh
coffee,plantation,82.0,32.0,62.0,24.7,66.2,6.71,162.3,laterite,kharif,rainfed,Tamil Nadu
mango,horticulture,19.0,42.0,57.0,36.6,40.2,5.68,88.5,alluvial,kharif,rainfed,Bihar
tapioca,horticulture,108.0,48.0,124.0,32.0,82.0,6.33,206.8,laterite,kharif,rainfed,Kerala
okra,vegetable,61.0,42.0,40.0,26.7,82.6,6.17,105.2,sandy,kharif,rainfed,West Bengal
coconut,plantation,28.0,10.0,80.0,39.2,81.4,7.36,97.7,alluvial,kharif,rainfed,West Bengal
cashew,plantation,21.0,10.0,16.0,36.7,58.9,6.93,169.1,loamy,kharif,irrigated,Andhra Pradesh
apple,horticulture,35.0,35.0,27.0,10.7,85.2,6.9,213.2,loamy,rabi,rainfed,Himachal Pradesh
mothbeans,pulse,24.0,42.0,18.0,37.2,43.0,7.78,25.3,sandy,kharif,rainfed,Gujarat
rose,flower,49.0,63.0,62.0,14.6,69.8,5.63,145.4,alluvial,rabi,rainfed,Karnataka
pigeonpeas,pulse,33.0,53.0,41.0,20.0,59.3,7.12,124.0,red,kharif,rainfed,Andhra Pradesh
chickpea,pulse,38.0,42.0,32.0,16.5,42.2,7.12,79.0,loamy,rabi,rainfed,Rajasthan
orange,horticulture,21.0,24.0,35.0,26.8,80.3,7.11,129.6,alluvial,rabi,irrigated,Punjab
sesame,oilseed,19.0,43.0,43.0,34.7,65.7,7.74,65.0,red,kharif,rainfed,West Bengal
onion,vegetable,47.0,29.0,48.0,28.1,64.9,6.16,55.6,loamy,kharif,irrigated,Madhya Pradesh
rice,cereal,88.0,29.0,44.0,28.5,90.9,6.53,312.9,loamy,kharif,rainfed,Odisha
ragi,millet,70.0,47.0,30.0,26.1,75.9,6.87,82.0,loamy,kharif,irrigated,Uttarakhand
lentil,pulse,26.0,34.0,35.0,20.0,52.5,6.98,43.9,loamy,rabi,irrigated,Uttar Pradesh
pepper,spice,31.0,35.0,85.0,26.6,87.7,6.02,286.1,red,kharif,rainfed,Assam
mothbeans,pulse,14.0,39.0,18.0,25.0,52.3,8.82,21.9,loamy,kharif,rainfed,Haryana
cowpea,pulse,17.0,40.0,30.0,24.5,67.3,6.77,83.8,sandy,kharif,rainfed,Maharashtra
tapioca,horticulture,82.0,41.0,134.0,35.9,70.5,6.2,138.6,loamy,kharif,rainfed,Andhra Pradesh
rice,cereal,147.0,62.0,51.0,31.3,68.5,6.85,232.3,loamy,kharif,rainfed,Tamil Nadu
pigeonpeas,pulse,38.0,54.0,31.0,28.6,57.2,6.4,68.5,red,kharif,rainfed,Karnataka
pineapple,horticulture,49.0,26.0,47.0,29.1,93.8,5.99,253.2,laterite,kharif,rainfed,Assam
pigeonpeas,pulse,39.0,52.0,29.0,26.6,64.4,6.66,75.2,alluvial,kharif,rainfed,Andhra Pradesh
chilli,spice,53.0,56.0,74.0,29.5,54.4,5.61,86.6,black,rabi,irrigated,Andhra Pradesh
pepper,spice,36.0,40.0,100.0,24.4,88.1,5.79,274.5,loamy,kharif,rainfed,Tamil Nadu
cotton,cash,74.0,42.0,60.0,34.4,77.9,6.77,106.2,black,kharif,rainfed,Rajasthan
brinjal,vegetable,73.0,37.0,54.0,33.6,58.9,6.12,92.1,loamy,rabi,rainfed,Odisha
jute,cash,93.0,42.0,40.0,31.7,96.7,6.72,203.3,loamy,kharif,irrigated,West Bengal
rice,cereal,97.0,35.0,57.0,30.2,75.0,6.16,263.7,clay,kharif,rainfed,Uttar Pradesh
groundnut,cash,13.0,71.0,57.0,34.5,71.0,6.68,122.1,red,kharif,rainfed,Karnataka
turmeric,spice,71.0,44.0,63.0,23.4,72.7,6.86,144.0,loamy,kharif,rainfed,Tamil Nadu
maize,cereal,72.0,32.0,64.0,23.9,79.4,6.88,120.1,red,kharif,irrigated,Andhra Pradesh
sugarcane,cash,110.0,59.0,123.0,21.9,71.4,7.6,120.7,alluvial,kharif,irrigated,Uttar Pradesh
muskmelon,horticulture,38.0,52.0,68.0,31.8,68.1,6.17,57.5,loamy,zaid,rainfed,Karnataka
marigold,flower,50.0,41.0,56.0,20.7,67.0,6.63,115.8,loamy,rabi,irrigated,Karnataka
cocoa,plantation,43.0,37.0,38.0,37.1,70.5,6.42,169.6,laterite,kharif,rainfed,Andhra Pradesh
coriander,spice,38.0,35.0,25.0,20.7,47.3,7.17,55.6,loamy,rabi,rainfed,Madhya Pradesh
watermelon,horticulture,68.0,30.0,69.0,34.6,62.1,7.5,84.9,red,kharif,rainfed,Maharashtra
cocoa,plantation,34.0,39.0,35.0,31.0,80.4,6.55,242.3,loamy,kharif,irrigated,Kerala
coriander,spice,30.0,55.0,41.0,29.3,66.3,7.26,71.5,alluvial,rabi,rainfed,Andhra Pradesh
tobacco,cash,64.0,36.0,54.0,20.8,76.5,5.76,78.4,sandy,rabi,rainfed,Andhra Pradesh
sugarcane,cash,131.0,59.0,86.0,34.0,91.5,6.41,168.4,black,kharif,irrigated,Maharashtra
cotton,cash,107.0,49.0,63.0,22.9,80.0,6.47,58.6,alluvial,kharif,rainfed,Gujarat
mustard,oilseed,63.0,39.0,42.0,18.0,53.5,7.6,43.0,loamy,rabi,rainfed,Haryana
blackgram,pulse,39.0,28.0,31.0,28.5,75.3,6.51,103.3,alluvial,kharif,rainfed,Maharashtra
ginger,spice,46.0,36.0,80.0,25.1,75.0,6.41,186.4,laterite,kharif,rainfed,Arunachal Pradesh
pineapple,horticulture,60.0,42.0,39.0,28.5,88.8,4.84,126.9,laterite,kharif,irrigated,Karnataka
soybean,oilseed,45.0,66.0,47.0,27.2,84.9,6.07,76.5,loamy,kharif,rainfed,Uttar Pradesh
lentil,pulse,31.0,53.0,28.0,17.2,42.9,6.17,34.5,alluvial,rabi,rainfed,Rajasthan
chilli,spice,72.0,46.0,77.0,31.4,62.0,7.1,85.9,alluvial,rabi,irrigated,Karnataka
chickpea,pulse,21.0,40.0,31.0,23.6,68.1,7.49,42.6,alluvial,rabi,irrigated,Madhya Pradesh
wheat,cereal,118.0,69.0,46.0,17.5,53.9,6.37,52.0,loamy,rabi,irrigated,Madhya Pradesh
rice,cereal,95.0,36.0,56.0,20.4,76.9,6.04,202.0,alluvial,kharif,rainfed,Punjab
coconut,plantation,41.0,14.0,86.0,38.2,72.0,7.95,250.0,laterite,kharif,rainfed,Kerala
tomato,vegetable,83.0,45.0,82.0,24.4,51.4,7.12,61.4,alluvial,kharif,rainfed,Madhya Pradesh
banana,horticulture,127.0,82.0,78.0,34.1,77.7,6.6,192.5,loamy,kharif,irrigated,Tamil Nadu
horsegram,pulse,20.0,38.0,32.0,31.6,40.6,6.35,72.8,loamy,kharif,irrigated,Andhra Pradesh
muskmelon,horticulture,52.0,34.0,63.0,24.1,64.4,7.0,63.1,sandy,zaid,rainfed,Punjab
papaya,horticulture,54.0,48.0,85.0,34.1,75.9,7.37,139.1,sandy,kharif,rainfed,Tamil Nadu
pepper,spice,28.0,34.0,93.0,31.9,91.8,6.69,341.3,laterite,kharif,rainfed,Tamil Nadu
jute,cash,95.0,40.0,43.0,25.0,92.9,6.71,161.4,loamy,kharif,rainfed,Assam
sunflower,oilseed,99.0,55.0,55.0,16.7,75.8,7.94,63.8,alluvial,kharif,irrigated,Andhra Pradesh
castor,oilseed,62.0,33.0,35.0,21.0,69.9,6.4,63.3,sandy,kharif,irrigated,Karnataka
kidneybeans,pulse,33.0,86.0,41.0,24.4,76.5,6.43,92.8,loamy,kharif,irrigated,Karnataka
cocoa,plantation,23.0,38.0,63.0,27.8,93.1,6.03,150.9,laterite,kharif,rainfed,Andhra Pradesh
jute,cash,57.0,34.0,52.0,24.4,78.4,7.25,140.9,alluvial,kharif,rainfed,Bihar
muskmelon,horticulture,47.0,50.0,69.0,28.2,52.9,6.34,53.9,sandy,zaid,irrigated,Haryana
cabbage,vegetable,114.0,75.0,50.0,21.7,89.1,6.45,120.5,clay,rabi,rainfed,Maharashtra
arecanut,plantation,43.0,27.0,81.0,27.1,67.4,6.8,241.0,alluvial,kharif,irrigated,Karnataka
rice,cereal,110.0,37.0,41.0,30.2,96.0,6.58,282.7,clay,kharif,rainfed,Uttar Pradesh
sunflower,oilseed,64.0,86.0,86.0,18.2,56.1,6.44,47.8,loamy,kharif,rainfed,Bihar
castor,oilseed,30.0,34.0,28.0,20.0,59.8,8.22,47.2,sandy,kharif,rainfed,Andhra Pradesh
coconut,plantation,24.0,13.0,51.0,29.1,92.0,5.71,104.4,alluvial,kharif,rainfed,Kerala
guava,horticulture,53.0,28.0,31.0,39.6,67.5,5.28,158.9,loamy,kharif,irrigated,Allahabad
grapes,horticulture,29.0,27.0,52.0,18.9,62.8,7.22,53.6,loamy,rabi,irrigated,Andhra Pradesh
cardamom,spice,21.0,22.0,49.0,14.5,74.1,5.5,291.2,red,kharif,rainfed,Karnataka
cardamom,spice,42.0,35.0,46.0,24.2,89.1,5.27,234.1,red,kharif,irrigated,Sikkim
horsegram,pulse,24.0,24.0,20.0,26.1,53.8,6.79,51.9,laterite,rabi,irrigated,Chhattisgarh
cocoa,plantation,27.0,26.0,45.0,27.7,72.5,6.62,143.5,alluvial,kharif,rainfed,Kerala
pineapple,horticulture,29.0,36.0,59.0,23.6,76.1,4.93,139.5,sandy,kharif,rainfed,Kerala
onion,vegetable,50.0,33.0,69.0,22.1,55.0,7.16,99.6,loamy,rabi,irrigated,Rajasthan
cotton,cash,88.0,30.0,65.0,29.4,77.0,6.64,67.4,black,kharif,rainfed,Gujarat
marigold,flower,61.0,70.0,71.0,24.6,64.8,6.74,66.2,sandy,kharif,irrigated,Andhra Pradesh
lentil,pulse,29.0,41.0,31.0,23.7,68.1,6.2,48.9,loamy,rabi,rainfed,Uttar Pradesh
cauliflower,vegetable,79.0,61.0,64.0,19.1,68.9,6.25,159.4,alluvial,rabi,rainfed,Odisha
tobacco,cash,44.0,46.0,36.0,30.0,58.2,6.1,83.8,alluvial,rabi,rainfed,Andhra Pradesh
jute,cash,60.0,42.0,56.0,28.5,92.5,6.07,195.4,loamy,kharif,rainfed,Assam
chickpea,pulse,40.0,76.0,58.0,26.2,59.0,6.76,39.6,alluvial,rabi,irrigated,Maharashtra
sapota,horticulture,41.0,17.0,56.0,36.6,80.3,7.82,113.7,alluvial,kharif,irrigated,Tamil Nadu
turmeric,spice,69.0,62.0,72.0,29.4,91.0,6.52,172.8,red,kharif,rainfed,Andhra Pradesh
coconut,plantation,21.0,22.0,49.0,22.6,101.8,6.81,101.1,loamy,kharif,irrigated,Andhra Pradesh
castor,oilseed,63.0,27.0,38.0,32.8,71.0,7.51,92.6,alluvial,kharif,rainfed,Karnataka
kidneybeans,pulse,24.0,80.0,46.0,16.2,55.6,6.55,102.1,loamy,kharif,irrigated,Karnataka
rice,cereal,132.0,56.0,40.0,24.1,69.6,5.5,272.3,alluvial,kharif,rainfed,Punjab
cabbage,vegetable,89.0,54.0,58.0,12.9,91.0,6.02,152.2,loamy,rabi,rainfed,Bihar
sugarcane,cash,94.0,58.0,121.0,31.6,94.5,7.4,174.6,alluvial,kharif,rainfed,Uttar Pradesh
onion,vegetable,49.0,45.0,74.0,29.1,57.2,7.11,77.8,alluvial,kharif,rainfed,Madhya Pradesh
groundnut,cash,12.0,60.0,68.0,27.4,70.0,6.95,65.1,sandy,rabi,rainfed,Rajasthan
horsegram,pulse,19.0,30.0,22.0,24.1,52.5,6.07,84.0,loamy,rabi,rainfed,Tamil Nadu
cauliflower,vegetable,113.0,46.0,65.0,13.8,77.7,6.69,136.1,loamy,rabi,rainfed,Uttar Pradesh
coriander,spice,39.0,41.0,43.0,23.5,36.9,7.25,52.0,alluvial,rabi,rainfed,Rajasthan
cauliflower,vegetable,119.0,75.0,83.0,13.7,68.4,6.92,123.0,loamy,rabi,irrigated,Uttar Pradesh
banana,horticulture,89.0,49.0,109.0,25.8,95.0,7.36,125.0,loamy,kharif,irrigated,Karnataka
ginger,spice,46.0,56.0,57.0,24.6,71.3,6.04,215.5,loamy,kharif,rainfed,Kerala
rose,flower,45.0,56.0,67.0,15.8,78.2,5.69,158.9,loamy,rabi,rainfed,Karnataka
mango,horticulture,21.0,33.0,55.0,37.2,53.8,6.66,173.8,loamy,kharif,rainfed,Karnataka
tomato,vegetable,58.0,61.0,51.0,32.0,52.4,7.07,96.3,loamy,kharif,rainfed,Karnataka
pigeonpeas,pulse,29.0,58.0,49.0,27.9,47.6,7.2,120.2,loamy,kharif,irrigated,Andhra Pradesh
onion,vegetable,52.0,31.0,72.0,19.4,62.7,7.4,64.1,loamy,rabi,irrigated,Karnataka
cauliflower,vegetable,105.0,74.0,69.0,18.4,87.4,6.53,116.9,loamy,rabi,irrigated,West Bengal
bajra,millet,31.0,30.0,44.0,24.4,57.2,7.19,48.4,red,kharif,irrigated,Haryana
sapota,horticulture,29.0,20.0,42.0,19.1,72.3,6.58,183.1,loamy,kharif,irrigated,Gujarat
marigold,flower,47.0,65.0,37.0,22.6,66.0,6.27,126.5,alluvial,rabi,rainfed,Tamil Nadu
orange,horticulture,28.0,28.0,18.0,25.6,52.8,6.68,161.7,laterite,rabi,irrigated,Meghalaya
greengram,pulse,16.0,29.0,19.0,27.6,81.6,6.1,61.9,alluvial,kharif,rainfed,Karnataka
ragi,millet,46.0,39.0,40.0,17.3,55.8,6.79,112.9,loamy,kharif,irrigated,Uttarakhand
jowar,millet,37.0,21.0,49.0,32.3,45.5,6.19,51.5,red,rabi,irrigated,Karnataka
marigold,flower,73.0,63.0,43.0,14.3,75.2,7.15,121.5,sandy,rabi,rainfed,Rajasthan
wheat,cereal,117.0,48.0,61.0,15.5,75.5,6.41,106.8,black,rabi,rainfed,Haryana
cocoa,plantation,19.0,27.0,42.0,30.9,80.2,7.23,192.6,loamy,kharif,irrigated,Andhra Pradesh
soybean,oilseed,44.0,57.0,64.0,23.7,62.5,7.22,62.8,alluvial,kharif,irrigated,Maharashtra
cashew,plantation,26.0,13.0,32.0,30.4,78.4,5.38,171.4,loamy,kharif,irrigated,Andhra Pradesh
mothbeans,pulse,18.0,23.0,21.0,27.1,53.6,8.27,30.5,loamy,kharif,rainfed,Haryana
potato,vegetable,126.0,63.0,124.0,16.5,79.5,5.11,73.6,alluvial,rabi,rainfed,West Bengal
soybean,oilseed,41.0,96.0,74.0,24.0,64.5,6.72,124.1,black,kharif,rainfed,Uttar Pradesh
sapota,horticulture,29.0,31.0,59.0,35.7,64.3,6.7,114.8,laterite,kharif,irrigated,Gujarat
coffee,plantation,73.0,29.0,58.0,21.8,62.3,6.97,164.3,loamy,kharif,rainfed,Andhra Pradesh
bajra,millet,32.0,32.0,29.0,29.2,54.0,8.41,44.8,red,kharif,rainfed,Haryana
turmeric,spice,67.0,71.0,99.0,23.4,66.6,6.79,144.9,red,kharif,rainfed,Odisha
cabbage,vegetable,116.0,39.0,81.0,15.1,78.3,7.43,147.2,alluvial,rabi,irrigated,Odisha
orange,horticulture,22.0,18.0,16.0,23.2,68.0,6.56,138.9,loamy,rabi,rainfed,Nagpur
jowar,millet,57.0,24.0,37.0,35.4,60.2,7.9,36.9,loamy,kharif,irrigated,Karnataka
papaya,horticulture,51.0,34.0,60.0,22.2,78.1,6.71,136.8,loamy,kharif,irrigated,Maharashtra
cowpea,pulse,20.0,34.0,30.0,34.8,78.7,7.04,77.5,loamy,zaid,rainfed,Karnataka
sunflower,oilseed,95.0,63.0,82.0,18.5,57.6,7.84,64.8,black,rabi,irrigated,Karnataka
potato,vegetable,81.0,71.0,87.0,22.1,61.6,6.47,109.5,alluvial,rabi,irrigated,Punjab
jowar,millet,39.0,26.0,49.0,25.6,63.0,7.71,76.4,loamy,kharif,irrigated,Madhya Pradesh
greengram,pulse,26.0,37.0,25.0,36.4,77.3,6.31,65.6,loamy,zaid,irrigated,Andhra Pradesh
chickpea,pulse,27.0,44.0,43.0,18.0,49.8,6.92,40.1,black,rabi,irrigated,Madhya Pradesh
jowar,millet,85.0,39.0,41.0,27.8,38.1,7.09,46.1,red,kharif,irrigated,Rajasthan
jowar,millet,81.0,43.0,31.0,35.8,34.3,6.16,60.5,black,rabi,rainfed,Andhra Pradesh
ragi,millet,82.0,38.0,45.0,31.8,78.6,6.04,57.9,red,kharif,rainfed,Uttarakhand
soybean,oilseed,51.0,91.0,66.0,24.0,67.9,7.3,99.6,alluvial,kharif,irrigated,Karnataka
lentil,pulse,16.0,43.0,41.0,17.3,42.3,6.68,40.1,alluvial,rabi,rainfed,Rajasthan
turmeric,spice,78.0,59.0,100.0,18.5,80.8,5.86,136.1,loamy,kharif,irrigated,Andhra Pradesh
horsegram,pulse,26.0,33.0,18.0,23.3,68.0,6.79,77.8,laterite,rabi,irrigated,Andhra Pradesh
cardamom,spice,40.0,21.0,30.0,23.2,93.4,5.51,221.2,red,kharif,rainfed,Arunachal Pradesh
castor,oilseed,28.0,29.0,45.0,35.2,68.4,6.81,49.8,loamy,kharif,rainfed,Rajasthan
arecanut,plantation,28.0,30.0,76.0,28.5,82.2,6.31,186.5,laterite,kharif,irrigated,West Bengal
potato,vegetable,126.0,59.0,113.0,11.9,86.1,5.72,78.0,sandy,rabi,rainfed,Gujarat
sugarcane,cash,110.0,55.0,94.0,37.7,80.1,6.34,197.9,black,kharif,irrigated,Karnataka
coriander,spice,54.0,49.0,34.0,26.1,36.9,7.04,52.1,loamy,rabi,irrigated,Andhra Pradesh
sunflower,oilseed,76.0,83.0,49.0,27.5,66.1,7.2,81.2,black,kharif,irrigated,Andhra Pradesh
chickpea,pulse,41.0,60.0,33.0,23.4,45.4,6.93,59.3,black,rabi,rainfed,Rajasthan
jowar,millet,59.0,36.0,44.0,25.2,42.9,7.37,98.0,black,kharif,rainfed,Rajasthan
papaya,horticulture,52.0,47.0,61.0,37.1,62.6,6.82,147.4,alluvial,kharif,rainfed,Karnataka
barley,cereal,104.0,50.0,38.0,9.3,62.1,7.45,85.2,alluvial,rabi,irrigated,Madhya Pradesh
tomato,vegetable,47.0,48.0,61.0,29.2,54.2,7.36,103.7,loamy,rabi,irrigated,Madhya Pradesh
chickpea,pulse,36.0,38.0,61.0,15.9,66.3,7.08,69.9,alluvial,rabi,irrigated,Karnataka
jowar,millet,85.0,39.0,42.0,31.8,38.1,7.37,71.1,black,kharif,rainfed,Rajasthan
cauliflower,vegetable,82.0,55.0,50.0,14.5,76.1,7.01,160.3,alluvial,rabi,irrigated,West Bengal
pomegranate,horticulture,25.0,32.0,35.0,37.3,56.2,7.52,43.6,loamy,kharif,rainfed,Karnataka
mothbeans,pulse,11.0,24.0,22.0,25.0,40.1,7.59,49.5,loamy,kharif,rainfed,Rajasthan
groundnut,cash,11.0,74.0,49.0,23.4,57.6,7.13,126.6,loamy,kharif,rainfed,Gujarat
rose,flower,48.0,55.0,64.0,21.1,64.9,5.91,80.5,alluvial,rabi,rainfed,Maharashtra
rice,cereal,100.0,49.0,36.0,22.7,66.7,6.45,180.6,clay,kharif,irrigated,Andhra Pradesh
tomato,vegetable,68.0,47.0,86.0,31.7,59.9,6.76,67.3,loamy,rabi,rainfed,Madhya Pradesh
muskmelon,horticulture,38.0,24.0,43.0,37.4,58.9,7.03,50.7,sandy,zaid,irrigated,Haryana
potato,vegetable,93.0,56.0,106.0,20.2,61.2,6.05,113.0,loamy,rabi,irrigated,Punjab
lentil,pulse,34.0,50.0,31.0,16.1,47.3,7.27,61.5,alluvial,rabi,irrigated,Uttar Pradesh
orange,horticulture,38.0,18.0,27.0,27.8,52.9,6.38,161.7,laterite,rabi,rainfed,Nagpur
cotton,cash,72.0,53.0,58.0,29.8,50.7,6.39,63.3,alluvial,kharif,rainfed,Maharashtra
okra,vegetable,52.0,46.0,39.0,24.5,65.7,6.23,108.3,alluvial,zaid,irrigated,West Bengal
guava,horticulture,41.0,38.0,58.0,24.4,80.9,5.13,83.1,sandy,kharif,rainfed,Andhra Pradesh
okra,vegetable,52.0,58.0,32.0,39.4,71.7,6.19,126.1,alluvial,zaid,rainfed,Gujarat
rice,cereal,97.0,32.0,43.0,36.6,86.6,6.85,252.5,loamy,kharif,rainfed,Tamil Nadu
bajra,millet,55.0,33.0,45.0,28.3,47.8,6.75,79.8,loamy,kharif,irrigated,Maharashtra
pepper,spice,40.0,41.0,81.0,21.3,92.5,5.72,263.4,loamy,kharif,irrigated,Assam
maize,cereal,80.0,32.0,63.0,33.2,82.9,6.65,106.6,alluvial,kharif,rainfed,Karnataka
orange,horticulture,40.0,24.0,24.0,23.9,70.9,6.95,130.4,alluvial,rabi,rainfed,Assam
orange,horticulture,19.0,28.0,20.0,19.2,60.9,6.34,157.8,alluvial,rabi,irrigated,Rajasthan
mothbeans,pulse,19.0,22.0,21.0,32.3,28.6,7.89,43.1,loamy,kharif,irrigated,Gujarat
grapes,horticulture,39.0,36.0,45.0,20.1,63.7,7.34,88.4,red,rabi,irrigated,Mizoram
coriander,spice,50.0,51.0,41.0,22.2,62.1,6.78,29.3,alluvial,rabi,rainfed,Karnataka
mothbeans,pulse,24.0,23.0,30.0,25.0,28.0,8.0,29.3,sandy,kharif,rainfed,Gujarat
mango,horticulture,30.0,19.0,49.0,19.0,74.4,6.57,124.1,alluvial,kharif,rainfed,Andhra Pradesh
watermelon,horticulture,56.0,55.0,44.0,36.0,52.5,7.02,57.2,loamy,zaid,rainfed,Karnataka
cabbage,vegetable,84.0,38.0,65.0,14.0,62.3,7.48,83.5,alluvial,rabi,irrigated,West Bengal
tomato,vegetable,46.0,56.0,53.0,19.2,70.1,7.47,73.2,loamy,kharif,rainfed,Karnataka
mothbeans,pulse,25.0,42.0,24.0,32.0,26.9,8.99,35.1,sandy,kharif,rainfed,Haryana
cardamom,spice,33.0,32.0,49.0,26.6,81.4,5.18,213.2,laterite,kharif,rainfed,Kerala
cashew,plantation,26.0,24.0,29.0,35.0,78.2,5.69,149.3,loamy,kharif,rainfed,Maharashtra
blackgram,pulse,23.0,53.0,29.0,26.8,78.7,6.74,75.0,loamy,rabi,irrigated,Tamil Nadu
marigold,flower,46.0,63.0,73.0,26.1,75.5,7.2,64.7,sandy,kharif,rainfed,Maharashtra
groundnut,cash,18.0,60.0,60.0,33.2,53.7,7.29,125.1,sandy,rabi,irrigated,Karnataka
ragi,millet,71.0,48.0,56.0,30.0,70.5,6.98,123.4,red,kharif,rainfed,Andhra Pradesh
apple,horticulture,30.0,20.0,24.0,17.9,60.1,5.71,122.6,alluvial,rabi,rainfed,Jammu & Kashmir
lentil,pulse,24.0,34.0,26.0,17.7,68.1,6.92,36.4,black,rabi,irrigated,Madhya Pradesh
papaya,horticulture,67.0,47.0,61.0,29.1,85.9,7.46,135.6,loamy,kharif,rainfed,Tamil Nadu
coriander,spice,31.0,37.0,28.0,19.3,43.9,7.31,58.3,loamy,rabi,rainfed,Karnataka
rubber,plantation,37.0,27.0,22.0,27.8,82.5,5.76,309.6,loamy,kharif,rainfed,Tripura
watermelon,horticulture,67.0,49.0,51.0,38.9,52.0,7.1,54.3,sandy,kharif,rainfed,Rajasthan
coriander,spice,49.0,44.0,31.0,23.8,50.2,6.55,67.2,loamy,rabi,irrigated,Gujarat
chickpea,pulse,25.0,50.0,65.0,26.3,64.3,7.52,37.4,alluvial,rabi,rainfed,Rajasthan
horsegram,pulse,12.0,23.0,31.0,24.3,47.0,5.69,37.5,laterite,rabi,rainfed,Andhra Pradesh
jute,cash,94.0,39.0,44.0,29.5,80.1,7.23,148.4,alluvial,kharif,rainfed,Bihar
cocoa,plantation,35.0,39.0,51.0,34.5,86.3,6.19,204.8,laterite,kharif,irrigated,Kerala
pomegranate,horticulture,28.0,14.0,31.0,24.9,46.0,7.75,39.5,sandy,kharif,rainfed,Rajasthan
wheat,cereal,92.0,49.0,44.0,24.1,62.2,7.09,78.7,black,rabi,rainfed,Madhya Pradesh
okra,vegetable,54.0,44.0,59.0,39.0,85.3,6.66,60.7,loamy,zaid,irrigated,Andhra Pradesh
blackgram,pulse,21.0,29.0,27.0,26.5,88.9,7.5,104.8,red,rabi,irrigated,Maharashtra
bajra,millet,53.0,29.0,34.0,36.1,42.9,7.66,65.3,red,kharif,rainfed,Haryana
bajra,millet,28.0,16.0,27.0,39.7,41.4,6.16,40.6,sandy,kharif,rainfed,Uttar Pradesh
coffee,plantation,51.0,30.0,46.0,28.3,91.2,6.31,181.1,laterite,kharif,rainfed,Tamil Nadu
marigold,flower,60.0,47.0,37.0,15.5,75.6,6.37,113.8,sandy,kharif,rainfed,Karnataka
turmeric,spice,66.0,53.0,82.0,33.9,77.3,6.55,212.0,alluvial,kharif,irrigated,Telangana
sunflower,oilseed,84.0,64.0,76.0,31.8,57.4,6.47,71.1,black,rabi,rainfed,Orissa
ragi,millet,86.0,26.0,30.0,31.6,70.6,5.51,119.0,red,kharif,irrigated,Uttarakhand
greengram,pulse,33.0,42.0,20.0,28.1,85.7,6.96,65.8,red,kharif,irrigated,Rajasthan
pigeonpeas,pulse,32.0,56.0,43.0,26.4,50.1,6.14,109.5,red,kharif,irrigated,Maharashtra
coriander,spice,52.0,39.0,32.0,19.1,46.9,6.57,58.1,loamy,rabi,irrigated,Rajasthan
brinjal,vegetable,57.0,62.0,46.0,24.8,50.7,7.28,81.0,loamy,kharif,rainfed,Andhra Pradesh
rice,cereal,116.0,33.0,36.0,31.9,87.6,5.6,213.8,alluvial,kharif,irrigated,Tamil Nadu
jute,cash,80.0,52.0,49.0,34.6,69.4,7.2,196.9,alluvial,kharif,irrigated,West Bengal
jasmine,flower,48.0,34.0,62.0,22.5,77.1,6.48,114.2,loamy,kharif,rainfed,Tamil Nadu
cabbage,vegetable,115.0,65.0,78.0,21.2,74.1,6.44,90.0,alluvial,rabi,rainfed,Assam
marigold,flower,59.0,51.0,75.0,14.7,68.0,6.05,86.8,loamy,kharif,rainfed,Rajasthan
kidneybeans,pulse,33.0,60.0,56.0,28.1,60.0,7.16,85.1,alluvial,kharif,rainfed,Himachal Pradesh
guava,horticulture,37.0,20.0,57.0,21.7,55.4,6.76,138.9,loamy,kharif,rainfed,Karnataka
cabbage,vegetable,125.0,41.0,59.0,15.0,78.1,6.67,130.6,loamy,rabi,irrigated,Assam
cowpea,pulse,27.0,39.0,21.0,24.9,64.0,6.95,97.8,red,kharif,rainfed,Andhra Pradesh
arecanut,plantation,36.0,20.0,103.0,33.1,66.7,7.49,261.3,loamy,kharif,irrigated,Karnataka
orange,horticulture,31.0,30.0,29.0,23.8,79.1,6.78,107.0,alluvial,rabi,rainfed,Meghalaya
papaya,horticulture,83.0,40.0,70.0,34.1,69.2,7.32,144.8,loamy,kharif,irrigated,Tamil Nadu
groundnut,cash,16.0,79.0,67.0,26.4,64.4,6.21,69.4,loamy,rabi,rainfed,Andhra Pradesh
sesame,oilseed,22.0,35.0,29.0,27.4,49.2,7.61,86.0,loamy,kharif,rainfed,West Bengal
marigold,flower,42.0,44.0,44.0,28.7,61.2,7.26,91.7,sandy,rabi,rainfed,Rajasthan
pepper,spice,62.0,24.0,102.0,22.9,75.0,6.12,375.6,loamy,kharif,rainfed,Karnataka
sunflower,oilseed,85.0,63.0,63.0,19.9,75.6,6.75,84.9,alluvial,rabi,irrigated,Maharashtra
bajra,millet,52.0,25.0,32.0,37.9,53.6,8.11,47.1,red,kharif,rainfed,Maharashtra
maize,cereal,60.0,39.0,58.0,25.8,58.4,5.63,96.4,alluvial,rabi,irrigated,Rajasthan
cabbage,vegetable,121.0,54.0,78.0,20.8,83.3,6.98,146.5,alluvial,rabi,rainfed,West Bengal
sugarcane,cash,159.0,78.0,109.0,24.3,84.1,6.1,214.6,black,kharif,rainfed,Uttar Pradesh
rice,cereal,113.0,32.0,51.0,34.7,81.1,5.8,207.5,loamy,kharif,rainfed,Uttar Pradesh
jute,cash,80.0,41.0,43.0,31.3,78.4,7.5,244.1,loamy,kharif,rainfed,Odisha
cabbage,vegetable,104.0,62.0,70.0,21.5,69.8,7.46,102.0,loamy,rabi,irrigated,Maharashtra
chilli,spice,64.0,43.0,54.0,18.5,61.2,6.48,113.6,loamy,rabi,rainfed,Karnataka
cauliflower,vegetable,122.0,63.0,65.0,17.6,60.0,6.42,151.7,alluvial,rabi,irrigated,Maharashtra
orange,horticulture,34.0,28.0,28.0,20.4,63.8,7.43,123.5,alluvial,rabi,irrigated,Meghalaya
grapes,horticulture,33.0,41.0,61.0,18.0,53.9,7.72,102.3,loamy,rabi,rainfed,Andhra Pradesh
apple,horticulture,31.0,27.0,27.0,8.8,90.8,6.03,92.5,alluvial,rabi,irrigated,Uttarakhand
pepper,spice,40.0,39.0,92.0,23.6,90.4,6.25,320.2,loamy,kharif,irrigated,Assam
tapioca,horticulture,60.0,48.0,131.0,27.7,64.1,7.49,112.6,red,kharif,irrigated,Karnataka
sapota,horticulture,28.0,15.0,45.0,21.0,60.8,7.16,152.5,laterite,kharif,irrigated,Tamil Nadu
pomegranate,horticulture,19.0,19.0,19.0,40.2,60.7,6.67,36.9,sandy,kharif,rainfed,Karnataka
wheat,cereal,131.0,70.0,60.0,13.3,68.9,7.18,83.0,alluvial,rabi,rainfed,Punjab
okra,vegetable,50.0,53.0,53.0,31.0,73.7,7.4,110.0,alluvial,zaid,irrigated,West Bengal
groundnut,cash,14.0,54.0,67.0,32.7,51.4,6.92,75.7,sandy,kharif,rainfed,Karnataka
maize,cereal,65.0,34.0,58.0,20.6,85.6,5.95,76.7,red,rabi,rainfed,Rajasthan
wheat,cereal,108.0,60.0,49.0,16.6,48.8,6.64,87.2,black,rabi,rainfed,Madhya Pradesh
ginger,spice,53.0,33.0,51.0,25.8,73.1,6.58,192.2,alluvial,kharif,irrigated,Arunachal Pradesh
okra,vegetable,56.0,45.0,53.0,39.8,58.7,6.06,126.2,sandy,kharif,rainfed,West Bengal
rose,flower,47.0,41.0,51.0,16.1,78.4,5.64,85.3,alluvial,rabi,irrigated,Maharashtra
tea,plantation,40.0,27.0,16.0,23.4,89.2,5.97,308.7,loamy,kharif,irrigated,West Bengal
pepper,spice,34.0,28.0,67.0,21.9,70.0,6.65,194.3,laterite,kharif,rainfed,Andhra Pradesh
turmeric,spice,49.0,39.0,55.0,26.8,81.2,6.58,191.4,red,kharif,rainfed,Odisha
cardamom,spice,37.0,30.0,48.0,16.0,70.4,6.77,219.1,loamy,kharif,irrigated,Kerala
pepper,spice,44.0,28.0,86.0,26.4,92.3,6.58,341.4,laterite,kharif,irrigated,Karnataka
rice,cereal,105.0,48.0,37.0,27.6,87.7,6.17,141.2,loamy,kharif,irrigated,West Bengal
cowpea,pulse,23.0,32.0,23.0,32.0,65.6,6.15,68.9,red,zaid,rainfed,Andhra Pradesh
arecanut,plantation,20.0,32.0,70.0,20.5,88.3,6.82,262.1,loamy,kharif,rainfed,West Bengal
kidneybeans,pulse,38.0,55.0,40.0,15.1,77.8,6.37,120.5,loamy,kharif,rainfed,Uttarakhand
tea,plantation,21.0,29.0,23.0,24.4,85.6,5.11,292.7,red,kharif,rainfed,Kerala
muskmelon,horticulture,59.0,33.0,53.0,35.5,71.5,6.83,53.5,sandy,zaid,irrigated,Punjab
banana,horticulture,86.0,81.0,118.0,37.2,75.0,7.45,204.9,loamy,kharif,irrigated,Karnataka
jute,cash,66.0,54.0,39.0,34.6,70.2,6.92,204.2,alluvial,kharif,irrigated,Meghalaya
okra,vegetable,54.0,52.0,50.0,37.5,66.6,7.11,80.4,sandy,zaid,rainfed,Andhra Pradesh
wheat,cereal,140.0,60.0,61.0,23.1,64.9,6.27,105.9,alluvial,rabi,rainfed,Punjab
coconut,plantation,42.0,13.0,80.0,32.3,94.5,6.11,236.7,laterite,kharif,rainfed,Andhra Pradesh
barley,cereal,77.0,46.0,42.0,16.4,41.7,6.8,50.8,sandy,rabi,rainfed,Himachal Pradesh
tea,plantation,25.0,24.0,23.0,19.0,85.5,4.92,164.3,laterite,kharif,rainfed,West Bengal
tea,plantation,38.0,31.0,13.0,24.4,76.6,5.2,290.3,loamy,kharif,irrigated,Tamil Nadu
okra,vegetable,57.0,31.0,56.0,37.3,79.1,7.49,107.8,loamy,kharif,irrigated,Bihar
cardamom,spice,28.0,27.0,29.0,18.4,79.1,6.42,235.7,red,kharif,rainfed,Tamil Nadu
okra,vegetable,53.0,57.0,48.0,29.6,61.3,6.17,75.7,loamy,kharif,rainfed,Odisha
brinjal,vegetable,68.0,50.0,56.0,29.2,82.8,7.32,122.7,sandy,kharif,irrigated,Bihar
sunflower,oilseed,106.0,54.0,71.0,24.5,59.8,6.82,61.0,black,kharif,irrigated,Bihar
okra,vegetable,53.0,29.0,29.0,23.6,66.3,6.89,125.7,sandy,zaid,rainfed,West Bengal
jasmine,flower,45.0,51.0,38.0,33.8,71.7,7.02,112.4,sandy,kharif,rainfed,Maharashtra
chickpea,pulse,19.0,72.0,44.0,20.5,61.6,7.01,71.7,alluvial,rabi,irrigated,Uttar Pradesh
cabbage,vegetable,112.0,65.0,68.0,16.4,85.4,7.06,93.4,clay,rabi,irrigated,Maharashtra
sunflower,oilseed,64.0,83.0,49.0,29.1,65.2,6.95,46.6,loamy,kharif,rainfed,Orissa
ginger,spice,58.0,38.0,51.0,20.6,90.7,7.03,188.7,laterite,kharif,rainfed,Karnataka
onion,vegetable,37.0,59.0,66.0,16.9,71.0,7.28,90.1,black,rabi,irrigated,Gujarat
rubber,plantation,40.0,10.0,25.0,32.7,100.9,6.1,307.9,alluvial,kharif,irrigated,Tripura
ragi,millet,75.0,48.0,49.0,28.9,77.7,6.71,96.5,loamy,kharif,rainfed,Andhra Pradesh
chickpea,pulse,29.0,56.0,55.0,23.8,64.2,7.59,37.8,black,rabi,irrigated,Uttar Pradesh
watermelon,horticulture,42.0,32.0,61.0,28.4,58.1,6.32,58.6,loamy,zaid,irrigated,Andhra Pradesh
watermelon,horticulture,63.0,33.0,39.0,33.5,56.9,6.46,38.4,loamy,zaid,rainfed,Andhra Pradesh
coriander,spice,38.0,37.0,30.0,19.1,42.9,7.25,46.3,loamy,rabi,rainfed,Karnataka
wheat,cereal,158.0,58.0,51.0,10.9,72.3,6.2,74.1,black,rabi,irrigated,Punjab
sugarcane,cash,152.0,64.0,119.0,32.9,87.6,7.32,210.8,loamy,kharif,rainfed,Karnataka
cashew,plantation,26.0,11.0,27.0,34.3,69.4,6.0,124.3,loamy,kharif,irrigated,Goa
muskmelon,horticulture,41.0,25.0,44.0,36.7,70.9,6.2,42.2,sandy,zaid,rainfed,Karnataka
grapes,horticulture,43.0,29.0,44.0,19.7,56.4,7.64,79.1,red,rabi,rainfed,Tamil Nadu
maize,cereal,77.0,42.0,58.0,28.7,64.8,5.53,74.1,alluvial,kharif,irrigated,Madhya Pradesh
coriander,spice,40.0,40.0,35.0,19.7,56.2,7.04,37.3,loamy,rabi,rainfed,Andhra Pradesh
muskmelon,horticulture,40.0,34.0,54.0,26.9,79.2,7.16,47.7,sandy,zaid,irrigated,Rajasthan
okra,vegetable,55.0,29.0,52.0,33.9,75.1,6.54,96.4,sandy,zaid,rainfed,Gujarat
soybean,oilseed,34.0,71.0,42.0,20.6,72.3,7.06,120.7,black,kharif,rainfed,Maharashtra
sugarcane,cash,158.0,58.0,128.0,37.6,66.1,7.18,191.4,alluvial,kharif,irrigated,Karnataka
wheat,cereal,112.0,85.0,38.0,12.5,61.3,7.37,53.3,alluvial,rabi,irrigated,Madhya Pradesh
rice,cereal,139.0,31.0,43.0,23.8,64.5,6.66,256.5,clay,kharif,rainfed,Tamil Nadu
cardamom,spice,33.0,14.0,33.0,22.8,90.8,6.72,256.2,loamy,kharif,irrigated,Karnataka
coriander,spice,35.0,37.0,35.0,16.9,38.6,6.21,42.0,sandy,rabi,irrigated,Karnataka
onion,vegetable,42.0,39.0,54.0,21.5,74.7,6.96,76.1,loamy,rabi,irrigated,Madhya Pradesh
greengram,pulse,31.0,35.0,35.0,27.8,61.8,7.44,72.5,alluvial,zaid,rainfed,Maharashtra
grapes,horticulture,32.0,35.0,39.0,27.9,53.5,6.67,103.7,red,rabi,rainfed,Tamil Nadu
cotton,cash,67.0,54.0,74.0,21.4,67.8,7.82,98.4,black,kharif,rainfed,Maharashtra
castor,oilseed,43.0,23.0,46.0,37.8,48.7,7.42,92.0,alluvial,kharif,irrigated,Gujarat
cocoa,plantation,42.0,30.0,63.0,28.6,77.6,6.72,250.9,loamy,kharif,rainfed,Karnataka
wheat,cereal,99.0,77.0,60.0,24.9,47.1,6.51,93.5,alluvial,rabi,rainfed,Uttar Pradesh
jute,cash,71.0,28.0,42.0,29.9,91.8,7.47,224.7,loamy,kharif,irrigated,West Bengal
cabbage,vegetable,122.0,71.0,47.0,13.9,67.2,6.53,131.1,alluvial,rabi,irrigated,Bihar
cashew,plantation,27.0,26.0,31.0,21.9,72.4,6.69,174.3,loamy,kharif,irrigated,Maharashtra
greengram,pulse,22.0,51.0,38.0,37.7,62.2,7.03,105.8,alluvial,zaid,irrigated,Rajasthan
coriander,spice,53.0,57.0,36.0,25.3,51.5,6.47,69.7,alluvial,rabi,irrigated,Andhra Pradesh
orange,horticulture,28.0,31.0,36.0,27.0,78.7,7.17,110.1,loamy,rabi,irrigated,Rajasthan
orange,horticulture,38.0,30.0,30.0,21.2,62.7,7.14,156.1,loamy,rabi,irrigated,Meghalaya
coffee,plantation,74.0,23.0,47.0,18.8,74.5,7.01,143.8,red,kharif,rainfed,Tamil Nadu
sesame,oilseed,27.0,31.0,25.0,28.9,54.7,5.71,47.9,red,kharif,irrigated,Rajasthan
pomegranate,horticulture,20.0,16.0,36.0,33.2,50.4,8.03,41.4,alluvial,kharif,irrigated,Maharashtra
ragi,millet,79.0,29.0,40.0,32.0,58.3,5.97,119.7,red,kharif,rainfed,Andhra Pradesh
grapes,horticulture,22.0,29.0,65.0,23.5,69.3,7.71,96.3,loamy,rabi,rainfed,Andhra Pradesh
soybean,oilseed,44.0,79.0,52.0,31.8,66.9,6.7,112.6,black,kharif,rainfed,Karnataka
sunflower,oilseed,57.0,66.0,73.0,31.7,67.6,7.86,96.7,alluvial,rabi,rainfed,Orissa
coconut,plantation,39.0,15.0,69.0,34.1,71.9,7.85,203.1,alluvial,kharif,irrigated,Andhra Pradesh
blackgram,pulse,26.0,32.0,35.0,26.5,67.4,6.22,56.7,loamy,kharif,irrigated,Uttar Pradesh
maize,cereal,107.0,43.0,68.0,29.6,76.7,5.54,90.5,loamy,rabi,rainfed,Rajasthan
chickpea,pulse,38.0,73.0,33.0,26.4,47.8,7.26,66.7,black,rabi,irrigated,Karnataka
ginger,spice,80.0,31.0,94.0,21.4,68.5,6.68,154.7,alluvial,kharif,rainfed,Odisha
brinjal,vegetable,46.0,49.0,70.0,21.9,68.6,6.05,82.6,sandy,kharif,irrigated,Gujarat
soybean,oilseed,36.0,62.0,47.0,21.3,67.3,6.41,56.2,alluvial,kharif,rainfed,Maharashtra
coriander,spice,47.0,42.0,41.0,27.5,63.9,6.89,56.5,alluvial,rabi,rainfed,Andhra Pradesh
cauliflower,vegetable,122.0,66.0,62.0,21.7,81.0,7.04,110.3,alluvial,rabi,irrigated,Bihar
tobacco,cash,54.0,43.0,29.0,29.6,57.9,6.46,69.3,alluvial,rabi,rainfed,Andhra Pradesh
blackgram,pulse,41.0,50.0,30.0,33.3,65.7,7.01,60.9,red,kharif,rainfed,Andhra Pradesh
cotton,cash,56.0,60.0,66.0,21.7,76.5,7.69,87.3,alluvial,kharif,irrigated,Haryana
apple,horticulture,23.0,26.0,35.0,4.9,86.4,6.55,201.4,loamy,rabi,rainfed,Arunachal Pradesh
tomato,vegetable,47.0,70.0,68.0,20.3,50.9,6.16,111.1,red,rabi,irrigated,Maharashtra
sesame,oilseed,38.0,43.0,26.0,25.2,60.9,7.01,48.9,red,kharif,rainfed,Tamil Nadu
apple,horticulture,25.0,41.0,30.0,8.0,86.8,6.03,139.3,loamy,rabi,irrigated,Himachal Pradesh
coffee,plantation,79.0,32.0,63.0,14.8,89.4,6.35,159.2,laterite,kharif,rainfed,Karnataka
orange,horticulture,23.0,22.0,21.0,21.1,80.0,5.81,111.8,loamy,rabi,rainfed,Rajasthan
rice,cereal,135.0,34.0,31.0,28.4,85.2,6.0,290.2,loamy,kharif,rainfed,Assam
cotton,cash,86.0,62.0,48.0,27.2,63.1,6.71,88.9,loamy,kharif,irrigated,Gujarat
banana,horticulture,93.0,49.0,101.0,21.4,83.5,6.24,236.0,red,kharif,rainfed,Andhra Pradesh
mango,horticulture,23.0,32.0,48.0,30.5,55.1,7.23,146.3,alluvial,kharif,rainfed,Andhra Pradesh
tomato,vegetable,86.0,55.0,80.0,25.1,73.0,7.43,55.7,alluvial,rabi,rainfed,Andhra Pradesh
pomegranate,horticulture,30.0,37.0,17.0,37.5,50.1,6.81,79.7,loamy,kharif,rainfed,Maharashtra
rice,cereal,99.0,31.0,34.0,26.4,80.7,6.49,212.5,alluvial,kharif,rainfed,Tamil Nadu
chilli,spice,51.0,44.0,63.0,29.5,76.0,7.49,118.7,alluvial,kharif,irrigated,Karnataka
turmeric,spice,75.0,43.0,68.0,29.7,67.0,5.41,135.3,loamy,kharif,rainfed,Telangana
watermelon,horticulture,62.0,28.0,57.0,26.9,68.3,6.22,46.6,red,zaid,rainfed,Rajasthan
pineapple,horticulture,34.0,40.0,44.0,32.8,75.7,4.81,182.5,laterite,kharif,rainfed,Karnataka
soybean,oilseed,28.0,69.0,69.0,29.1,56.6,6.99,87.4,loamy,kharif,irrigated,Karnataka
ragi,millet,57.0,31.0,52.0,31.3,80.9,6.88,93.2,loamy,kharif,rainfed,Andhra Pradesh
coriander,spice,50.0,35.0,25.0,16.4,55.8,6.07,67.9,loamy,rabi,irrigated,Andhra Pradesh
soybean,oilseed,29.0,71.0,38.0,27.0,60.5,6.76,77.8,loamy,kharif,rainfed,Maharashtra
guava,horticulture,37.0,34.0,54.0,23.1,56.1,5.58,97.9,alluvial,kharif,irrigated,Maharashtra
brinjal,vegetable,64.0,42.0,66.0,25.9,75.1,5.96,80.6,alluvial,kharif,irrigated,Gujarat
sugarcane,cash,97.0,77.0,89.0,33.6,81.9,7.56,160.6,alluvial,kharif,rainfed,Maharashtra
sunflower,oilseed,60.0,64.0,58.0,24.0,73.8,7.28,68.1,black,rabi,irrigated,Maharashtra
jasmine,flower,42.0,61.0,40.0,31.8,84.4,6.9,137.1,alluvial,kharif,irrigated,Karnataka
onion,vegetable,41.0,55.0,67.0,28.5,74.1,6.06,90.9,alluvial,kharif,irrigated,Madhya Pradesh
sugarcane,cash,103.0,70.0,76.0,37.5,68.9,6.57,157.6,loamy,kharif,rainfed,Uttar Pradesh
maize,cereal,96.0,43.0,67.0,25.5,71.1,6.36,75.1,alluvial,kharif,irrigated,Bihar
sapota,horticulture,27.0,23.0,53.0,31.0,61.1,7.75,185.0,alluvial,kharif,irrigated,Gujarat
barley,cereal,56.0,37.0,29.0,13.2,56.5,7.53,54.2,sandy,rabi,irrigated,Uttar Pradesh
sapota,horticulture,19.0,18.0,59.0,34.1,59.9,7.07,195.7,loamy,kharif,irrigated,Tamil Nadu
brinjal,vegetable,42.0,51.0,59.0,26.8,59.0,5.6,101.2,sandy,kharif,rainfed,West Bengal
pineapple,horticulture,59.0,31.0,49.0,27.0,88.8,5.63,254.5,sandy,kharif,rainfed,Assam
muskmelon,horticulture,61.0,28.0,47.0,40.5,62.1,7.13,82.7,loamy,zaid,rainfed,Haryana
chickpea,pulse,42.0,60.0,46.0,22.8,46.0,6.01,43.9,alluvial,rabi,rainfed,Madhya Pradesh
cocoa,plantation,39.0,25.0,30.0,27.0,94.8,6.09,226.6,alluvial,kharif,rainfed,Andhra Pradesh
rose,flower,37.0,63.0,43.0,21.7,72.7,6.7,148.2,loamy,rabi,irrigated,Maharashtra
banana,horticulture,90.0,61.0,129.0,28.0,82.4,6.75,142.7,red,kharif,irrigated,Maharashtra
watermelon,horticulture,55.0,52.0,39.0,30.8,54.9,6.92,61.6,red,kharif,irrigated,Tamil Nadu
tomato,vegetable,73.0,41.0,49.0,18.5,80.9,7.42,75.6,red,rabi,rainfed,Madhya Pradesh
muskmelon,horticulture,32.0,42.0,37.0,33.4,63.4,6.04,47.5,loamy,zaid,rainfed,Rajasthan
blackgram,pulse,27.0,43.0,43.0,24.8,86.6,7.09,69.9,loamy,kharif,rainfed,Madhya Pradesh
sugarcane,cash,125.0,80.0,87.0,30.2,76.4,7.57,149.3,alluvial,kharif,irrigated,Maharashtra
cotton,cash,84.0,36.0,42.0,36.1,68.8,7.21,121.0,alluvial,kharif,rainfed,Gujarat
marigold,flower,37.0,40.0,55.0,23.8,58.6,6.7,81.4,loamy,rabi,rainfed,Andhra Pradesh
rubber,plantation,20.0,11.0,24.0,35.3,88.2,6.21,351.1,laterite,kharif,irrigated,Kerala
chilli,spice,82.0,70.0,60.0,18.6,66.1,5.94,56.3,loamy,kharif,rainfed,Tamil Nadu
castor,oilseed,30.0,23.0,55.0,19.5,49.0,8.28,69.4,sandy,kharif,rainfed,Tamil Nadu
orange,horticulture,28.0,24.0,31.0,25.3,80.0,7.24,121.3,laterite,rabi,rainfed,Nagpur
rose,flower,37.0,64.0,73.0,16.9,64.6,6.49,113.3,alluvial,rabi,rainfed,Maharashtra
brinjal,vegetable,40.0,35.0,50.0,37.5,57.3,6.02,82.8,loamy,rabi,rainfed,West Bengal
lentil,pulse,24.0,52.0,26.0,18.0,47.1,7.61,51.5,black,rabi,rainfed,Rajasthan
arecanut,plantation,24.0,17.0,66.0,28.1,76.2,6.77,210.8,alluvial,kharif,rainfed,West Bengal
cowpea,pulse,19.0,45.0,43.0,28.1,81.3,6.71,103.7,loamy,kharif,irrigated,Andhra Pradesh
lentil,pulse,35.0,56.0,41.0,21.7,46.4,6.87,69.6,loamy,rabi,irrigated,West Bengal
marigold,flower,68.0,66.0,66.0,15.4,70.5,6.61,56.9,alluvial,rabi,irrigated,Rajasthan
coconut,plantation,27.0,22.0,74.0,30.4,83.9,6.23,289.3,alluvial,kharif,rainfed,Kerala
jute,cash,70.0,48.0,46.0,36.2,85.1,7.17,178.7,alluvial,kharif,rainfed,Assam
rubber,plantation,34.0,18.0,41.0,37.4,86.1,4.85,336.3,alluvial,kharif,rainfed,Karnataka
pineapple,horticulture,39.0,20.0,51.0,28.5,84.4,4.94,178.6,laterite,kharif,rainfed,West Bengal
cashew,plantation,14.0,17.0,12.0,27.6,55.6,5.32,102.1,loamy,kharif,irrigated,Andhra Pradesh
greengram,pulse,29.0,40.0,30.0,29.3,74.6,6.15,89.6,alluvial,kharif,rainfed,Madhya Pradesh
cocoa,plantation,39.0,22.0,61.0,32.8,74.9,6.51,186.0,alluvial,kharif,rainfed,Kerala
apple,horticulture,37.0,41.0,40.0,8.3,75.2,6.48,108.0,alluvial,rabi,rainfed,Arunachal Pradesh
chickpea,pulse,43.0,50.0,35.0,22.6,44.2,7.76,76.3,loamy,rabi,rainfed,Rajasthan
okra,vegetable,31.0,58.0,48.0,34.7,69.4,6.04,73.4,alluvial,kharif,irrigated,Odisha
mustard,oilseed,64.0,61.0,28.0,10.5,51.4,7.46,59.5,loamy,rabi,rainfed,Uttar Pradesh
coffee,plantation,73.0,23.0,54.0,21.2,70.3,6.92,108.6,red,kharif,rainfed,Karnataka
grapes,horticulture,27.0,37.0,36.0,17.5,53.3,7.58,77.9,loamy,rabi,irrigated,Andhra Pradesh
rose,flower,41.0,45.0,45.0,21.2,63.4,6.99,139.4,alluvial,rabi,irrigated,West Bengal
barley,cereal,81.0,40.0,30.0,18.5,48.7,7.42,50.5,loamy,rabi,irrigated,Himachal Pradesh
wheat,cereal,153.0,86.0,43.0,16.0,71.3,6.62,65.7,black,rabi,rainfed,Madhya Pradesh
rose,flower,62.0,55.0,64.0,23.5,64.7,6.99,136.3,loamy,rabi,irrigated,Maharashtra
sugarcane,cash,144.0,72.0,91.0,23.1,64.9,6.45,146.4,alluvial,kharif,rainfed,Andhra Pradesh
rubber,plantation,26.0,15.0,41.0,23.7,73.7,5.79,335.8,alluvial,kharif,irrigated,Assam
lentil,pulse,30.0,55.0,21.0,15.5,67.8,6.77,49.3,black,rabi,rainfed,Bihar
potato,vegetable,87.0,74.0,120.0,15.5,81.0,5.64,115.0,loamy,rabi,irrigated,West Bengal
cauliflower,vegetable,103.0,50.0,80.0,17.1,89.4,6.08,154.5,loamy,rabi,irrigated,Maharashtra
jasmine,flower,56.0,49.0,38.0,27.1,62.8,6.58,133.8,alluvial,kharif,irrigated,Andhra Pradesh
pineapple,horticulture,31.0,20.0,35.0,30.9,95.4,5.19,217.9,loamy,kharif,rainfed,West Bengal
mango,horticulture,34.0,24.0,61.0,29.5,55.7,6.71,69.3,laterite,kharif,rainfed,Uttar Pradesh
ginger,spice,56.0,62.0,50.0,20.3,72.9,6.64,170.0,laterite,kharif,rainfed,Arunachal Pradesh
chickpea,pulse,42.0,65.0,53.0,16.9,53.0,7.48,76.2,black,rabi,rainfed,Maharashtra
bajra,millet,34.0,15.0,30.0,37.5,37.5,7.85,33.2,loamy,kharif,irrigated,Rajasthan
soybean,oilseed,38.0,89.0,62.0,23.4,81.6,7.21,85.2,black,kharif,irrigated,Madhya Pradesh
soybean,oilseed,52.0,59.0,73.0,26.2,74.6,6.19,125.0,alluvial,kharif,rainfed,Uttar Pradesh
lentil,pulse,30.0,58.0,31.0,22.6,52.7,7.4,32.8,loamy,rabi,irrigated,West Bengal
horsegram,pulse,26.0,38.0,27.0,26.5,42.9,7.49,66.1,loamy,kharif,irrigated,Odisha
rubber,plantation,28.0,25.0,27.0,34.7,93.0,4.94,218.1,laterite,kharif,rainfed,Tamil Nadu
lentil,pulse,35.0,39.0,41.0,26.9,68.3,7.74,40.1,loamy,rabi,irrigated,Uttar Pradesh
guava,horticulture,34.0,36.0,29.0,30.5,73.9,5.73,119.5,sandy,kharif,rainfed,Bihar
maize,cereal,75.0,39.0,47.0,22.5,73.4,6.36,74.7,alluvial,rabi,irrigated,Andhra Pradesh
maize,cereal,76.0,49.0,50.0,33.5,78.8,5.8,93.1,red,kharif,rainfed,Andhra Pradesh
jute,cash,80.0,45.0,40.0,26.7,69.6,6.98,215.3,alluvial,kharif,irrigated,West Bengal
ragi,millet,52.0,35.0,28.0,17.7,72.0,5.81,94.1,loamy,kharif,rainfed,Andhra Pradesh
guava,horticulture,31.0,34.0,47.0,34.8,73.4,6.84,110.2,loamy,kharif,rainfed,Bihar
pepper,spice,55.0,18.0,73.0,27.5,72.7,6.67,257.8,red,kharif,rainfed,Andhra Pradesh
jasmine,flower,50.0,35.0,63.0,26.3,66.5,7.31,85.7,loamy,kharif,rainfed,Maharashtra
sugarcane,cash,115.0,59.0,102.0,18.6,67.7,7.49,161.6,loamy,kharif,irrigated,Karnataka
pineapple,horticulture,37.0,43.0,29.0,26.4,69.2,5.84,257.2,loamy,kharif,rainfed,Karnataka
kidneybeans,pulse,19.0,79.0,28.0,17.5,68.5,6.39,86.1,alluvial,kharif,rainfed,Karnataka
rubber,plantation,41.0,29.0,35.0,24.5,91.6,6.41,199.2,loamy,kharif,irrigated,Kerala
pepper,spice,30.0,21.0,75.0,27.6,90.1,5.95,234.5,loamy,kharif,rainfed,Kerala
potato,vegetable,104.0,68.0,78.0,16.5,62.5,5.2,127.3,loamy,rabi,rainfed,West Bengal
sugarcane,cash,122.0,86.0,107.0,27.6,77.1,6.24,114.5,loamy,kharif,irrigated,Tamil Nadu
coffee,plantation,69.0,28.0,39.0,14.1,64.8,6.75,124.5,loamy,kharif,rainfed,Kerala
arecanut,plantation,41.0,28.0,71.0,24.7,82.3,6.25,151.3,loamy,kharif,rainfed,Assam
cauliflower,vegetable,129.0,63.0,72.0,11.5,66.7,7.42,99.2,loamy,rabi,rainfed,Odisha
cashew,plantation,15.0,27.0,28.0,34.6,76.5,6.35,126.1,laterite,kharif,irrigated,Kerala
cardamom,spice,37.0,19.0,36.0,14.3,88.0,6.85,328.4,laterite,kharif,irrigated,Arunachal Pradesh
brinjal,vegetable,53.0,36.0,50.0,28.9,52.4,6.92,84.1,sandy,rabi,irrigated,Odisha
brinjal,vegetable,62.0,63.0,49.0,23.3,53.2,5.99,86.0,alluvial,rabi,irrigated,Gujarat
rubber,plantation,24.0,30.0,17.0,24.0,93.2,5.76,212.1,laterite,kharif,irrigated,Kerala
pineapple,horticulture,46.0,42.0,31.0,36.2,77.1,5.88,99.0,loamy,kharif,rainfed,West Bengal
bajra,millet,35.0,36.0,31.0,23.0,49.0,8.27,76.7,sandy,kharif,rainfed,Maharashtra
sunflower,oilseed,83.0,68.0,65.0,25.7,66.8,6.47,103.7,black,rabi,irrigated,Karnataka
guava,horticulture,52.0,36.0,28.0,20.5,62.5,6.35,90.6,loamy,kharif,irrigated,Allahabad
soybean,oilseed,32.0,57.0,64.0,30.1,78.4,6.88,108.9,loamy,kharif,rainfed,Karnataka
soybean,oilseed,33.0,57.0,48.0,21.0,64.4,7.49,75.7,alluvial,kharif,rainfed,Karnataka
castor,oilseed,32.0,29.0,32.0,20.4,48.7,8.2,102.3,loamy,kharif,irrigated,Gujarat
cocoa,plantation,34.0,42.0,64.0,28.9,91.2,6.96,227.8,laterite,kharif,irrigated,Kerala
jowar,millet,73.0,35.0,54.0,26.8,43.2,6.78,39.3,loamy,rabi,rainfed,Madhya Pradesh
horsegram,pulse,32.0,23.0,28.0,24.6,62.8,6.3,50.3,laterite,rabi,rainfed,Chhattisgarh
apple,horticulture,30.0,22.0,35.0,20.3,60.5,6.63,130.5,loamy,rabi,rainfed,Himachal Pradesh
cocoa,plantation,20.0,41.0,36.0,33.6,95.0,6.83,161.8,loamy,kharif,rainfed,Kerala
potato,vegetable,97.0,86.0,110.0,16.8,85.2,5.78,140.9,sandy,rabi,rainfed,Gujarat
cowpea,pulse,24.0,51.0,43.0,36.1,57.3,5.77,71.0,sandy,kharif,rainfed,Maharashtra
coffee,plantation,83.0,38.0,33.0,27.6,85.2,6.67,201.5,loamy,kharif,rainfed,Odisha
okra,vegetable,64.0,49.0,44.0,34.4,73.9,7.19,110.1,alluvial,kharif,irrigated,West Bengal
coriander,spice,49.0,55.0,40.0,17.0,39.4,6.57,28.6,alluvial,rabi,rainfed,Andhra Pradesh
banana,horticulture,91.0,55.0,79.0,25.0,70.1,5.86,158.6,loamy,kharif,irrigated,Maharashtra
potato,vegetable,117.0,73.0,89.0,23.7,86.6,5.42,95.4,sandy,rabi,rainfed,Bihar
mango,horticulture,20.0,22.0,54.0,32.0,61.1,7.2,124.9,laterite,kharif,rainfed,Andhra Pradesh
castor,oilseed,48.0,47.0,43.0,34.1,56.6,6.31,101.4,alluvial,kharif,irrigated,Andhra Pradesh
groundnut,cash,19.0,75.0,48.0,29.1,73.3,6.19,118.1,sandy,rabi,rainfed,Rajasthan
chickpea,pulse,37.0,62.0,31.0,19.5,60.7,6.32,82.9,black,rabi,irrigated,Madhya Pradesh
chickpea,pulse,25.0,62.0,34.0,19.8,68.4,7.35,83.4,alluvial,rabi,rainfed,Rajasthan
cauliflower,vegetable,89.0,48.0,65.0,21.8,72.3,7.1,120.8,loamy,rabi,rainfed,Odisha
rice,cereal,146.0,49.0,61.0,25.7,95.3,5.8,248.1,alluvial,kharif,rainfed,West Bengal
orange,horticulture,25.0,19.0,15.0,18.6,53.3,6.87,122.2,loamy,rabi,irrigated,Rajasthan
brinjal,vegetable,41.0,64.0,59.0,21.0,77.7,6.7,119.2,sandy,kharif,rainfed,Andhra Pradesh
mustard,oilseed,68.0,38.0,34.0,16.3,47.0,6.45,70.7,loamy,rabi,rainfed,Haryana
cauliflower,vegetable,83.0,66.0,78.0,8.4,66.7,6.14,74.9,loamy,rabi,rainfed,Bihar
arecanut,plantation,29.0,26.0,68.0,28.1,91.6,7.4,152.4,alluvial,kharif,rainfed,Karnataka
lentil,pulse,30.0,39.0,36.0,18.3,62.0,7.57,41.0,black,rabi,irrigated,Rajasthan
sesame,oilseed,30.0,29.0,40.0,38.8,50.4,6.81,70.3,red,kharif,irrigated,Tamil Nadu
brinjal,vegetable,47.0,46.0,70.0,28.8,60.9,5.86,92.6,sandy,kharif,irrigated,West Bengal
mango,horticulture,21.0,40.0,67.0,20.6,63.3,7.35,189.1,loamy,kharif,rainfed,Uttar Pradesh
mothbeans,pulse,19.0,26.0,31.0,34.1,52.7,7.12,33.0,loamy,kharif,irrigated,Rajasthan
pigeonpeas,pulse,40.0,37.0,31.0,22.2,65.4,7.4,110.5,loamy,kharif,rainfed,Uttar Pradesh
guava,horticulture,39.0,37.0,32.0,37.7,71.0,7.18,130.1,laterite,kharif,rainfed,Allahabad
maize,cereal,68.0,52.0,59.0,27.0,79.3,6.73,72.8,loamy,kharif,rainfed,Bihar
apple,horticulture,37.0,19.0,40.0,17.1,67.9,6.24,153.6,alluvial,rabi,rainfed,Arunachal Pradesh
tomato,vegetable,69.0,41.0,56.0,16.6,64.7,7.21,74.6,red,kharif,rainfed,Karnataka
cotton,cash,57.0,44.0,38.0,30.4,50.7,6.52,73.5,alluvial,kharif,irrigated,Andhra Pradesh
sapota,horticulture,23.0,22.0,55.0,22.9,66.6,7.54,102.8,laterite,kharif,rainfed,Karnataka
chickpea,pulse,41.0,53.0,51.0,22.0,65.8,6.33,51.3,loamy,rabi,irrigated,Madhya Pradesh
cocoa,plantation,23.0,30.0,32.0,33.9,85.7,6.6,265.1,loamy,kharif,irrigated,Andhra Pradesh
apple,horticulture,25.0,34.0,21.0,18.8,88.6,6.46,95.4,loamy,rabi,rainfed,Himachal Pradesh
potato,vegetable,125.0,51.0,104.0,14.3,81.7,5.79,77.9,sandy,rabi,rainfed,Uttar Pradesh
tomato,vegetable,61.0,62.0,48.0,19.2,57.3,6.15,90.0,alluvial,rabi,irrigated,Odisha
jowar,millet,37.0,36.0,43.0,35.6,56.3,7.13,49.8,red,rabi,irrigated,Karnataka
rose,flower,75.0,70.0,68.0,25.8,72.9,6.64,103.6,loamy,rabi,rainfed,Maharashtra
ragi,millet,82.0,43.0,32.0,18.1,85.8,6.68,111.5,red,kharif,rainfed,Andhra Pradesh
cashew,plantation,16.0,15.0,15.0,18.4,58.6,5.77,104.5,sandy,kharif,rainfed,Kerala
tapioca,horticulture,77.0,40.0,101.0,28.4,58.2,6.74,174.2,loamy,kharif,rainfed,Andhra Pradesh
watermelon,horticulture,43.0,50.0,57.0,28.2,77.5,6.49,39.0,loamy,zaid,rainfed,Maharashtra
soybean,oilseed,39.0,70.0,51.0,31.7,75.7,6.1,122.1,alluvial,kharif,irrigated,Uttar Pradesh
onion,vegetable,53.0,52.0,41.0,12.3,62.6,7.16,72.6,black,kharif,irrigated,Maharashtra
chickpea,pulse,37.0,48.0,47.0,16.8,38.2,7.02,53.5,black,rabi,irrigated,Karnataka
lentil,pulse,25.0,32.0,34.0,21.1,47.0,6.98,60.2,loamy,rabi,irrigated,Bihar
coffee,plantation,75.0,43.0,40.0,17.8,75.9,7.04,95.5,laterite,kharif,rainfed,Odisha
coffee,plantation,55.0,39.0,61.0,18.3,67.1,7.31,107.6,loamy,kharif,irrigated,Karnataka
coconut,plantation,35.0,19.0,49.0,38.0,98.1,6.93,272.9,sandy,kharif,rainfed,Tamil Nadu
pigeonpeas,pulse,41.0,62.0,43.0,29.7,80.8,6.07,110.2,alluvial,kharif,irrigated,Karnataka
tomato,vegetable,85.0,72.0,80.0,17.4,69.5,6.99,109.7,loamy,rabi,irrigated,Odisha
sesame,oilseed,33.0,40.0,34.0,23.2,56.6,6.24,43.6,red,kharif,irrigated,Tamil Nadu
pepper,spice,52.0,35.0,97.0,27.9,69.2,6.96,250.9,laterite,kharif,irrigated,Karnataka
bajra,millet,46.0,28.0,43.0,38.0,58.5,6.89,51.7,sandy,kharif,rainfed,Rajasthan
sapota,horticulture,24.0,16.0,51.0,27.4,64.2,6.96,99.8,alluvial,kharif,irrigated,Maharashtra
cotton,cash,66.0,33.0,41.0,23.6,79.7,6.53,93.9,loamy,kharif,rainfed,Gujarat
sesame,oilseed,34.0,35.0,37.0,24.4,47.8,5.82,41.1,loamy,kharif,rainfed,Gujarat
kidneybeans,pulse,34.0,70.0,44.0,22.4,67.0,7.39,109.9,alluvial,kharif,rainfed,Himachal Pradesh
guava,horticulture,53.0,41.0,42.0,37.2,64.6,6.74,79.3,laterite,kharif,rainfed,Andhra Pradesh
bajra,millet,35.0,22.0,42.0,23.8,47.7,7.68,34.8,loamy,kharif,rainfed,Uttar Pradesh
cauliflower,vegetable,123.0,65.0,52.0,20.1,63.3,6.17,123.3,loamy,rabi,rainfed,Uttar Pradesh
wheat,cereal,158.0,47.0,41.0,17.2,57.0,6.67,50.8,alluvial,rabi,irrigated,Uttar Pradesh
greengram,pulse,25.0,50.0,31.0,34.6,59.6,6.81,64.1,loamy,kharif,rainfed,Maharashtra
onion,vegetable,59.0,37.0,63.0,28.7,70.3,7.23,101.8,black,kharif,rainfed,Madhya Pradesh
kidneybeans,pulse,34.0,63.0,53.0,26.9,81.1,6.09,129.0,alluvial,kharif,irrigated,Uttarakhand
horsegram,pulse,31.0,39.0,27.0,19.6,36.9,7.37,44.2,red,rabi,rainfed,Odisha
pigeonpeas,pulse,26.0,55.0,42.0,22.2,70.4,6.76,59.2,red,kharif,rainfed,Karnataka
cocoa,plantation,30.0,27.0,32.0,23.7,83.0,6.03,163.0,loamy,kharif,rainfed,Kerala
groundnut,cash,16.0,85.0,56.0,33.6,54.1,7.34,100.1,sandy,rabi,rainfed,Tamil Nadu
coriander,spice,42.0,40.0,38.0,20.4,46.1,6.18,60.0,alluvial,rabi,rainfed,Karnataka
mango,horticulture,21.0,20.0,54.0,29.7,74.4,6.92,119.0,loamy,kharif,rainfed,Karnataka
watermelon,horticulture,64.0,43.0,70.0,33.1,65.4,7.14,39.2,sandy,zaid,irrigated,Andhra Pradesh
greengram,pulse,32.0,41.0,40.0,25.3,66.5,7.23,61.7,alluvial,kharif,rainfed,Maharashtra
pigeonpeas,pulse,33.0,55.0,40.0,30.5,52.3,6.45,72.5,red,kharif,irrigated,Andhra Pradesh
rice,cereal,91.0,54.0,39.0,32.8,95.6,6.54,173.6,loamy,kharif,irrigated,Tamil Nadu
jowar,millet,85.0,36.0,52.0,34.6,35.9,7.18,49.3,loamy,rabi,irrigated,Madhya Pradesh
mango,horticulture,22.0,39.0,67.0,38.1,44.7,7.49,100.2,laterite,kharif,rainfed,Karnataka
cocoa,plantation,41.0,32.0,49.0,26.0,79.8,6.68,163.0,loamy,kharif,irrigated,Karnataka
castor,oilseed,44.0,29.0,44.0,34.4,46.7,8.31,80.6,alluvial,kharif,irrigated,Gujarat
okra,vegetable,40.0,48.0,47.0,35.9,81.5,6.92,59.9,alluvial,zaid,rainfed,Gujarat
marigold,flower,74.0,45.0,57.0,28.0,73.0,6.83,125.0,alluvial,rabi,irrigated,Maharashtra
cowpea,pulse,25.0,54.0,27.0,26.7,71.2,7.46,102.9,red,zaid,rainfed,Karnataka
mustard,oilseed,75.0,59.0,44.0,16.9,61.7,6.57,31.1,loamy,rabi,rainfed,Uttar Pradesh
rice,cereal,129.0,36.0,42.0,31.4,74.2,5.97,277.8,loamy,kharif,irrigated,Tamil Nadu
marigold,flower,45.0,53.0,67.0,16.9,72.8,7.31,70.8,loamy,rabi,rainfed,Rajasthan
pepper,spice,44.0,32.0,88.0,20.6,70.4,6.2,335.5,loamy,kharif,irrigated,Assam
coffee,plantation,51.0,22.0,50.0,24.6,86.1,6.58,175.4,loamy,kharif,rainfed,Odisha
chickpea,pulse,24.0,38.0,58.0,22.1,59.4,7.39,68.8,loamy,rabi,rainfed,Uttar Pradesh
horsegram,pulse,11.0,28.0,19.0,29.9,65.9,6.55,70.0,laterite,rabi,irrigated,Tamil Nadu
cocoa,plantation,34.0,36.0,34.0,30.7,79.8,7.31,249.9,alluvial,kharif,irrigated,Tamil Nadu
lentil,pulse,16.0,37.0,30.0,18.2,43.2,7.48,60.0,loamy,rabi,irrigated,Uttar Pradesh
watermelon,horticulture,54.0,32.0,72.0,30.4,71.0,6.49,40.1,red,kharif,rainfed,Tamil Nadu
cabbage,vegetable,93.0,43.0,57.0,19.2,72.3,6.22,148.3,clay,rabi,rainfed,West Bengal
tapioca,horticulture,86.0,31.0,104.0,32.8,65.8,6.02,129.1,red,kharif,irrigated,Kerala
rubber,plantation,41.0,30.0,29.0,36.7,101.4,5.06,191.8,alluvial,kharif,rainfed,Kerala
rose,flower,62.0,44.0,68.0,29.5,66.3,5.63,126.6,alluvial,rabi,rainfed,Tamil Nadu
cardamom,spice,28.0,26.0,50.0,14.6,90.7,6.11,403.0,laterite,kharif,rainfed,Tamil Nadu
rubber,plantation,29.0,22.0,39.0,37.6,79.3,4.74,336.1,loamy,kharif,rainfed,Assam
bajra,millet,45.0,19.0,45.0,28.1,55.5,7.02,38.7,red,kharif,irrigated,Uttar Pradesh
chilli,spice,60.0,72.0,76.0,31.3,64.6,7.31,90.4,alluvial,rabi,rainfed,Andhra Pradesh
coffee,plantation,81.0,30.0,56.0,20.5,76.2,6.77,140.6,red,kharif,rainfed,Odisha
rubber,plantation,29.0,26.0,30.0,34.1,82.1,6.27,199.2,alluvial,kharif,rainfed,Assam
barley,cereal,97.0,58.0,43.0,12.1,44.9,6.71,57.4,loamy,rabi,rainfed,Haryana
coconut,plantation,37.0,14.0,78.0,35.3,72.4,5.86,244.4,loamy,kharif,rainfed,West Bengal
arecanut,plantation,31.0,22.0,72.0,24.6,66.2,6.64,240.1,loamy,kharif,rainfed,Assam
chilli,spice,61.0,74.0,78.0,21.6,59.8,6.77,128.5,black,kharif,irrigated,Andhra Pradesh
lentil,pulse,32.0,30.0,22.0,25.8,64.1,7.16,45.5,alluvial,rabi,irrigated,Rajasthan
cauliflower,vegetable,80.0,38.0,68.0,12.6,63.3,6.44,135.6,alluvial,rabi,rainfed,Maharashtra
arecanut,plantation,34.0,27.0,78.0,28.8,88.8,6.32,244.2,alluvial,kharif,rainfed,West Bengal
tapioca,horticulture,105.0,48.0,97.0,27.1,61.6,7.14,94.7,laterite,kharif,rainfed,Karnataka
potato,vegetable,89.0,64.0,82.0,11.3,76.0,5.77,112.9,alluvial,rabi,rainfed,Punjab
maize,cereal,105.0,43.0,53.0,19.3,65.5,6.07,117.2,loamy,kharif,irrigated,Karnataka
tomato,vegetable,80.0,46.0,73.0,23.8,69.9,6.6,98.0,red,kharif,irrigated,Maharashtra
sugarcane,cash,117.0,62.0,93.0,19.3,92.0,7.61,140.3,black,kharif,rainfed,Karnataka
orange,horticulture,35.0,29.0,24.0,27.6,70.2,5.61,114.8,alluvial,rabi,rainfed,Meghalaya
potato,vegetable,81.0,63.0,109.0,21.8,80.3,5.64,126.2,loamy,rabi,irrigated,Uttar Pradesh
watermelon,horticulture,46.0,47.0,41.0,38.2,76.2,6.79,75.9,red,zaid,irrigated,Rajasthan
mustard,oilseed,104.0,37.0,48.0,15.2,47.2,6.99,45.9,sandy,rabi,irrigated,West Bengal
lentil,pulse,30.0,44.0,35.0,18.5,51.6,6.93,73.7,alluvial,rabi,rainfed,Madhya Pradesh
papaya,horticulture,74.0,33.0,50.0,28.3,74.8,6.53,148.4,sandy,kharif,irrigated,Karnataka
blackgram,pulse,41.0,37.0,21.0,30.1,61.1,7.02,61.4,red,kharif,rainfed,Maharashtra
pepper,spice,54.0,27.0,106.0,26.9,92.7,6.53,306.0,laterite,kharif,rainfed,Assam
castor,oilseed,42.0,24.0,39.0,38.5,60.7,7.72,102.1,loamy,kharif,rainfed,Rajasthan
cashew,plantation,13.0,27.0,32.0,40.9,57.8,5.54,190.9,sandy,kharif,rainfed,Andhra Pradesh
grapes,horticulture,23.0,42.0,34.0,32.2,64.0,7.21,69.5,black,rabi,rainfed,Mizoram
orange,horticulture,22.0,19.0,32.0,15.2,56.0,7.33,103.6,loamy,rabi,irrigated,Assam
cowpea,pulse,14.0,51.0,41.0,23.2,73.1,6.11,65.7,red,zaid,irrigated,Karnataka
papaya,horticulture,69.0,32.0,79.0,30.9,85.6,6.51,158.4,loamy,kharif,rainfed,Karnataka
tobacco,cash,55.0,54.0,30.0,24.7,55.5,6.63,97.5,sandy,rabi,rainfed,Telangana
onion,vegetable,49.0,54.0,52.0,20.5,77.7,6.24,89.7,alluvial,kharif,irrigated,Rajasthan
potato,vegetable,126.0,58.0,86.0,14.9,75.8,6.21,142.8,loamy,rabi,irrigated,Punjab
marigold,flower,37.0,65.0,61.0,24.3,62.9,6.95,75.1,sandy,rabi,rainfed,Rajasthan
grapes,horticulture,39.0,39.0,39.0,21.1,52.5,6.77,68.4,loamy,rabi,irrigated,Mizoram
sunflower,oilseed,103.0,73.0,75.0,25.8,63.9,7.12,100.4,black,kharif,rainfed,Orissa
cotton,cash,102.0,32.0,42.0,32.2,72.4,6.68,96.1,loamy,kharif,rainfed,Andhra Pradesh
grapes,horticulture,33.0,35.0,42.0,20.2,80.6,7.33,73.4,red,rabi,rainfed,Andhra Pradesh
turmeric,spice,60.0,61.0,105.0,22.1,89.0,5.11,172.6,red,kharif,rainfed,Andhra Pradesh
onion,vegetable,46.0,47.0,73.0,29.4,55.2,7.34,73.8,loamy,kharif,rainfed,Maharashtra
onion,vegetable,58.0,41.0,75.0,29.7,66.5,6.54,72.0,loamy,rabi,rainfed,Rajasthan
okra,vegetable,38.0,50.0,42.0,34.8,56.6,6.06,116.9,alluvial,zaid,irrigated,Andhra Pradesh
apple,horticulture,22.0,37.0,30.0,18.3,85.5,6.25,165.6,loamy,rabi,rainfed,Uttarakhand
rice,cereal,125.0,31.0,44.0,35.2,70.4,5.89,198.9,loamy,kharif,rainfed,Odisha
pigeonpeas,pulse,19.0,44.0,33.0,22.2,69.0,6.71,76.9,red,kharif,rainfed,Madhya Pradesh
mustard,oilseed,67.0,50.0,34.0,14.2,73.9,7.71,40.8,loamy,rabi,irrigated,Madhya Pradesh
potato,vegetable,117.0,47.0,124.0,20.6,86.1,6.27,152.6,alluvial,rabi,rainfed,Gujarat
chilli,spice,47.0,52.0,54.0,30.5,84.0,7.17,116.7,loamy,kharif,rainfed,Telangana
blackgram,pulse,35.0,36.0,31.0,34.3,70.7,6.92,74.4,red,kharif,irrigated,Uttar Pradesh
apple,horticulture,36.0,41.0,19.0,11.6,69.7,5.66,120.6,loamy,rabi,rainfed,Himachal Pradesh
coffee,plantation,51.0,36.0,46.0,20.7,83.9,7.28,211.4,red,kharif,rainfed,Andhra Pradesh
wheat,cereal,152.0,85.0,54.0,11.9,48.4,7.0,102.8,alluvial,rabi,irrigated,Uttar Pradesh
cardamom,spice,36.0,37.0,56.0,19.5,78.4,5.05,355.9,loamy,kharif,rainfed,Arunachal Pradesh
chilli,spice,60.0,60.0,68.0,26.9,65.1,5.53,99.4,loamy,kharif,irrigated,Andhra Pradesh
pomegranate,horticulture,40.0,33.0,15.0,22.4,63.7,8.32,54.0,sandy,kharif,irrigated,Maharashtra
tomato,vegetable,70.0,67.0,72.0,26.2,75.1,6.14,105.3,loamy,rabi,rainfed,Odisha
sugarcane,cash,148.0,49.0,77.0,21.2,69.7,7.63,158.3,loamy,kharif,rainfed,Andhra Pradesh
apple,horticulture,39.0,23.0,19.0,10.2,62.0,5.94,164.1,alluvial,rabi,irrigated,Himachal Pradesh
bajra,millet,36.0,32.0,37.0,41.0,53.8,8.45,28.1,sandy,kharif,irrigated,Haryana
arecanut,plantation,31.0,21.0,72.0,35.8,79.4,6.35,166.8,loamy,kharif,rainfed,West Bengal
okra,vegetable,33.0,58.0,28.0,28.2,66.7,7.18,109.9,alluvial,kharif,rainfed,Andhra Pradesh
muskmelon,horticulture,46.0,24.0,53.0,28.8,52.4,6.19,72.4,loamy,zaid,irrigated,Haryana
horsegram,pulse,28.0,37.0,25.0,28.2,44.8,6.05,65.8,loamy,kharif,irrigated,Andhra Pradesh
tobacco,cash,63.0,39.0,50.0,21.6,50.9,5.75,88.3,alluvial,rabi,rainfed,Andhra Pradesh
cauliflower,vegetable,118.0,58.0,80.0,22.4,64.9,7.09,152.8,loamy,rabi,irrigated,Bihar
apple,horticulture,32.0,19.0,21.0,7.8,76.4,6.82,119.0,alluvial,rabi,rainfed,Jammu & Kashmir
pigeonpeas,pulse,38.0,64.0,34.0,23.2,80.0,7.04,88.3,alluvial,kharif,irrigated,Uttar Pradesh
brinjal,vegetable,74.0,31.0,51.0,33.3,53.1,7.45,93.9,loamy,kharif,irrigated,Odisha
rose,flower,56.0,49.0,53.0,29.4,84.5,6.33,114.3,loamy,rabi,irrigated,West Bengal
jasmine,flower,57.0,62.0,53.0,20.1,83.2,6.24,110.4,alluvial,kharif,rainfed,Andhra Pradesh
mango,horticulture,31.0,23.0,65.0,32.3,43.0,6.73,127.5,alluvial,kharif,rainfed,Andhra Pradesh
arecanut,plantation,33.0,14.0,105.0,24.7,89.5,6.61,226.0,laterite,kharif,irrigated,Karnataka
papaya,horticulture,62.0,39.0,55.0,32.9,67.6,6.96,110.7,alluvial,kharif,rainfed,Andhra Pradesh
bajra,millet,57.0,21.0,25.0,36.8,41.5,6.99,66.5,sandy,kharif,irrigated,Maharashtra
tapioca,horticulture,103.0,34.0,89.0,24.5,83.3,5.69,159.5,laterite,kharif,rainfed,Tamil Nadu
bajra,millet,35.0,29.0,30.0,29.2,49.0,8.45,65.8,red,kharif,rainfed,Maharashtra
horsegram,pulse,11.0,19.0,22.0,23.2,40.4,6.2,72.6,red,rabi,rainfed,Chhattisgarh
tomato,vegetable,55.0,56.0,61.0,17.1,69.7,6.36,62.6,loamy,rabi,irrigated,Andhra Pradesh
cardamom,spice,33.0,14.0,63.0,17.6,94.0,5.17,202.2,loamy,kharif,irrigated,Kerala
jasmine,flower,30.0,28.0,49.0,20.7,78.7,6.32,147.9,sandy,kharif,rainfed,Maharashtra
brinjal,vegetable,45.0,44.0,48.0,24.6,58.6,7.29,82.1,loamy,rabi,rainfed,Odisha
cardamom,spice,37.0,36.0,35.0,16.3,73.1,5.64,332.4,red,kharif,irrigated,Sikkim
banana,horticulture,75.0,65.0,99.0,21.7,69.3,6.11,214.0,alluvial,kharif,rainfed,Gujarat
sunflower,oilseed,66.0,53.0,72.0,22.2,53.5,7.85,75.2,alluvial,rabi,rainfed,Bihar
chickpea,pulse,21.0,39.0,61.0,24.3,43.0,7.63,37.8,alluvial,rabi,rainfed,Maharashtra
rose,flower,60.0,62.0,41.0,23.3,70.8,6.5,149.5,alluvial,rabi,rainfed,Karnataka
watermelon,horticulture,59.0,43.0,58.0,39.0,74.6,7.34,83.1,loamy,zaid,irrigated,Rajasthan
wheat,cereal,160.0,81.0,57.0,26.6,74.6,7.21,68.7,alluvial,rabi,irrigated,Punjab
cauliflower,vegetable,76.0,62.0,71.0,14.1,64.1,6.79,146.5,loamy,rabi,rainfed,Bihar
pomegranate,horticulture,36.0,19.0,23.0,31.9,49.4,6.67,57.2,sandy,kharif,rainfed,Karnataka
tapioca,horticulture,62.0,63.0,130.0,24.8,85.8,6.86,121.8,laterite,kharif,rainfed,Andhra Pradesh
cardamom,spice,22.0,30.0,57.0,22.2,88.9,6.78,209.6,red,kharif,irrigated,Karnataka
coffee,plantation,56.0,32.0,45.0,25.4,75.7,6.0,161.6,red,kharif,rainfed,Odisha
tomato,vegetable,78.0,47.0,48.0,28.3,69.0,6.46,77.4,red,rabi,rainfed,Madhya Pradesh
grapes,horticulture,30.0,22.0,64.0,15.3,54.9,7.43,47.0,red,rabi,rainfed,Mizoram
pomegranate,horticulture,28.0,18.0,31.0,19.5,45.5,7.26,85.2,alluvial,kharif,irrigated,Andhra Pradesh
castor,oilseed,30.0,47.0,56.0,38.4,58.1,7.36,77.7,loamy,kharif,irrigated,Rajasthan
castor,oilseed,52.0,46.0,31.0,19.1,59.8,6.43,49.4,loamy,kharif,irrigated,Tamil Nadu
watermelon,horticulture,45.0,40.0,57.0,37.0,52.4,7.37,46.5,loamy,zaid,irrigated,Karnataka
coconut,plantation,20.0,19.0,49.0,21.8,96.8,7.29,156.6,alluvial,kharif,rainfed,Kerala
tapioca,horticulture,105.0,54.0,81.0,22.4,80.9,6.5,144.8,laterite,kharif,rainfed,Karnataka
lentil,pulse,15.0,36.0,19.0,23.7,54.1,6.75,57.9,loamy,rabi,rainfed,West Bengal
apple,horticulture,27.0,37.0,33.0,6.9,82.9,6.64,215.8,loamy,rabi,irrigated,Jammu & Kashmir
mothbeans,pulse,10.0,38.0,30.0,34.9,34.5,7.83,24.0,sandy,kharif,rainfed,Haryana
sapota,horticulture,35.0,20.0,30.0,39.4,62.7,7.15,190.1,alluvial,kharif,rainfed,Karnataka
mango,horticulture,37.0,20.0,38.0,31.4,58.3,7.14,164.3,loamy,kharif,rainfed,Bihar
ragi,millet,57.0,25.0,47.0,23.4,80.2,6.42,106.8,red,kharif,rainfed,Odisha
lentil,pulse,17.0,28.0,30.0,18.2,46.5,6.53,31.3,loamy,rabi,rainfed,Bihar
cowpea,pulse,30.0,36.0,27.0,29.9,78.7,7.22,63.9,sandy,zaid,rainfed,Karnataka
ragi,millet,88.0,42.0,54.0,15.0,69.9,5.68,119.1,loamy,kharif,rainfed,Andhra Pradesh
soybean,oilseed,29.0,76.0,38.0,23.6,61.4,6.01,88.0,black,kharif,rainfed,Rajasthan
cowpea,pulse,29.0,45.0,42.0,27.7,77.4,7.4,59.6,sandy,kharif,rainfed,Karnataka
sapota,horticulture,29.0,35.0,48.0,25.8,60.1,7.46,132.6,laterite,kharif,rainfed,Karnataka
jasmine,flower,30.0,32.0,52.0,37.8,72.4,7.23,94.9,sandy,kharif,rainfed,Karnataka
mustard,oilseed,77.0,46.0,51.0,11.7,69.8,6.93,49.6,loamy,rabi,rainfed,Rajasthan
apple,horticulture,22.0,28.0,31.0,20.9,90.7,6.03,208.3,alluvial,rabi,irrigated,Uttarakhand
pepper,spice,61.0,19.0,93.0,32.0,90.9,6.48,327.5,laterite,kharif,irrigated,Kerala
banana,horticulture,106.0,66.0,111.0,40.9,68.0,6.78,199.8,alluvial,kharif,irrigated,Maharashtra
cauliflower,vegetable,91.0,45.0,73.0,8.2,60.4,6.03,80.5,alluvial,rabi,irrigated,Uttar Pradesh
mustard,oilseed,107.0,56.0,52.0,11.0,64.3,7.49,30.8,loamy,rabi,irrigated,Haryana
pepper,spice,28.0,38.0,78.0,28.0,92.8,6.93,278.0,loamy,kharif,irrigated,Tamil Nadu
apple,horticulture,38.0,25.0,25.0,10.7,83.7,5.74,138.0,loamy,rabi,irrigated,Uttarakhand
cowpea,pulse,15.0,34.0,40.0,31.6,72.6,6.04,92.3,loamy,zaid,irrigated,Tamil Nadu
mango,horticulture,22.0,30.0,46.0,35.7,45.4,5.79,185.8,loamy,kharif,irrigated,Uttar Pradesh
watermelon,horticulture,53.0,48.0,48.0,31.2,77.2,6.63,79.5,red,zaid,irrigated,Tamil Nadu
pigeonpeas,pulse,20.0,51.0,41.0,27.4,78.5,6.43,83.8,loamy,kharif,rainfed,Karnataka
mango,horticulture,26.0,19.0,38.0,20.2,64.3,6.12,174.9,laterite,kharif,irrigated,Tamil Nadu
turmeric,spice,54.0,53.0,78.0,19.8,70.6,5.8,153.7,alluvial,kharif,rainfed,Karnataka
okra,vegetable,35.0,52.0,33.0,40.3,77.3,7.26,117.4,loamy,kharif,rainfed,West Bengal
sugarcane,cash,139.0,80.0,107.0,31.6,90.8,7.56,122.4,black,kharif,rainfed,Tamil Nadu
castor,oilseed,43.0,36.0,41.0,22.2,73.8,7.89,92.5,loamy,kharif,rainfed,Andhra Pradesh
tapioca,horticulture,69.0,37.0,129.0,32.4,72.5,6.14,103.6,laterite,kharif,rainfed,Kerala
papaya,horticulture,80.0,35.0,71.0,38.9,70.4,7.42,140.6,sandy,kharif,rainfed,Maharashtra
banana,horticulture,98.0,46.0,88.0,30.9,78.5,6.04,205.2,alluvial,kharif,rainfed,Gujarat
kidneybeans,pulse,35.0,54.0,44.0,14.6,67.6,6.27,89.6,alluvial,kharif,irrigated,Karnataka
rose,flower,68.0,54.0,63.0,26.9,57.9,6.09,96.1,alluvial,rabi,rainfed,Maharashtra
sapota,horticulture,35.0,35.0,31.0,22.0,84.8,6.58,197.4,loamy,kharif,irrigated,Tamil Nadu
rice,cereal,122.0,57.0,54.0,24.4,64.8,6.11,179.8,clay,kharif,irrigated,West Bengal
pomegranate,horticulture,33.0,16.0,35.0,29.4,45.0,8.1,55.9,alluvial,kharif,rainfed,Karnataka
sugarcane,cash,123.0,75.0,89.0,21.2,94.4,6.19,139.6,alluvial,kharif,rainfed,Tamil Nadu
coffee,plantation,85.0,29.0,60.0,29.7,70.8,7.14,135.0,loamy,kharif,rainfed,Andhra Pradesh
horsegram,pulse,26.0,41.0,31.0,30.8,43.5,6.16,52.5,loamy,rabi,irrigated,Karnataka
chilli,spice,73.0,73.0,48.0,28.6,71.0,7.09,70.3,black,kharif,irrigated,Karnataka
jasmine,flower,44.0,37.0,59.0,28.8,72.2,7.43,150.4,alluvial,kharif,irrigated,Andhra Pradesh
orange,horticulture,33.0,21.0,30.0,27.1,52.5,7.29,138.3,alluvial,rabi,rainfed,Rajasthan
onion,vegetable,46.0,36.0,62.0,13.2,60.9,6.73,102.0,alluvial,kharif,irrigated,Gujarat
sapota,horticulture,26.0,36.0,30.0,19.5,74.7,6.88,165.0,laterite,kharif,irrigated,Karnataka
rose,flower,66.0,48.0,51.0,23.3,73.5,5.98,74.1,alluvial,rabi,rainfed,Maharashtra
sapota,horticulture,39.0,31.0,39.0,34.2,76.9,6.27,190.4,loamy,kharif,irrigated,Maharashtra
okra,vegetable,62.0,53.0,44.0,25.7,65.9,6.76,111.5,sandy,kharif,rainfed,Andhra Pradesh
bajra,millet,47.0,34.0,44.0,27.8,44.9,6.43,66.0,sandy,kharif,rainfed,Rajasthan
castor,oilseed,46.0,34.0,29.0,25.1,64.3,7.36,53.1,loamy,kharif,irrigated,Tamil Nadu
tea,plantation,21.0,27.0,28.0,19.5,100.2,4.89,187.0,red,kharif,rainfed,West Bengal
coffee,plantation,57.0,30.0,58.0,29.7,68.8,7.21,104.7,laterite,kharif,rainfed,Karnataka
pepper,spice,32.0,34.0,63.0,25.8,93.5,6.28,188.7,laterite,kharif,rainfed,Tamil Nadu
tobacco,cash,39.0,45.0,36.0,30.9,74.1,5.57,72.7,alluvial,rabi,irrigated,Karnataka
kidneybeans,pulse,42.0,80.0,41.0,27.7,64.6,7.5,78.3,alluvial,kharif,irrigated,Uttarakhand
cabbage,vegetable,79.0,52.0,69.0,14.3,79.3,6.18,130.6,alluvial,rabi,rainfed,West Bengal
potato,vegetable,110.0,49.0,107.0,20.8,83.9,5.71,132.5,loamy,rabi,rainfed,West Bengal
marigold,flower,70.0,64.0,75.0,19.6,63.7,6.33,97.0,loamy,kharif,rainfed,Rajasthan
pomegranate,horticulture,35.0,37.0,27.0,31.6,49.4,7.07,83.4,sandy,kharif,irrigated,Andhra Pradesh
mustard,oilseed,84.0,50.0,53.0,16.1,59.7,6.99,56.9,sandy,rabi,irrigated,Uttar Pradesh
rose,flower,68.0,66.0,71.0,30.1,77.2,6.51,89.1,loamy,rabi,rainfed,West Bengal
coffee,plantation,78.0,32.0,63.0,25.1,64.5,6.6,158.9,loamy,kharif,irrigated,Tamil Nadu
tapioca,horticulture,77.0,30.0,87.0,26.6,63.1,6.86,118.2,red,kharif,irrigated,Kerala
sugarcane,cash,157.0,62.0,114.0,21.8,85.9,6.03,145.3,alluvial,kharif,rainfed,Uttar Pradesh
bajra,millet,51.0,20.0,41.0,29.2,31.7,6.96,62.2,red,kharif,rainfed,Rajasthan
tobacco,cash,50.0,59.0,38.0,19.6,59.7,6.73,60.2,sandy,rabi,irrigated,Karnataka
cauliflower,vegetable,100.0,75.0,78.0,8.3,76.6,6.86,88.7,loamy,rabi,rainfed,Maharashtra
soybean,oilseed,49.0,96.0,64.0,22.7,70.7,6.26,121.4,alluvial,kharif,rainfed,Maharashtra
mango,horticulture,43.0,36.0,55.0,38.3,51.3,7.23,111.8,laterite,kharif,rainfed,Tamil Nadu
tobacco,cash,43.0,30.0,41.0,19.0,62.7,7.31,84.3,sandy,rabi,irrigated,Telangana
jowar,millet,55.0,31.0,43.0,28.4,37.1,6.21,77.7,loamy,kharif,rainfed,Andhra Pradesh
coffee,plantation,73.0,33.0,51.0,23.7,79.5,7.13,145.7,loamy,kharif,rainfed,Tamil Nadu
soybean,oilseed,52.0,91.0,52.0,21.4,65.5,7.33,96.4,alluvial,kharif,rainfed,Uttar Pradesh
lentil,pulse,28.0,55.0,42.0,20.8,52.9,6.23,66.4,loamy,rabi,rainfed,Rajasthan
cauliflower,vegetable,112.0,52.0,50.0,16.6,80.9,7.31,131.6,loamy,rabi,irrigated,Uttar Pradesh
soybean,oilseed,49.0,72.0,38.0,23.9,68.7,6.01,58.5,alluvial,kharif,irrigated,Madhya Pradesh
castor,oilseed,40.0,27.0,55.0,30.9,55.0,8.44,82.5,loamy,kharif,irrigated,Karnataka
sunflower,oilseed,97.0,85.0,47.0,23.9,69.3,6.18,92.7,alluvial,rabi,irrigated,Andhra Pradesh
jute,cash,80.0,31.0,50.0,30.4,87.6,7.31,235.1,alluvial,kharif,irrigated,Assam
cocoa,plantation,33.0,32.0,56.0,21.6,96.1,6.66,192.1,alluvial,kharif,rainfed,Andhra Pradesh
maize,cereal,90.0,37.0,62.0,17.4,85.9,6.52,84.9,red,kharif,rainfed,Karnataka
chickpea,pulse,38.0,49.0,42.0,16.2,44.6,7.29,54.6,black,rabi,rainfed,Uttar Pradesh
cashew,plantation,20.0,21.0,25.0,25.8,75.1,6.78,148.2,sandy,kharif,rainfed,Andhra Pradesh
mothbeans,pulse,22.0,38.0,28.0,27.1,26.2,9.0,39.9,loamy,kharif,rainfed,Gujarat
muskmelon,horticulture,48.0,51.0,53.0,31.8,62.6,6.84,68.3,loamy,zaid,rainfed,Punjab
horsegram,pulse,16.0,20.0,20.0,24.2,67.7,5.67,39.0,red,kharif,rainfed,Karnataka
guava,horticulture,40.0,20.0,34.0,23.3,79.9,5.06,155.8,laterite,kharif,rainfed,Maharashtra
pomegranate,horticulture,25.0,32.0,16.0,28.6,49.1,7.99,61.7,sandy,kharif,rainfed,Rajasthan
wheat,cereal,152.0,69.0,53.0,21.8,58.4,6.17,47.3,loamy,rabi,rainfed,Madhya Pradesh
greengram,pulse,32.0,28.0,37.0,29.9,79.7,7.26,57.6,alluvial,zaid,rainfed,Maharashtra
rice,cereal,83.0,62.0,31.0,24.1,85.0,6.83,205.3,clay,kharif,rainfed,Punjab
ginger,spice,51.0,55.0,80.0,22.8,86.0,7.29,111.8,alluvial,kharif,rainfed,Meghalaya
ragi,millet,66.0,31.0,54.0,22.4,68.4,6.42,59.3,loamy,kharif,irrigated,Tamil Nadu
rice,cereal,94.0,62.0,52.0,30.2,70.0,6.59,168.4,alluvial,kharif,irrigated,Tamil Nadu
lentil,pulse,15.0,36.0,20.0,15.1,47.9,7.24,62.0,loamy,rabi,irrigated,Uttar Pradesh
sapota,horticulture,43.0,19.0,46.0,25.3,68.5,7.83,125.9,laterite,kharif,irrigated,Karnataka
kidneybeans,pulse,34.0,58.0,40.0,16.8,78.5,7.08,115.2,loamy,kharif,irrigated,Uttarakhand
sapota,horticulture,26.0,19.0,34.0,40.8,56.4,7.06,105.7,alluvial,kharif,rainfed,Tamil Nadu
jowar,millet,68.0,28.0,30.0,34.8,56.2,6.81,90.2,red,kharif,rainfed,Rajasthan
mothbeans,pulse,12.0,35.0,15.0,36.0,40.7,8.89,44.3,sandy,kharif,rainfed,Haryana
grapes,horticulture,43.0,39.0,33.0,19.6,73.3,6.69,66.0,red,rabi,rainfed,Andhra Pradesh
cauliflower,vegetable,110.0,58.0,79.0,16.7,88.4,6.58,99.0,loamy,rabi,irrigated,Odisha
tapioca,horticulture,60.0,35.0,98.0,28.2,61.1,5.78,155.8,red,kharif,irrigated,Andhra Pradesh
potato,vegetable,107.0,52.0,108.0,23.4,91.5,6.16,76.0,sandy,rabi,rainfed,Punjab
onion,vegetable,45.0,38.0,64.0,29.2,65.8,6.65,59.1,black,rabi,rainfed,Rajasthan
sapota,horticulture,21.0,20.0,29.0,40.0,85.0,6.58,131.8,loamy,kharif,irrigated,Maharashtra
tobacco,cash,43.0,49.0,30.0,32.8,57.1,7.26,96.9,sandy,rabi,rainfed,Bihar
jasmine,flower,60.0,39.0,38.0,30.7,57.6,6.09,144.8,loamy,kharif,rainfed,Maharashtra
tapioca,horticulture,79.0,57.0,119.0,21.8,76.1,6.25,128.6,loamy,kharif,irrigated,Tamil Nadu
watermelon,horticulture,63.0,41.0,73.0,24.3,61.5,6.83,56.7,loamy,zaid,rainfed,Tamil Nadu
arecanut,plantation,43.0,30.0,61.0,32.0,87.5,7.47,248.9,alluvial,kharif,rainfed,Assam
sugarcane,cash,128.0,47.0,96.0,33.9,79.5,7.24,127.3,alluvial,kharif,irrigated,Andhra Pradesh
potato,vegetable,87.0,56.0,103.0,18.1,79.2,6.13,104.0,loamy,rabi,rainfed,West Bengal
turmeric,spice,84.0,64.0,59.0,32.8,75.8,6.16,99.7,alluvial,kharif,rainfed,Karnataka
arecanut,plantation,38.0,22.0,74.0,31.1,74.1,6.9,160.3,alluvial,kharif,rainfed,Karnataka
tapioca,horticulture,103.0,60.0,102.0,24.7,65.3,5.69,198.9,loamy,kharif,rainfed,Maharashtra
mustard,oilseed,61.0,50.0,50.0,9.3,64.8,7.91,40.6,sandy,rabi,rainfed,Madhya Pradesh
potato,vegetable,105.0,77.0,118.0,23.5,74.7,6.41,95.5,sandy,rabi,rainfed,Gujarat
sunflower,oilseed,55.0,78.0,64.0,27.4,65.7,7.12,88.5,black,kharif,irrigated,Bihar
muskmelon,horticulture,35.0,47.0,57.0,31.5,62.3,6.93,49.8,loamy,zaid,irrigated,Punjab
arecanut,plantation,31.0,23.0,71.0,28.3,87.2,7.18,196.8,laterite,kharif,irrigated,Kerala
papaya,horticulture,49.0,41.0,78.0,34.5,76.0,7.15,140.7,alluvial,kharif,irrigated,Gujarat
pepper,spice,50.0,32.0,57.0,24.9,70.1,5.54,260.2,laterite,kharif,irrigated,Karnataka
groundnut,cash,11.0,49.0,39.0,26.6,78.0,6.7,94.4,loamy,rabi,irrigated,Gujarat
ginger,spice,59.0,29.0,69.0,27.5,91.1,6.71,194.5,laterite,kharif,rainfed,Odisha
banana,horticulture,130.0,76.0,78.0,33.2,65.7,6.08,125.9,alluvial,kharif,rainfed,Andhra Pradesh
mothbeans,pulse,26.0,40.0,29.0,25.2,52.0,8.87,22.2,sandy,kharif,rainfed,Rajasthan
rubber,plantation,25.0,28.0,24.0,24.5,83.7,5.33,341.0,laterite,kharif,irrigated,Tamil Nadu
maize,cereal,91.0,36.0,46.0,18.7,66.8,5.71,84.1,red,rabi,rainfed,Bihar
rice,cereal,117.0,39.0,65.0,20.7,89.5,6.41,285.1,loamy,kharif,irrigated,Andhra Pradesh
tobacco,cash,50.0,36.0,45.0,20.3,76.0,5.68,88.2,loamy,rabi,irrigated,Karnataka
brinjal,vegetable,56.0,44.0,41.0,36.7,85.6,7.42,97.0,alluvial,kharif,irrigated,Andhra Pradesh
okra,vegetable,57.0,51.0,50.0,38.8,72.5,7.44,118.6,sandy,zaid,rainfed,Gujarat
wheat,cereal,112.0,63.0,46.0,19.8,69.4,6.97,50.1,loamy,rabi,irrigated,Uttar Pradesh
sugarcane,cash,141.0,64.0,118.0,25.9,75.7,6.76,152.9,loamy,kharif,irrigated,Andhra Pradesh
mustard,oilseed,83.0,61.0,48.0,20.6,49.0,7.3,39.7,loamy,rabi,rainfed,Haryana
rubber,plantation,35.0,16.0,40.0,22.9,73.8,6.07,226.9,laterite,kharif,rainfed,Karnataka
cashew,plantation,14.0,11.0,10.0,35.2,57.1,6.28,167.8,loamy,kharif,rainfed,Maharashtra
soybean,oilseed,47.0,71.0,64.0,22.6,71.1,7.48,97.8,loamy,kharif,irrigated,Uttar Pradesh
apple,horticulture,21.0,41.0,35.0,5.6,76.2,6.65,127.8,alluvial,rabi,rainfed,Uttarakhand
tea,plantation,36.0,30.0,17.0,25.3,75.4,5.07,349.7,laterite,kharif,rainfed,West Bengal
brinjal,vegetable,66.0,45.0,44.0,27.3,71.2,6.33,125.7,alluvial,kharif,irrigated,Gujarat
cashew,plantation,19.0,23.0,31.0,40.7,52.1,5.61,105.8,laterite,kharif,rainfed,Andhra Pradesh
muskmelon,horticulture,28.0,52.0,34.0,28.5,73.8,7.13,39.8,loamy,zaid,rainfed,Haryana
lentil,pulse,18.0,36.0,33.0,20.6,44.5,6.1,39.5,alluvial,rabi,irrigated,Bihar
tobacco,cash,46.0,39.0,48.0,24.4,76.2,7.18,103.1,sandy,rabi,rainfed,Karnataka
bajra,millet,48.0,17.0,23.0,33.8,44.7,8.37,45.5,red,kharif,rainfed,Rajasthan
brinjal,vegetable,40.0,53.0,50.0,30.5,77.4,6.9,75.8,sandy,rabi,irrigated,Bihar
banana,horticulture,97.0,67.0,76.0,31.2,76.7,5.6,123.1,loamy,kharif,rainfed,Andhra Pradesh
cardamom,spice,21.0,28.0,40.0,24.9,80.6,5.49,409.8,loamy,kharif,irrigated,Tamil Nadu
barley,cereal,61.0,52.0,39.0,16.1,44.5,7.16,49.6,loamy,rabi,rainfed,Uttar Pradesh
rice,cereal,97.0,53.0,58.0,33.8,83.0,5.56,237.1,loamy,kharif,rainfed,West Bengal
blackgram,pulse,38.0,35.0,38.0,34.0,77.3,6.9,60.1,red,kharif,rainfed,Tamil Nadu
jowar,millet,38.0,39.0,36.0,27.1,45.9,7.39,43.8,black,rabi,rainfed,Madhya Pradesh
muskmelon,horticulture,54.0,45.0,59.0,39.1,52.8,6.81,42.7,loamy,zaid,rainfed,Punjab
cowpea,pulse,21.0,47.0,19.0,27.7,67.5,5.89,93.6,sandy,zaid,rainfed,Tamil Nadu
soybean,oilseed,39.0,68.0,56.0,26.6,58.5,7.39,128.2,loamy,kharif,irrigated,Madhya Pradesh
cabbage,vegetable,76.0,65.0,72.0,20.8,79.0,6.9,95.1,alluvial,rabi,rainfed,Maharashtra
cardamom,spice,23.0,31.0,46.0,20.4,83.6,6.33,297.0,red,kharif,rainfed,Karnataka
grapes,horticulture,38.0,42.0,34.0,21.8,69.3,6.54,47.6,loamy,rabi,rainfed,Andhra Pradesh
ginger,spice,69.0,61.0,74.0,24.6,91.4,6.41,140.7,loamy,kharif,rainfed,Karnataka
coconut,plantation,36.0,23.0,67.0,28.6,74.6,7.56,103.9,laterite,kharif,irrigated,Kerala
coconut,plantation,36.0,24.0,63.0,22.1,94.9,6.48,215.8,sandy,kharif,rainfed,Kerala
coconut,plantation,43.0,12.0,50.0,26.8,85.0,7.91,258.8,loamy,kharif,irrigated,Karnataka
sesame,oilseed,22.0,40.0,39.0,36.2,49.1,7.74,59.7,sandy,kharif,rainfed,Gujarat
mustard,oilseed,76.0,42.0,29.0,10.1,68.6,7.16,73.8,loamy,rabi,irrigated,Madhya Pradesh
tea,plantation,23.0,31.0,22.0,22.2,83.1,5.26,187.4,loamy,kharif,irrigated,Assam
apple,horticulture,43.0,40.0,25.0,6.1,69.8,6.01,202.8,loamy,rabi,rainfed,Jammu & Kashmir
tapioca,horticulture,59.0,30.0,78.0,35.4,71.8,6.25,130.2,loamy,kharif,rainfed,Kerala
barley,cereal,59.0,49.0,54.0,18.3,61.3,7.5,75.0,alluvial,rabi,rainfed,Madhya Pradesh
chilli,spice,71.0,59.0,53.0,24.1,56.5,6.45,67.7,alluvial,rabi,rainfed,Tamil Nadu
pineapple,horticulture,38.0,20.0,40.0,23.2,91.4,5.06,260.5,laterite,kharif,rainfed,Assam
cardamom,spice,31.0,29.0,35.0,25.3,78.4,5.89,343.9,red,kharif,irrigated,Tamil Nadu
mustard,oilseed,86.0,42.0,50.0,19.6,48.4,7.99,66.8,loamy,rabi,rainfed,Uttar Pradesh
greengram,pulse,33.0,54.0,32.0,36.2,74.8,6.8,86.6,loamy,zaid,rainfed,Maharashtra
ginger,spice,42.0,35.0,60.0,30.7,85.8,6.56,188.9,laterite,kharif,irrigated,Kerala
greengram,pulse,30.0,42.0,26.0,34.0,83.6,6.01,70.0,red,zaid,rainfed,Karnataka
tea,plantation,28.0,17.0,13.0,14.0,82.4,5.74,182.6,loamy,kharif,irrigated,Karnataka
castor,oilseed,32.0,33.0,37.0,21.7,48.2,7.2,46.6,sandy,kharif,irrigated,Andhra Pradesh
tomato,vegetable,55.0,71.0,56.0,29.4,74.9,6.53,123.7,alluvial,kharif,rainfed,Karnataka
jowar,millet,72.0,42.0,42.0,31.3,34.6,7.98,99.6,loamy,rabi,irrigated,Rajasthan
sesame,oilseed,30.0,47.0,38.0,37.6,68.7,7.79,37.6,sandy,kharif,rainfed,Gujarat
pomegranate,horticulture,23.0,27.0,33.0,32.7,48.1,6.81,54.9,loamy,kharif,rainfed,Rajasthan
lentil,pulse,32.0,38.0,38.0,26.4,55.4,7.77,47.9,alluvial,rabi,rainfed,Uttar Pradesh
marigold,flower,49.0,37.0,73.0,29.3,76.0,6.16,111.7,loamy,rabi,rainfed,Tamil Nadu
chickpea,pulse,28.0,56.0,51.0,21.6,50.5,6.08,82.5,black,rabi,rainfed,Uttar Pradesh
castor,oilseed,47.0,27.0,33.0,23.2,57.9,8.09,74.2,sandy,kharif,rainfed,Rajasthan
pepper,spice,39.0,22.0,85.0,24.9,77.5,5.69,264.7,laterite,kharif,rainfed,Tamil Nadu
turmeric,spice,68.0,68.0,61.0,29.0,81.1,5.73,155.6,alluvial,kharif,rainfed,Telangana
cardamom,spice,33.0,16.0,56.0,24.9,90.8,5.05,331.6,red,kharif,rainfed,Kerala
turmeric,spice,86.0,54.0,69.0,26.5,90.1,5.47,200.2,red,kharif,rainfed,Karnataka
tea,plantation,29.0,18.0,10.0,12.5,77.8,6.0,141.2,laterite,kharif,rainfed,Kerala
sapota,horticulture,24.0,37.0,43.0,33.8,80.7,7.45,136.7,loamy,kharif,rainfed,Tamil Nadu
ginger,spice,76.0,57.0,94.0,20.8,74.9,6.99,114.3,laterite,kharif,irrigated,Kerala
orange,horticulture,20.0,23.0,36.0,19.3,58.3,7.16,129.0,laterite,rabi,irrigated,Assam
okra,vegetable,32.0,52.0,49.0,33.5,63.5,6.17,61.4,loamy,zaid,irrigated,Bihar
grapes,horticulture,29.0,41.0,32.0,27.6,53.1,6.62,57.0,black,rabi,irrigated,Tamil Nadu
potato,vegetable,100.0,73.0,112.0,16.4,66.6,6.35,143.2,loamy,rabi,rainfed,West Bengal
wheat,cereal,95.0,63.0,59.0,17.3,49.3,7.36,83.0,alluvial,rabi,irrigated,Haryana
mango,horticulture,27.0,37.0,67.0,30.0,72.0,7.36,107.6,loamy,kharif,irrigated,Tamil Nadu
banana,horticulture,96.0,68.0,121.0,23.2,78.4,6.66,135.6,loamy,kharif,rainfed,Andhra Pradesh
pineapple,horticulture,57.0,20.0,55.0,27.6,88.0,6.47,98.0,loamy,kharif,rainfed,Assam
coffee,plantation,64.0,39.0,51.0,23.4,62.6,6.19,207.8,laterite,kharif,irrigated,Tamil Nadu
tea,plantation,21.0,32.0,28.0,19.5,99.6,5.69,166.2,loamy,kharif,rainfed,Assam
sugarcane,cash,126.0,63.0,126.0,31.4,86.4,7.46,129.5,loamy,kharif,irrigated,Andhra Pradesh
soybean,oilseed,31.0,58.0,44.0,32.2,64.6,7.28,92.6,black,kharif,rainfed,Rajasthan
guava,horticulture,54.0,36.0,47.0,33.9,54.4,5.17,149.3,sandy,kharif,rainfed,Andhra Pradesh
sugarcane,cash,154.0,48.0,119.0,26.3,67.9,6.32,208.5,alluvial,kharif,irrigated,Andhra Pradesh
sugarcane,cash,149.0,63.0,126.0,33.8,92.2,7.33,118.1,loamy,kharif,rainfed,Tamil Nadu
banana,horticulture,119.0,70.0,99.0,35.8,83.6,7.11,190.6,alluvial,kharif,irrigated,Andhra Pradesh
banana,horticulture,125.0,55.0,74.0,30.0,72.3,5.97,142.5,alluvial,kharif,irrigated,Maharashtra
coriander,spice,32.0,35.0,23.0,15.8,54.7,6.57,38.5,alluvial,rabi,rainfed,Gujarat
cowpea,pulse,24.0,37.0,41.0,33.7,72.1,6.14,89.0,red,zaid,rainfed,Maharashtra
tomato,vegetable,78.0,54.0,80.0,22.0,79.6,6.57,81.8,alluvial,kharif,rainfed,Odisha
onion,vegetable,58.0,54.0,54.0,13.7,67.0,6.35,66.9,loamy,rabi,rainfed,Karnataka
grapes,horticulture,31.0,30.0,60.0,29.2,68.1,7.3,61.3,red,rabi,rainfed,Andhra Pradesh
castor,oilseed,29.0,24.0,47.0,37.4,63.4,6.69,59.6,loamy,kharif,irrigated,Andhra Pradesh
orange,horticulture,40.0,17.0,29.0,22.1,59.8,6.11,135.3,laterite,rabi,rainfed,Nagpur
bajra,millet,46.0,38.0,38.0,37.0,40.3,6.35,78.4,loamy,kharif,rainfed,Haryana
maize,cereal,77.0,50.0,56.0,18.0,56.2,6.64,76.9,red,rabi,rainfed,Madhya Pradesh
kidneybeans,pulse,35.0,64.0,35.0,16.7,69.6,6.96,118.6,loamy,kharif,rainfed,Karnataka
mustard,oilseed,56.0,58.0,49.0,20.7,50.2,6.32,69.7,alluvial,rabi,irrigated,Rajasthan
coriander,spice,40.0,43.0,36.0,16.8,50.4,6.66,64.3,alluvial,rabi,rainfed,Rajasthan
chickpea,pulse,38.0,51.0,47.0,26.5,45.7,6.97,74.3,alluvial,rabi,irrigated,Rajasthan
mango,horticulture,33.0,25.0,46.0,21.8,50.3,7.25,80.2,laterite,kharif,irrigated,Bihar
greengram,pulse,31.0,49.0,20.0,23.9,82.9,6.71,78.8,loamy,zaid,irrigated,Karnataka
jowar,millet,55.0,26.0,38.0,35.0,60.1,7.28,85.0,red,kharif,irrigated,Maharashtra
jute,cash,97.0,36.0,53.0,25.0,82.5,6.41,197.3,loamy,kharif,irrigated,Meghalaya
onion,vegetable,54.0,59.0,46.0,27.8,55.3,7.16,58.1,loamy,rabi,irrigated,Karnataka
banana,horticulture,83.0,72.0,86.0,40.4,78.5,6.97,156.3,alluvial,kharif,rainfed,Tamil Nadu
sunflower,oilseed,107.0,81.0,69.0,19.8,56.0,6.16,76.8,black,kharif,rainfed,Andhra Pradesh
greengram,pulse,35.0,37.0,24.0,29.8,66.7,6.56,64.2,loamy,kharif,rainfed,Karnataka
arecanut,plantation,30.0,30.0,83.0,20.4,81.4,6.3,147.5,laterite,kharif,irrigated,Tamil Nadu
soybean,oilseed,44.0,64.0,74.0,20.1,55.3,7.25,113.9,loamy,kharif,rainfed,Karnataka
ginger,spice,67.0,52.0,59.0,22.2,66.8,5.92,188.6,loamy,kharif,rainfed,Odisha
muskmelon,horticulture,62.0,37.0,67.0,28.6,55.6,6.38,74.7,sandy,zaid,irrigated,Karnataka
rubber,plantation,30.0,24.0,14.0,35.8,97.4,5.71,336.4,laterite,kharif,rainfed,Tamil Nadu
groundnut,cash,12.0,86.0,38.0,32.5,60.3,6.79,84.9,sandy,kharif,rainfed,Tamil Nadu
tobacco,cash,35.0,42.0,59.0,21.5,63.5,6.71,67.2,alluvial,rabi,irrigated,Telangana
muskmelon,horticulture,50.0,32.0,67.0,38.6,80.0,6.6,66.8,loamy,zaid,irrigated,Uttar Pradesh
soybean,oilseed,36.0,96.0,62.0,19.2,60.9,6.51,72.5,alluvial,kharif,rainfed,Rajasthan
ragi,millet,60.0,48.0,39.0,17.2,68.4,6.13,111.2,loamy,kharif,irrigated,Uttarakhand
bajra,millet,63.0,25.0,43.0,29.3,53.2,8.27,76.8,loamy,kharif,rainfed,Maharashtra
cashew,plantation,23.0,26.0,30.0,24.4,52.8,5.18,101.6,loamy,kharif,rainfed,Goa
banana,horticulture,108.0,64.0,111.0,28.8,93.6,5.95,152.2,alluvial,kharif,rainfed,Karnataka
tobacco,cash,61.0,53.0,47.0,33.1,72.6,6.87,85.1,alluvial,rabi,irrigated,Andhra Pradesh
rose,flower,64.0,65.0,47.0,17.3,68.7,5.55,89.4,alluvial,rabi,rainfed,Maharashtra
coriander,spice,39.0,44.0,33.0,17.3,51.8,6.97,54.3,loamy,rabi,irrigated,Gujarat
cardamom,spice,29.0,22.0,42.0,26.4,93.1,6.54,264.6,loamy,kharif,rainfed,Tamil Nadu
maize,cereal,82.0,52.0,64.0,26.3,79.9,6.04,121.8,red,rabi,rainfed,Bihar
mango,horticulture,24.0,20.0,62.0,39.3,42.2,6.27,75.8,laterite,kharif,irrigated,Tamil Nadu
pineapple,horticulture,42.0,19.0,49.0,34.0,93.1,6.25,151.4,sandy,kharif,irrigated,West Bengal
sunflower,oilseed,69.0,82.0,72.0,19.9,63.3,6.22,97.4,alluvial,rabi,irrigated,Andhra Pradesh
arecanut,plantation,42.0,22.0,105.0,34.9,72.8,6.9,224.9,loamy,kharif,rainfed,Tamil Nadu
chickpea,pulse,33.0,64.0,47.0,26.8,48.6,7.08,47.2,alluvial,rabi,rainfed,Karnataka
grapes,horticulture,42.0,35.0,56.0,24.1,60.7,7.98,61.6,black,rabi,rainfed,Maharashtra
rice,cereal,126.0,50.0,42.0,30.0,79.8,5.88,240.9,alluvial,kharif,irrigated,Punjab
mustard,oilseed,84.0,42.0,32.0,19.6,48.8,7.9,38.3,loamy,rabi,rainfed,Haryana
sunflower,oilseed,75.0,48.0,46.0,24.9,60.1,6.52,77.7,black,kharif,irrigated,Andhra Pradesh
jowar,millet,72.0,37.0,39.0,29.0,51.4,7.08,47.7,black,rabi,irrigated,Rajasthan
marigold,flower,53.0,56.0,67.0,15.9,71.7,7.37,67.8,sandy,kharif,rainfed,Tamil Nadu
jute,cash,87.0,48.0,45.0,34.6,90.6,6.83,156.2,loamy,kharif,rainfed,West Bengal
pomegranate,horticulture,20.0,16.0,34.0,20.8,37.5,7.07,38.4,loamy,kharif,irrigated,Andhra Pradesh
lentil,pulse,32.0,52.0,21.0,24.4,51.1,6.98,44.4,alluvial,rabi,rainfed,Rajasthan
coffee,plantation,80.0,34.0,46.0,15.8,60.1,7.07,135.9,laterite,kharif,rainfed,Andhra Pradesh
guava,horticulture,40.0,40.0,58.0,30.9,70.0,6.12,105.9,alluvial,kharif,rainfed,Andhra Pradesh
turmeric,spice,73.0,61.0,108.0,28.1,78.0,6.41,128.6,alluvial,kharif,irrigated,Telangana
cardamom,spice,26.0,33.0,55.0,17.8,69.6,6.04,362.4,loamy,kharif,rainfed,Arunachal Pradesh
muskmelon,horticulture,34.0,32.0,60.0,33.9,72.4,7.03,70.7,loamy,zaid,irrigated,Karnataka
barley,cereal,83.0,48.0,52.0,16.1,42.5,6.77,61.6,loamy,rabi,rainfed,Uttar Pradesh
muskmelon,horticulture,45.0,29.0,55.0,35.4,63.7,6.26,59.7,sandy,zaid,rainfed,Karnataka
cashew,plantation,16.0,28.0,29.0,39.8,51.9,5.19,184.4,laterite,kharif,irrigated,Kerala
rubber,plantation,30.0,30.0,32.0,33.0,101.9,6.39,265.8,laterite,kharif,irrigated,Tripura
mothbeans,pulse,11.0,37.0,21.0,35.1,51.0,7.84,32.4,sandy,kharif,rainfed,Rajasthan
greengram,pulse,19.0,42.0,38.0,32.7,77.0,7.33,96.5,red,kharif,rainfed,Karnataka
orange,horticulture,19.0,28.0,23.0,25.3,61.9,6.79,161.4,alluvial,rabi,irrigated,Meghalaya
bajra,millet,38.0,36.0,44.0,29.8,53.1,7.11,30.2,sandy,kharif,rainfed,Haryana
grapes,horticulture,26.0,34.0,42.0,13.8,59.7,7.7,59.1,red,rabi,irrigated,Andhra Pradesh
muskmelon,horticulture,49.0,40.0,57.0,23.9,54.8,7.33,55.6,loamy,zaid,rainfed,Haryana
sugarcane,cash,149.0,86.0,89.0,34.9,96.6,7.95,137.1,alluvial,kharif,rainfed,Maharashtra
ragi,millet,82.0,39.0,30.0,27.0,77.9,6.96,100.7,laterite,kharif,irrigated,Karnataka
watermelon,horticulture,59.0,57.0,74.0,31.7,67.2,6.38,60.3,loamy,kharif,irrigated,Andhra Pradesh
brinjal,vegetable,56.0,47.0,39.0,20.8,62.3,5.6,56.3,alluvial,kharif,irrigated,Andhra Pradesh
cabbage,vegetable,100.0,68.0,62.0,21.3,74.2,7.04,84.8,alluvial,rabi,irrigated,Maharashtra
cotton,cash,75.0,58.0,67.0,26.3,52.1,7.43,101.7,black,kharif,rainfed,Andhra Pradesh
okra,vegetable,56.0,38.0,52.0,37.4,62.5,6.54,114.9,sandy,kharif,rainfed,Andhra Pradesh
arecanut,plantation,30.0,25.0,87.0,35.0,81.2,6.9,224.9,alluvial,kharif,irrigated,Assam
onion,vegetable,53.0,33.0,69.0,15.2,79.7,7.35,59.0,black,rabi,rainfed,Karnataka
cowpea,pulse,30.0,54.0,32.0,30.7,73.2,6.01,84.3,loamy,zaid,rainfed,Karnataka
potato,vegetable,85.0,75.0,108.0,16.1,89.6,6.23,132.9,loamy,rabi,rainfed,Bihar
cowpea,pulse,27.0,33.0,25.0,32.9,85.3,5.88,91.6,loamy,kharif,rainfed,Andhra Pradesh
jasmine,flower,65.0,35.0,47.0,26.9,79.4,7.5,146.1,loamy,kharif,rainfed,Tamil Nadu
tea,plantation,32.0,18.0,25.0,10.0,79.4,5.72,184.7,loamy,kharif,rainfed,Assam
brinjal,vegetable,71.0,61.0,54.0,21.2,71.5,5.61,97.4,loamy,rabi,rainfed,Odisha
pomegranate,horticulture,35.0,19.0,18.0,19.4,60.4,7.76,54.5,loamy,kharif,rainfed,Maharashtra
ginger,spice,76.0,64.0,55.0,26.2,88.8,7.23,134.7,loamy,kharif,rainfed,Odisha
castor,oilseed,38.0,33.0,42.0,34.6,48.8,7.38,62.6,loamy,kharif,rainfed,Tamil Nadu
marigold,flower,75.0,46.0,66.0,25.3,72.5,7.29,92.9,sandy,rabi,rainfed,Karnataka
banana,horticulture,85.0,48.0,105.0,22.1,82.7,7.34,194.6,red,kharif,rainfed,Karnataka
wheat,cereal,99.0,80.0,61.0,14.3,68.6,6.41,102.1,alluvial,rabi,rainfed,Uttar Pradesh
lentil,pulse,36.0,39.0,27.0,21.6,68.6,6.55,36.7,black,rabi,irrigated,Rajasthan
horsegram,pulse,19.0,25.0,17.0,20.8,37.4,5.9,79.7,loamy,kharif,irrigated,Tamil Nadu
rubber,plantation,33.0,25.0,33.0,37.7,89.4,6.43,327.2,loamy,kharif,irrigated,Tripura
jute,cash,74.0,28.0,60.0,30.5,85.6,6.43,225.3,loamy,kharif,irrigated,West Bengal
cowpea,pulse,18.0,34.0,27.0,26.6,55.4,7.28,91.3,red,zaid,rainfed,Rajasthan
barley,cereal,55.0,52.0,53.0,8.9,49.5,6.55,58.2,loamy,rabi,rainfed,Himachal Pradesh
tea,plantation,37.0,23.0,12.0,10.3,79.6,5.48,179.3,loamy,kharif,rainfed,West Bengal
mustard,oilseed,95.0,64.0,43.0,11.1,49.7,6.02,27.8,loamy,rabi,rainfed,Uttar Pradesh
apple,horticulture,29.0,31.0,39.0,15.6,85.1,6.74,119.7,alluvial,rabi,rainfed,Uttarakhand
mustard,oilseed,58.0,57.0,30.0,18.5,71.0,7.93,44.5,alluvial,rabi,irrigated,Haryana
cotton,cash,108.0,47.0,59.0,36.9,65.8,7.22,114.3,alluvial,kharif,irrigated,Haryana
lentil,pulse,14.0,30.0,42.0,14.8,61.2,6.75,42.7,loamy,rabi,rainfed,Uttar Pradesh
ragi,millet,95.0,37.0,50.0,14.5,84.0,5.96,91.7,laterite,kharif,irrigated,Tamil Nadu
arecanut,plantation,22.0,21.0,69.0,33.1,74.1,7.5,212.9,alluvial,kharif,rainfed,Kerala
cauliflower,vegetable,120.0,55.0,77.0,9.2,83.6,7.32,74.1,alluvial,rabi,irrigated,West Bengal
arecanut,plantation,22.0,19.0,76.0,36.8,91.0,6.27,199.7,laterite,kharif,irrigated,Tamil Nadu
tea,plantation,29.0,23.0,16.0,21.7,87.0,4.85,375.0,loamy,kharif,rainfed,Tamil Nadu
okra,vegetable,36.0,47.0,39.0,36.9,78.3,7.46,81.2,sandy,zaid,rainfed,Bihar
cardamom,spice,21.0,23.0,52.0,19.4,78.2,6.26,420.5,laterite,kharif,irrigated,Arunachal Pradesh
cabbage,vegetable,90.0,41.0,82.0,16.1,91.8,6.98,155.9,alluvial,rabi,rainfed,Bihar
greengram,pulse,37.0,36.0,37.0,26.0,60.9,7.48,74.4,loamy,kharif,rainfed,Karnataka
ginger,spice,66.0,40.0,81.0,29.5,89.2,6.85,207.0,alluvial,kharif,rainfed,Kerala
mango,horticulture,31.0,33.0,43.0,24.7,67.9,6.08,123.0,loamy,kharif,rainfed,Tamil Nadu
pomegranate,horticulture,31.0,21.0,30.0,33.7,63.7,8.32,49.1,loamy,kharif,rainfed,Andhra Pradesh
sunflower,oilseed,98.0,83.0,63.0,20.8,80.2,7.93,48.3,alluvial,rabi,rainfed,Maharashtra
potato,vegetable,77.0,61.0,103.0,17.7,84.4,5.71,160.7,alluvial,rabi,rainfed,Punjab
pineapple,horticulture,52.0,34.0,59.0,26.9,83.2,5.91,169.7,laterite,kharif,rainfed,Manipur
sunflower,oilseed,77.0,68.0,47.0,21.9,65.1,6.63,49.7,loamy,rabi,irrigated,Orissa
mothbeans,pulse,14.0,42.0,30.0,31.7,36.6,8.11,53.9,sandy,kharif,irrigated,Gujarat
sugarcane,cash,144.0,52.0,98.0,35.8,95.0,7.59,178.5,alluvial,kharif,irrigated,Uttar Pradesh
tea,plantation,37.0,16.0,26.0,18.8,101.8,4.99,225.6,laterite,kharif,irrigated,Kerala
barley,cereal,102.0,39.0,40.0,17.9,69.1,6.62,68.2,alluvial,rabi,irrigated,Himachal Pradesh
sesame,oilseed,34.0,41.0,40.0,27.4,70.6,5.79,39.5,sandy,kharif,rainfed,Gujarat
barley,cereal,92.0,49.0,53.0,15.4,51.3,7.54,45.4,alluvial,rabi,irrigated,Haryana
rubber,plantation,36.0,21.0,15.0,24.1,76.4,6.13,196.1,loamy,kharif,irrigated,Karnataka
castor,oilseed,48.0,31.0,45.0,33.9,73.8,7.57,94.8,sandy,kharif,rainfed,Tamil Nadu
cotton,cash,60.0,37.0,58.0,34.6,52.2,6.98,117.5,black,kharif,rainfed,Andhra Pradesh
cauliflower,vegetable,94.0,75.0,61.0,15.4,89.4,7.21,128.3,loamy,rabi,irrigated,West Bengal
tapioca,horticulture,57.0,53.0,135.0,33.2,82.1,5.57,149.8,loamy,kharif,rainfed,Karnataka
tomato,vegetable,78.0,49.0,62.0,25.0,58.7,7.02,73.7,red,kharif,rainfed,Madhya Pradesh
jute,cash,62.0,52.0,53.0,26.6,86.8,6.41,210.2,alluvial,kharif,irrigated,West Bengal
cowpea,pulse,23.0,41.0,37.0,27.6,86.4,5.88,86.2,sandy,zaid,rainfed,Andhra Pradesh
watermelon,horticulture,38.0,38.0,70.0,24.3,66.3,6.64,53.4,sandy,kharif,irrigated,Rajasthan
orange,horticulture,39.0,20.0,31.0,24.0,67.4,6.86,148.3,laterite,rabi,irrigated,Assam
mothbeans,pulse,20.0,24.0,21.0,38.9,37.3,7.9,52.3,loamy,kharif,irrigated,Haryana
jute,cash,90.0,30.0,39.0,37.8,72.2,7.34,269.2,loamy,kharif,irrigated,Odisha
brinjal,vegetable,65.0,43.0,42.0,20.3,54.9,6.47,85.4,loamy,kharif,rainfed,Andhra Pradesh
brinjal,vegetable,41.0,30.0,37.0,36.3,72.7,6.29,90.7,loamy,kharif,rainfed,Bihar
guava,horticulture,33.0,42.0,49.0,27.5,51.2,5.8,88.7,sandy,kharif,irrigated,Karnataka
lentil,pulse,27.0,55.0,27.0,22.8,69.0,7.46,53.0,loamy,rabi,rainfed,Bihar
coffee,plantation,81.0,25.0,48.0,16.6,66.1,6.92,213.2,red,kharif,rainfed,Andhra Pradesh
chickpea,pulse,23.0,69.0,50.0,14.2,43.4,7.82,55.9,loamy,rabi,rainfed,Rajasthan
mothbeans,pulse,20.0,34.0,30.0,40.7,46.2,8.41,53.4,sandy,kharif,rainfed,Gujarat
brinjal,vegetable,66.0,46.0,72.0,26.2,53.8,6.21,59.1,sandy,kharif,rainfed,Odisha
orange,horticulture,38.0,17.0,24.0,19.6,76.6,5.85,106.1,alluvial,rabi,irrigated,Assam
banana,horticulture,78.0,56.0,104.0,22.4,64.7,6.07,193.6,alluvial,kharif,irrigated,Karnataka
kidneybeans,pulse,41.0,84.0,54.0,23.2,56.5,6.49,75.7,alluvial,kharif,rainfed,Himachal Pradesh
sapota,horticulture,34.0,18.0,39.0,20.6,59.9,7.43,125.0,alluvial,kharif,rainfed,Andhra Pradesh
mothbeans,pulse,25.0,32.0,30.0,40.2,28.8,8.24,24.9,loamy,kharif,irrigated,Maharashtra
tomato,vegetable,55.0,38.0,64.0,20.9,59.5,6.06,124.7,red,rabi,rainfed,Maharashtra
cabbage,vegetable,109.0,45.0,63.0,21.0,78.4,7.32,152.8,alluvial,rabi,rainfed,Odisha
pomegranate,horticulture,29.0,20.0,17.0,25.3,63.4,7.51,46.0,alluvial,kharif,rainfed,Andhra Pradesh
pineapple,horticulture,57.0,37.0,31.0,35.5,82.8,5.12,261.1,laterite,kharif,rainfed,Assam
wheat,cereal,155.0,62.0,64.0,18.0,60.7,7.39,78.2,loamy,rabi,rainfed,Madhya Pradesh
okra,vegetable,62.0,45.0,45.0,29.5,55.6,7.11,110.8,sandy,zaid,irrigated,Andhra Pradesh
muskmelon,horticulture,41.0,28.0,70.0,37.7,67.1,6.96,60.8,loamy,zaid,irrigated,Punjab
greengram,pulse,35.0,31.0,23.0,30.9,76.9,6.48,77.9,red,zaid,irrigated,Rajasthan
sunflower,oilseed,62.0,51.0,57.0,19.2,51.8,6.52,86.6,black,kharif,irrigated,Karnataka
guava,horticulture,51.0,41.0,37.0,22.1,56.5,7.35,91.5,alluvial,kharif,rainfed,Maharashtra
coffee,plantation,65.0,27.0,30.0,19.1,79.2,6.9,94.9,red,kharif,irrigated,Karnataka
ginger,spice,78.0,62.0,67.0,19.6,74.8,7.28,200.3,laterite,kharif,rainfed,Arunachal Pradesh
bajra,millet,37.0,24.0,26.0,24.3,37.0,8.37,74.8,sandy,kharif,rainfed,Uttar Pradesh
jasmine,flower,41.0,36.0,31.0,18.6,73.1,6.29,104.2,loamy,kharif,rainfed,Maharashtra
rubber,plantation,43.0,14.0,35.0,25.4,90.8,4.56,257.0,laterite,kharif,irrigated,Kerala
cotton,cash,83.0,38.0,63.0,35.2,55.8,6.78,69.2,loamy,kharif,irrigated,Haryana
rubber,plantation,31.0,11.0,35.0,28.3,95.2,4.71,190.2,loamy,kharif,irrigated,Kerala
blackgram,pulse,34.0,48.0,35.0,30.7,75.6,6.7,70.7,red,rabi,irrigated,Tamil Nadu
coriander,spice,36.0,36.0,24.0,16.5,60.3,7.33,40.9,loamy,rabi,rainfed,Rajasthan
pomegranate,horticulture,36.0,34.0,21.0,17.7,56.3,6.78,54.7,loamy,kharif,rainfed,Gujarat
tapioca,horticulture,81.0,28.0,99.0,29.2,85.2,5.51,126.5,red,kharif,rainfed,Maharashtra
turmeric,spice,59.0,65.0,57.0,20.0,88.7,6.74,197.9,red,kharif,irrigated,Tamil Nadu
potato,vegetable,128.0,60.0,114.0,21.9,84.1,5.59,117.0,loamy,rabi,irrigated,Punjab
chilli,spice,84.0,62.0,67.0,25.7,56.0,5.78,83.6,black,rabi,irrigated,Maharashtra
cardamom,spice,32.0,17.0,54.0,26.1,82.4,6.37,200.1,loamy,kharif,rainfed,Tamil Nadu
rubber,plantation,35.0,26.0,42.0,33.0,101.5,5.78,218.5,loamy,kharif,rainfed,Assam
banana,horticulture,122.0,74.0,97.0,24.3,84.9,7.36,151.6,alluvial,kharif,rainfed,Maharashtra
jute,cash,76.0,41.0,39.0,29.3,96.9,6.42,171.6,alluvial,kharif,rainfed,Odisha
pepper,spice,48.0,42.0,79.0,26.4,81.6,6.81,202.2,laterite,kharif,rainfed,Tamil Nadu
mothbeans,pulse,10.0,19.0,23.0,36.3,27.5,7.82,37.6,loamy,kharif,irrigated,Maharashtra
muskmelon,horticulture,42.0,43.0,69.0,41.0,76.6,6.36,74.4,sandy,zaid,irrigated,Haryana
orange,horticulture,24.0,18.0,25.0,23.0,58.8,7.46,139.3,loamy,rabi,rainfed,Punjab
guava,horticulture,28.0,34.0,48.0,22.7,63.9,7.2,99.1,laterite,kharif,rainfed,Bihar
potato,vegetable,106.0,52.0,111.0,16.6,84.8,5.57,147.0,alluvial,rabi,rainfed,West Bengal
greengram,pulse,17.0,46.0,22.0,33.4,82.1,6.18,66.4,red,zaid,irrigated,Andhra Pradesh
grapes,horticulture,43.0,34.0,39.0,29.5,61.4,6.95,97.6,black,rabi,irrigated,Mizoram
brinjal,vegetable,54.0,61.0,67.0,29.8,62.9,6.14,87.0,loamy,kharif,irrigated,West Bengal
chickpea,pulse,29.0,73.0,43.0,19.6,65.3,6.06,43.7,black,rabi,rainfed,Maharashtra
ragi,millet,90.0,26.0,35.0,18.5,78.4,6.62,70.9,loamy,kharif,irrigated,Odisha
pineapple,horticulture,57.0,29.0,62.0,28.7,79.2,6.16,139.3,loamy,kharif,irrigated,Manipur
groundnut,cash,15.0,57.0,73.0,30.2,63.5,6.06,56.2,loamy,rabi,irrigated,Karnataka
horsegram,pulse,26.0,25.0,30.0,21.3,36.8,6.82,52.8,laterite,rabi,rainfed,Andhra Pradesh
tomato,vegetable,84.0,73.0,76.0,29.7,63.3,7.19,118.1,loamy,kharif,irrigated,Andhra Pradesh
coriander,spice,31.0,36.0,49.0,19.9,66.6,6.54,48.2,sandy,rabi,irrigated,Andhra Pradesh
blackgram,pulse,38.0,34.0,32.0,27.6,90.5,6.54,98.1,loamy,kharif,rainfed,Andhra Pradesh
wheat,cereal,145.0,51.0,49.0,14.2,66.1,6.73,87.4,black,rabi,irrigated,Madhya Pradesh
ragi,millet,88.0,45.0,39.0,22.5,55.5,6.88,125.7,red,kharif,irrigated,Karnataka
apple,horticulture,40.0,36.0,22.0,6.0,71.9,6.67,180.1,loamy,rabi,rainfed,Uttarakhand
tobacco,cash,42.0,37.0,45.0,22.5,68.3,6.76,90.1,loamy,rabi,irrigated,Gujarat
rose,flower,43.0,68.0,48.0,26.3,81.3,5.86,77.9,alluvial,rabi,rainfed,Himachal Pradesh
ginger,spice,82.0,29.0,71.0,22.0,66.8,6.26,95.2,loamy,kharif,irrigated,Kerala
pomegranate,horticulture,33.0,30.0,26.0,26.5,44.0,6.56,41.5,loamy,kharif,irrigated,Gujarat
arecanut,plantation,29.0,15.0,101.0,21.1,71.4,7.34,206.5,laterite,kharif,rainfed,Karnataka
banana,horticulture,83.0,63.0,101.0,39.5,71.3,7.2,166.8,red,kharif,rainfed,Karnataka
chickpea,pulse,29.0,68.0,56.0,16.8,61.3,6.69,47.0,black,rabi,rainfed,Karnataka
guava,horticulture,30.0,25.0,59.0,40.4,61.1,5.05,135.5,loamy,kharif,irrigated,Karnataka
coriander,spice,36.0,53.0,23.0,18.3,68.6,7.39,58.2,loamy,rabi,rainfed,Rajasthan
onion,vegetable,59.0,48.0,37.0,20.4,55.8,6.77,56.5,alluvial,kharif,rainfed,Maharashtra
cardamom,spice,23.0,31.0,34.0,17.8,95.7,5.31,253.3,red,kharif,rainfed,Sikkim
papaya,horticulture,71.0,50.0,80.0,37.5,57.8,7.17,131.4,sandy,kharif,rainfed,Andhra Pradesh
coffee,plantation,77.0,24.0,28.0,23.3,81.3,6.42,178.8,laterite,kharif,irrigated,Karnataka
kidneybeans,pulse,29.0,51.0,36.0,23.6,85.6,6.48,86.0,loamy,kharif,irrigated,Himachal Pradesh
chilli,spice,54.0,66.0,46.0,23.2,73.9,5.51,122.0,alluvial,kharif,rainfed,Telangana
potato,vegetable,99.0,79.0,114.0,23.1,71.9,6.25,143.1,alluvial,rabi,rainfed,Uttar Pradesh
muskmelon,horticulture,31.0,25.0,56.0,26.3,59.7,7.36,61.2,sandy,zaid,rainfed,Haryana
pepper,spice,33.0,22.0,108.0,23.7,93.8,6.98,276.0,laterite,kharif,irrigated,Kerala
jute,cash,93.0,37.0,37.0,31.0,91.6,6.1,241.5,alluvial,kharif,rainfed,Bihar
papaya,horticulture,77.0,31.0,55.0,25.3,61.7,6.66,127.7,loamy,kharif,rainfed,Tamil Nadu
cauliflower,vegetable,124.0,70.0,66.0,22.3,61.8,7.36,116.6,loamy,rabi,rainfed,Maharashtra
arecanut,plantation,27.0,21.0,67.0,35.3,89.8,6.07,187.0,loamy,kharif,rainfed,West Bengal
sesame,oilseed,23.0,29.0,36.0,39.3,62.6,6.66,64.9,sandy,kharif,irrigated,Tamil Nadu
horsegram,pulse,22.0,32.0,23.0,27.1,44.5,5.67,72.3,laterite,kharif,irrigated,Tamil Nadu
okra,vegetable,61.0,36.0,30.0,30.5,56.4,6.4,112.2,loamy,zaid,irrigated,Andhra Pradesh
lentil,pulse,35.0,49.0,34.0,25.1,44.8,6.69,44.2,alluvial,rabi,irrigated,Madhya Pradesh
bajra,millet,33.0,34.0,45.0,38.7,30.0,7.23,41.8,sandy,kharif,rainfed,Rajasthan
grapes,horticulture,38.0,31.0,46.0,23.8,70.1,7.42,55.2,red,rabi,rainfed,Maharashtra
apple,horticulture,41.0,35.0,39.0,6.2,85.0,5.75,137.5,loamy,rabi,rainfed,Himachal Pradesh
sugarcane,cash,119.0,77.0,79.0,28.3,91.0,6.42,115.6,loamy,kharif,irrigated,Uttar Pradesh
pigeonpeas,pulse,43.0,48.0,34.0,24.4,65.7,6.96,79.9,red,kharif,irrigated,Madhya Pradesh
grapes,horticulture,24.0,35.0,39.0,24.5,80.6,6.84,83.4,black,rabi,rainfed,Mizoram
tobacco,cash,30.0,42.0,45.0,18.8,68.7,5.5,78.7,loamy,rabi,rainfed,Gujarat
guava,horticulture,41.0,31.0,55.0,34.2,56.4,5.86,115.5,alluvial,kharif,rainfed,Karnataka
cauliflower,vegetable,129.0,61.0,74.0,21.7,80.1,6.13,75.8,alluvial,rabi,irrigated,Uttar Pradesh
tomato,vegetable,82.0,43.0,81.0,17.6,78.4,6.9,107.3,red,kharif,rainfed,Karnataka
marigold,flower,41.0,70.0,47.0,19.5,61.0,6.41,118.9,alluvial,rabi,rainfed,Maharashtra
soybean,oilseed,49.0,90.0,45.0,24.1,71.9,6.64,93.3,alluvial,kharif,irrigated,Rajasthan
cashew,plantation,23.0,15.0,27.0,20.8,66.7,6.09,142.1,loamy,kharif,rainfed,Andhra Pradesh
marigold,flower,63.0,56.0,61.0,26.7,62.1,6.68,122.5,loamy,rabi,rainfed,Maharashtra
tobacco,cash,31.0,45.0,29.0,19.2,80.8,6.18,67.7,alluvial,rabi,rainfed,Telangana
papaya,horticulture,58.0,41.0,79.0,24.9,62.3,7.24,103.3,sandy,kharif,irrigated,Tamil Nadu
coconut,plantation,33.0,20.0,62.0,38.2,90.8,7.39,116.1,sandy,kharif,rainfed,Tamil Nadu
pomegranate,horticulture,29.0,20.0,35.0,38.1,58.4,7.98,63.8,sandy,kharif,rainfed,Rajasthan
cocoa,plantation,19.0,38.0,53.0,23.9,72.7,6.92,212.0,laterite,kharif,rainfed,Karnataka
apple,horticulture,32.0,22.0,20.0,5.7,85.2,6.29,169.1,loamy,rabi,rainfed,Jammu & Kashmir
banana,horticulture,91.0,55.0,85.0,32.3,87.0,7.35,126.6,alluvial,kharif,rainfed,Andhra Pradesh
apple,horticulture,39.0,36.0,31.0,11.6,82.7,5.5,99.3,loamy,rabi,rainfed,Uttarakhand
cocoa,plantation,43.0,24.0,34.0,32.0,83.0,7.47,189.2,loamy,kharif,rainfed,Andhra Pradesh
pepper,spice,33.0,43.0,101.0,28.7,90.2,6.68,311.2,laterite,kharif,rainfed,Karnataka
brinjal,vegetable,66.0,53.0,53.0,21.9,86.1,5.88,64.3,alluvial,rabi,rainfed,Bihar
muskmelon,horticulture,61.0,26.0,69.0,25.1,74.9,7.11,73.0,loamy,zaid,irrigated,Uttar Pradesh
potato,vegetable,118.0,70.0,95.0,22.6,67.6,5.85,89.6,sandy,rabi,irrigated,Bihar
tobacco,cash,41.0,29.0,34.0,32.8,80.8,6.18,74.8,alluvial,rabi,rainfed,Telangana
tea,plantation,23.0,24.0,12.0,23.0,87.5,5.46,179.2,loamy,kharif,irrigated,West Bengal
pineapple,horticulture,39.0,29.0,50.0,24.3,71.4,4.7,214.0,sandy,kharif,irrigated,Karnataka
coconut,plantation,34.0,23.0,59.0,21.9,91.4,7.81,171.8,alluvial,kharif,rainfed,West Bengal
blackgram,pulse,39.0,49.0,32.0,33.2,90.3,7.27,92.8,loamy,kharif,rainfed,Tamil Nadu
groundnut,cash,13.0,50.0,69.0,26.0,57.2,6.26,101.3,sandy,rabi,irrigated,Tamil Nadu
pepper,spice,42.0,37.0,81.0,24.4,99.6,6.47,349.4,loamy,kharif,rainfed,Tamil Nadu
brinjal,vegetable,43.0,64.0,75.0,25.9,66.3,5.57,92.7,loamy,kharif,irrigated,Odisha
arecanut,plantation,38.0,26.0,83.0,20.8,77.1,6.83,227.4,laterite,kharif,rainfed,Tamil Nadu
cabbage,vegetable,101.0,69.0,78.0,15.5,67.0,6.74,142.6,loamy,rabi,irrigated,West Bengal
barley,cereal,91.0,63.0,40.0,13.3,62.6,6.53,46.2,sandy,rabi,rainfed,Haryana
grapes,horticulture,37.0,39.0,57.0,13.9,54.3,7.68,94.1,black,rabi,irrigated,Maharashtra
barley,cereal,104.0,58.0,47.0,15.4,43.2,7.21,45.2,alluvial,rabi,irrigated,Uttar Pradesh
kidneybeans,pulse,33.0,78.0,51.0,19.8,75.7,6.21,87.2,loamy,kharif,rainfed,Jammu & Kashmir
tobacco,cash,37.0,54.0,52.0,29.4,52.1,6.49,89.1,sandy,rabi,rainfed,Bihar
pigeonpeas,pulse,39.0,54.0,32.0,32.2,73.7,6.29,100.3,loamy,kharif,irrigated,Maharashtra
mustard,oilseed,67.0,46.0,28.0,10.4,52.2,7.54,32.4,sandy,rabi,irrigated,Rajasthan
mothbeans,pulse,11.0,28.0,25.0,34.5,46.5,7.4,48.9,loamy,kharif,rainfed,Rajasthan
grapes,horticulture,27.0,33.0,53.0,27.6,68.6,7.75,81.7,black,rabi,rainfed,Maharashtra
wheat,cereal,129.0,55.0,52.0,21.1,56.5,6.6,92.0,loamy,rabi,irrigated,Haryana
chickpea,pulse,30.0,40.0,53.0,23.7,49.5,7.49,79.2,loamy,rabi,rainfed,Madhya Pradesh
jasmine,flower,51.0,38.0,48.0,27.7,70.3,6.45,156.8,sandy,kharif,irrigated,Karnataka
cabbage,vegetable,109.0,42.0,48.0,19.0,60.5,6.09,92.7,alluvial,rabi,irrigated,Maharashtra
horsegram,pulse,30.0,30.0,27.0,33.1,39.1,6.34,83.0,loamy,rabi,rainfed,Chhattisgarh
wheat,cereal,104.0,67.0,40.0,18.3,72.8,6.52,91.1,loamy,rabi,irrigated,Haryana
jasmine,flower,36.0,49.0,49.0,22.6,72.8,6.42,77.8,loamy,kharif,rainfed,Tamil Nadu
cocoa,plantation,39.0,22.0,36.0,29.5,92.0,6.54,213.7,laterite,kharif,irrigated,Tamil Nadu
blackgram,pulse,19.0,48.0,23.0,36.6,67.7,6.75,60.2,alluvial,kharif,rainfed,Maharashtra
cashew,plantation,22.0,22.0,28.0,34.8,54.0,6.57,205.6,laterite,kharif,rainfed,Tamil Nadu
coffee,plantation,46.0,41.0,64.0,25.3,88.7,7.39,176.3,red,kharif,irrigated,Kerala
cardamom,spice,32.0,35.0,29.0,14.7,90.6,6.13,364.9,loamy,kharif,rainfed,Sikkim
pigeonpeas,pulse,33.0,47.0,45.0,24.6,61.4,6.76,99.0,alluvial,kharif,rainfed,Uttar Pradesh
horsegram,pulse,30.0,27.0,28.0,21.1,48.5,6.34,60.4,laterite,kharif,irrigated,Karnataka
rice,cereal,134.0,64.0,59.0,35.2,76.9,6.18,293.1,alluvial,kharif,rainfed,West Bengal
apple,horticulture,35.0,33.0,35.0,15.7,70.0,5.97,150.0,loamy,rabi,rainfed,Himachal Pradesh
pineapple,horticulture,39.0,19.0,51.0,36.2,74.0,5.0,165.4,laterite,kharif,rainfed,Manipur
watermelon,horticulture,54.0,36.0,64.0,26.4,80.0,6.37,60.7,red,kharif,irrigated,Andhra Pradesh
guava,horticulture,42.0,21.0,45.0,35.7,62.9,6.16,131.1,sandy,kharif,rainfed,Bihar
chilli,spice,59.0,58.0,68.0,26.6,79.0,5.5,127.1,black,rabi,irrigated,Andhra Pradesh
sesame,oilseed,22.0,33.0,43.0,26.9,71.4,6.07,47.7,sandy,kharif,irrigated,Rajasthan
mothbeans,pulse,23.0,26.0,27.0,34.5,46.8,7.32,38.3,loamy,kharif,irrigated,Gujarat
tomato,vegetable,56.0,75.0,64.0,17.0,54.7,6.53,96.2,alluvial,rabi,irrigated,Maharashtra
blackgram,pulse,39.0,40.0,35.0,36.2,73.1,6.74,91.5,loamy,rabi,rainfed,Madhya Pradesh
turmeric,spice,68.0,63.0,95.0,19.5,67.6,5.99,118.5,loamy,kharif,irrigated,Odisha
cauliflower,vegetable,98.0,63.0,54.0,18.1,88.6,7.45,134.9,loamy,rabi,irrigated,Uttar Pradesh
cardamom,spice,29.0,37.0,33.0,24.5,78.2,5.23,218.8,laterite,kharif,irrigated,Karnataka
horsegram,pulse,13.0,40.0,32.0,33.2,44.9,7.16,39.6,laterite,rabi,irrigated,Tamil Nadu
mustard,oilseed,85.0,52.0,50.0,12.2,49.6,6.11,64.0,alluvial,rabi,irrigated,Madhya Pradesh
muskmelon,horticulture,58.0,42.0,54.0,26.4,73.3,6.71,59.8,loamy,zaid,irrigated,Uttar Pradesh
mothbeans,pulse,10.0,32.0,26.0,24.7,23.1,8.97,18.8,sandy,kharif,rainfed,Rajasthan
pigeonpeas,pulse,39.0,49.0,39.0,32.0,71.7,6.09,63.3,alluvial,kharif,irrigated,Maharashtra
watermelon,horticulture,70.0,37.0,69.0,37.8,66.3,7.33,60.8,loamy,kharif,irrigated,Karnataka
rubber,plantation,22.0,21.0,31.0,34.3,78.3,5.11,342.5,alluvial,kharif,rainfed,Tripura
chilli,spice,77.0,75.0,81.0,23.9,80.2,6.41,110.8,loamy,kharif,rainfed,Telangana
tapioca,horticulture,71.0,49.0,122.0,21.9,64.1,5.91,211.7,loamy,kharif,rainfed,Karnataka
cardamom,spice,36.0,18.0,28.0,13.9,80.9,6.78,322.3,loamy,kharif,irrigated,Karnataka
cardamom,spice,19.0,24.0,64.0,18.5,72.3,5.23,313.6,loamy,kharif,irrigated,Kerala
pomegranate,horticulture,34.0,15.0,22.0,40.1,43.2,6.98,51.2,loamy,kharif,rainfed,Rajasthan
barley,cereal,58.0,48.0,54.0,11.0,64.8,6.77,40.2,alluvial,rabi,irrigated,Rajasthan
papaya,horticulture,52.0,51.0,67.0,39.1,74.8,6.18,105.5,alluvial,kharif,rainfed,Karnataka
castor,oilseed,64.0,30.0,36.0,28.3,59.3,8.38,77.3,alluvial,kharif,rainfed,Rajasthan
barley,cereal,68.0,53.0,31.0,18.6,59.6,7.06,44.6,sandy,rabi,irrigated,Himachal Pradesh
grapes,horticulture,28.0,37.0,31.0,20.5,65.4,7.32,103.2,red,rabi,irrigated,Mizoram
coffee,plantation,65.0,22.0,40.0,25.2,68.7,6.67,117.3,loamy,kharif,rainfed,Odisha
pineapple,horticulture,38.0,29.0,35.0,32.6,92.5,4.64,115.4,sandy,kharif,irrigated,Manipur
chickpea,pulse,36.0,55.0,58.0,20.3,60.3,6.75,85.5,alluvial,rabi,rainfed,Maharashtra
pepper,spice,31.0,41.0,70.0,21.3,94.6,6.5,246.4,laterite,kharif,rainfed,Andhra Pradesh
cotton,cash,72.0,36.0,71.0,35.1,76.5,7.91,123.5,loamy,kharif,rainfed,Maharashtra
guava,horticulture,45.0,26.0,42.0,29.5,76.2,6.76,98.6,laterite,kharif,rainfed,Allahabad
wheat,cereal,113.0,53.0,63.0,13.2,74.0,6.78,63.6,loamy,rabi,rainfed,Punjab
orange,horticulture,34.0,25.0,30.0,19.3,67.3,5.93,108.5,laterite,rabi,rainfed,Rajasthan
sesame,oilseed,29.0,27.0,19.0,34.2,63.7,5.74,73.0,sandy,kharif,irrigated,Rajasthan
pomegranate,horticulture,30.0,24.0,19.0,20.8,44.1,8.1,65.0,alluvial,kharif,rainfed,Gujarat
rose,flower,61.0,40.0,58.0,17.4,84.4,6.99,90.5,loamy,rabi,irrigated,Himachal Pradesh
chilli,spice,47.0,47.0,61.0,20.2,66.8,7.25,61.9,black,kharif,rainfed,Andhra Pradesh
muskmelon,horticulture,59.0,29.0,48.0,23.4,69.9,6.67,45.0,loamy,zaid,rainfed,Punjab
castor,oilseed,36.0,33.0,32.0,36.2,58.9,7.85,107.4,alluvial,kharif,rainfed,Tamil Nadu
blackgram,pulse,36.0,39.0,28.0,23.2,70.8,6.46,78.7,red,kharif,irrigated,Madhya Pradesh
sunflower,oilseed,99.0,77.0,77.0,17.1,59.9,6.42,77.2,loamy,rabi,rainfed,Bihar
soybean,oilseed,50.0,74.0,45.0,29.7,56.8,6.81,97.9,alluvial,kharif,rainfed,Madhya Pradesh
wheat,cereal,158.0,59.0,47.0,23.3,70.1,7.01,97.4,loamy,rabi,rainfed,Haryana
onion,vegetable,59.0,43.0,65.0,20.3,60.6,7.09,65.9,loamy,rabi,irrigated,Maharashtra
brinjal,vegetable,49.0,42.0,54.0,30.8,53.3,6.0,99.6,loamy,rabi,rainfed,Gujarat
rose,flower,44.0,47.0,58.0,28.1,55.9,6.66,109.8,loamy,rabi,rainfed,Maharashtra
orange,horticulture,31.0,31.0,35.0,20.6,80.9,5.87,126.3,alluvial,rabi,rainfed,Punjab
pigeonpeas,pulse,41.0,47.0,52.0,22.8,47.1,6.55,76.8,alluvial,kharif,rainfed,Karnataka
coconut,plantation,38.0,31.0,84.0,24.7,95.3,7.57,215.2,loamy,kharif,irrigated,Andhra Pradesh
maize,cereal,107.0,40.0,65.0,24.2,67.0,5.84,89.5,red,kharif,rainfed,Karnataka
mothbeans,pulse,18.0,31.0,28.0,33.8,30.2,7.88,47.7,loamy,kharif,rainfed,Rajasthan
greengram,pulse,14.0,39.0,35.0,32.6,81.8,6.48,99.8,red,zaid,rainfed,Madhya Pradesh
jasmine,flower,59.0,62.0,52.0,31.2,55.7,7.34,77.3,alluvial,kharif,rainfed,Andhra Pradesh
blackgram,pulse,26.0,39.0,25.0,30.6,81.3,6.82,101.7,alluvial,rabi,rainfed,Uttar Pradesh
tea,plantation,40.0,16.0,16.0,17.4,75.0,5.12,366.1,loamy,kharif,rainfed,Assam
jowar,millet,57.0,34.0,46.0,28.9,42.3,7.76,86.0,loamy,rabi,irrigated,Maharashtra
onion,vegetable,48.0,38.0,62.0,17.9,73.0,6.27,63.5,black,kharif,rainfed,Rajasthan
jasmine,flower,43.0,45.0,61.0,22.1,56.9,6.22,154.5,alluvial,kharif,rainfed,Andhra Pradesh
kidneybeans,pulse,19.0,57.0,37.0,20.7,69.1,6.45,75.6,alluvial,kharif,rainfed,Jammu & Kashmir
sapota,horticulture,24.0,26.0,32.0,26.9,67.4,6.03,191.0,laterite,kharif,rainfed,Karnataka
rose,flower,74.0,69.0,68.0,21.1,82.1,5.83,157.0,loamy,rabi,irrigated,West Bengal
kidneybeans,pulse,32.0,60.0,34.0,30.0,66.7,6.44,91.3,alluvial,kharif,rainfed,Uttarakhand
guava,horticulture,40.0,24.0,41.0,27.1,61.1,5.2,155.1,sandy,kharif,rainfed,Andhra Pradesh
mango,horticulture,38.0,34.0,43.0,24.0,63.0,6.28,161.0,loamy,kharif,rainfed,Bihar
cowpea,pulse,29.0,33.0,19.0,23.2,81.1,7.22,66.1,red,kharif,rainfed,Rajasthan
rice,cereal,95.0,46.0,48.0,32.4,93.3,6.36,183.2,alluvial,kharif,rainfed,West Bengal
pineapple,horticulture,52.0,26.0,43.0,20.9,75.6,4.65,150.4,loamy,kharif,rainfed,West Bengal
cocoa,plantation,27.0,34.0,44.0,22.8,70.7,6.57,146.2,loamy,kharif,rainfed,Tamil Nadu
horsegram,pulse,21.0,21.0,23.0,20.9,40.9,6.47,44.5,laterite,rabi,irrigated,Karnataka
apple,horticulture,20.0,20.0,19.0,18.9,59.9,5.52,128.2,loamy,rabi,rainfed,Himachal Pradesh
jasmine,flower,44.0,64.0,61.0,27.2,77.3,6.48,126.4,loamy,kharif,irrigated,Karnataka
lentil,pulse,37.0,47.0,34.0,14.9,57.3,7.89,40.6,black,rabi,rainfed,Bihar
maize,cereal,69.0,41.0,57.0,27.0,73.1,6.17,84.3,alluvial,rabi,irrigated,Karnataka
brinjal,vegetable,57.0,53.0,67.0,32.8,75.2,7.32,83.3,alluvial,kharif,irrigated,Gujarat
guava,horticulture,41.0,22.0,54.0,32.1,56.6,7.48,119.7,loamy,kharif,rainfed,Andhra Pradesh
blackgram,pulse,23.0,52.0,36.0,27.2,90.9,7.26,91.8,loamy,rabi,rainfed,Madhya Pradesh
onion,vegetable,55.0,58.0,67.0,30.2,53.6,7.05,85.2,black,kharif,rainfed,Gujarat
sesame,oilseed,18.0,34.0,32.0,30.1,52.0,7.16,58.4,loamy,kharif,rainfed,Rajasthan
kidneybeans,pulse,21.0,60.0,56.0,16.4,70.0,6.51,124.2,alluvial,kharif,irrigated,Uttarakhand
potato,vegetable,93.0,68.0,102.0,17.8,60.3,5.92,106.6,alluvial,rabi,rainfed,Punjab
arecanut,plantation,39.0,19.0,90.0,28.8,71.8,7.07,230.2,alluvial,kharif,rainfed,West Bengal
lentil,pulse,26.0,39.0,41.0,25.1,64.5,6.88,57.6,loamy,rabi,rainfed,Rajasthan
rose,flower,44.0,55.0,64.0,22.5,81.0,6.86,138.8,alluvial,rabi,rainfed,West Bengal
muskmelon,horticulture,49.0,53.0,33.0,29.2,77.9,6.36,68.0,loamy,zaid,irrigated,Karnataka
marigold,flower,39.0,69.0,45.0,30.9,68.0,7.0,69.8,sandy,rabi,rainfed,Karnataka
jasmine,flower,38.0,39.0,61.0,37.2,57.8,7.09,134.1,sandy,kharif,rainfed,Karnataka
cowpea,pulse,22.0,52.0,39.0,37.4,69.7,7.3,79.1,loamy,zaid,rainfed,Maharashtra
jute,cash,63.0,36.0,42.0,33.9,96.3,7.0,216.6,loamy,kharif,irrigated,Bihar
coriander,spice,46.0,30.0,37.0,22.2,62.2,6.82,53.1,alluvial,rabi,irrigated,Rajasthan
sugarcane,cash,147.0,85.0,126.0,21.8,82.4,7.88,203.0,alluvial,kharif,rainfed,Andhra Pradesh
marigold,flower,58.0,71.0,58.0,21.2,54.4,7.05,111.3,alluvial,rabi,irrigated,Maharashtra
maize,cereal,106.0,51.0,68.0,33.4,77.7,5.78,67.1,alluvial,rabi,rainfed,Bihar
pepper,spice,43.0,28.0,107.0,25.4,86.6,6.49,244.1,loamy,kharif,rainfed,Kerala
lentil,pulse,35.0,58.0,20.0,21.4,66.0,7.86,51.6,alluvial,rabi,irrigated,Bihar
turmeric,spice,79.0,48.0,70.0,20.1,83.0,6.17,175.5,loamy,kharif,rainfed,Karnataka
tomato,vegetable,66.0,44.0,65.0,19.3,69.1,7.42,71.2,red,kharif,irrigated,Madhya Pradesh
grapes,horticulture,30.0,25.0,63.0,20.3,54.5,6.82,89.5,red,rabi,rainfed,Karnataka
turmeric,spice,81.0,55.0,79.0,22.6,81.8,5.79,126.0,red,kharif,irrigated,Andhra Pradesh
cashew,plantation,25.0,10.0,18.0,25.1,51.2,5.29,146.3,sandy,kharif,rainfed,Kerala
orange,horticulture,23.0,27.0,18.0,21.9,75.5,6.31,123.0,alluvial,rabi,rainfed,Assam
mango,horticulture,28.0,42.0,49.0,34.9,59.3,6.74,201.1,laterite,kharif,rainfed,Uttar Pradesh
wheat,cereal,103.0,63.0,40.0,17.9,58.1,7.43,48.0,black,rabi,rainfed,Rajasthan
guava,horticulture,44.0,42.0,44.0,31.9,69.7,6.42,78.6,loamy,kharif,rainfed,Allahabad
pineapple,horticulture,43.0,30.0,48.0,25.7,82.0,4.56,143.5,loamy,kharif,irrigated,Karnataka
jowar,millet,62.0,33.0,42.0,37.5,64.3,7.87,46.2,black,rabi,irrigated,Andhra Pradesh
coriander,spice,38.0,45.0,25.0,23.3,49.7,6.06,31.7,loamy,rabi,rainfed,Rajasthan
ginger,spice,60.0,31.0,84.0,28.5,69.8,6.08,178.6,alluvial,kharif,irrigated,Meghalaya
groundnut,cash,13.0,48.0,69.0,29.4,59.3,6.08,88.8,red,kharif,rainfed,Andhra Pradesh
tobacco,cash,44.0,59.0,53.0,28.2,56.3,5.95,77.2,loamy,rabi,rainfed,Andhra Pradesh
cocoa,plantation,22.0,35.0,40.0,24.5,69.7,6.3,252.7,loamy,kharif,irrigated,Karnataka
jasmine,flower,53.0,44.0,29.0,37.3,55.6,7.23,139.2,loamy,kharif,irrigated,Karnataka
coriander,spice,49.0,29.0,38.0,28.1,59.0,6.05,44.0,loamy,rabi,rainfed,Madhya Pradesh
sesame,oilseed,30.0,25.0,40.0,33.2,53.6,6.92,55.7,red,kharif,irrigated,West Bengal
pineapple,horticulture,57.0,27.0,56.0,25.7,96.6,4.88,119.2,laterite,kharif,irrigated,Assam
rubber,plantation,37.0,9.0,36.0,31.3,77.3,5.19,252.1,laterite,kharif,rainfed,Tamil Nadu
mothbeans,pulse,14.0,22.0,32.0,23.5,30.0,8.39,26.2,loamy,kharif,rainfed,Haryana
coconut,plantation,40.0,23.0,53.0,35.2,91.5,6.23,101.1,laterite,kharif,irrigated,West Bengal
sesame,oilseed,20.0,43.0,23.0,34.9,58.8,6.22,56.6,loamy,kharif,rainfed,Rajasthan
pineapple,horticulture,46.0,35.0,34.0,32.1,88.8,4.98,257.3,laterite,kharif,irrigated,Manipur
soybean,oilseed,46.0,91.0,60.0,19.5,73.9,7.06,87.0,alluvial,kharif,rainfed,Karnataka
cardamom,spice,42.0,38.0,50.0,13.9,79.3,6.06,333.9,laterite,kharif,rainfed,Sikkim
apple,horticulture,42.0,25.0,19.0,8.2,90.7,6.09,174.5,loamy,rabi,rainfed,Jammu & Kashmir
rubber,plantation,43.0,14.0,24.0,35.0,81.8,5.25,268.8,loamy,kharif,rainfed,Karnataka
cauliflower,vegetable,77.0,64.0,59.0,18.0,73.1,7.06,127.5,loamy,rabi,irrigated,West Bengal
soybean,oilseed,48.0,97.0,65.0,20.5,59.2,6.67,89.9,black,kharif,irrigated,Maharashtra
cabbage,vegetable,109.0,72.0,85.0,22.6,89.3,7.0,110.7,alluvial,rabi,rainfed,West Bengal
rose,flower,59.0,42.0,44.0,15.7,75.4,6.7,97.8,loamy,rabi,rainfed,Tamil Nadu
blackgram,pulse,42.0,52.0,34.0,32.3,88.8,7.46,65.7,alluvial,rabi,irrigated,Maharashtra
jowar,millet,57.0,36.0,35.0,24.2,41.5,7.0,101.0,black,rabi,irrigated,Karnataka
onion,vegetable,49.0,29.0,65.0,26.1,73.3,7.11,96.9,loamy,rabi,irrigated,Gujarat
pepper,spice,44.0,22.0,92.0,29.3,70.7,6.91,340.9,red,kharif,rainfed,Andhra Pradesh
sunflower,oilseed,68.0,63.0,69.0,27.5,60.6,7.07,52.3,alluvial,rabi,irrigated,Maharashtra
jasmine,flower,53.0,31.0,44.0,26.1,68.3,6.14,114.1,alluvial,kharif,rainfed,Maharashtra
rose,flower,67.0,40.0,46.0,22.6,68.9,6.68,132.2,loamy,rabi,irrigated,Karnataka
tapioca,horticulture,83.0,63.0,96.0,31.2,66.6,6.18,114.4,loamy,kharif,irrigated,Andhra Pradesh
mustard,oilseed,62.0,61.0,48.0,14.2,73.4,7.8,65.1,alluvial,rabi,rainfed,Madhya Pradesh
orange,horticulture,23.0,16.0,23.0,28.9,73.2,6.51,159.9,laterite,rabi,irrigated,Rajasthan
barley,cereal,83.0,59.0,31.0,19.8,65.1,7.91,70.4,loamy,rabi,rainfed,Madhya Pradesh
castor,oilseed,41.0,31.0,56.0,35.6,46.1,6.05,80.0,alluvial,kharif,rainfed,Rajasthan
sesame,oilseed,22.0,38.0,19.0,29.7,66.2,5.89,66.2,sandy,kharif,rainfed,Tamil Nadu
pomegranate,horticulture,27.0,27.0,36.0,35.5,47.9,6.51,48.2,alluvial,kharif,rainfed,Rajasthan
tomato,vegetable,79.0,73.0,54.0,30.1,59.2,7.01,82.1,red,kharif,rainfed,Andhra Pradesh
wheat,cereal,148.0,73.0,63.0,11.7,64.0,7.17,48.2,alluvial,rabi,irrigated,Madhya Pradesh
mustard,oilseed,104.0,38.0,44.0,17.2,59.3,6.26,63.8,sandy,rabi,rainfed,Madhya Pradesh
cotton,cash,89.0,42.0,75.0,29.5,73.6,6.29,75.1,loamy,kharif,rainfed,Gujarat
grapes,horticulture,33.0,34.0,50.0,30.8,71.2,7.28,59.5,red,rabi,irrigated,Mizoram
greengram,pulse,35.0,44.0,21.0,23.7,84.7,7.2,106.0,red,zaid,rainfed,Andhra Pradesh
sunflower,oilseed,103.0,80.0,80.0,29.5,59.7,7.08,85.6,black,kharif,rainfed,Orissa
guava,horticulture,32.0,26.0,39.0,27.7,68.1,5.28,154.2,laterite,kharif,irrigated,Allahabad
onion,vegetable,48.0,56.0,65.0,13.7,52.2,7.3,56.3,alluvial,kharif,rainfed,Madhya Pradesh
tea,plantation,42.0,26.0,14.0,25.2,78.8,5.24,149.2,loamy,kharif,irrigated,Tamil Nadu
mothbeans,pulse,26.0,21.0,31.0,37.5,45.6,8.7,27.4,sandy,kharif,irrigated,Gujarat
tomato,vegetable,59.0,61.0,63.0,21.5,72.6,7.12,56.8,red,kharif,rainfed,Odisha
blackgram,pulse,30.0,34.0,37.0,34.3,86.8,6.62,100.6,alluvial,kharif,irrigated,Maharashtra
okra,vegetable,61.0,58.0,34.0,23.1,70.0,7.04,64.2,loamy,zaid,irrigated,Andhra Pradesh
mustard,oilseed,64.0,58.0,42.0,12.5,71.9,6.54,36.8,loamy,rabi,rainfed,Rajasthan
maize,cereal,99.0,29.0,51.0,27.4,56.4,5.61,115.1,alluvial,rabi,rainfed,Karnataka
pomegranate,horticulture,41.0,15.0,17.0,39.8,53.7,7.3,46.5,sandy,kharif,irrigated,Gujarat
tapioca,horticulture,67.0,55.0,120.0,19.9,65.9,7.45,184.6,loamy,kharif,rainfed,Maharashtra
coffee,plantation,83.0,39.0,60.0,16.9,79.9,7.42,131.7,laterite,kharif,rainfed,Karnataka
chickpea,pulse,23.0,56.0,31.0,24.0,50.8,6.83,51.1,loamy,rabi,irrigated,Maharashtra
rubber,plantation,26.0,17.0,22.0,33.0,100.8,4.8,188.1,loamy,kharif,rainfed,Tamil Nadu
ginger,spice,74.0,54.0,96.0,25.6,90.4,5.58,182.2,laterite,kharif,rainfed,Arunachal Pradesh
tomato,vegetable,80.0,61.0,77.0,26.3,75.4,7.13,88.9,red,kharif,irrigated,Madhya Pradesh
maize,cereal,81.0,47.0,65.0,24.9,78.1,6.03,65.6,alluvial,rabi,rainfed,Rajasthan
potato,vegetable,94.0,47.0,114.0,10.2,67.0,5.45,89.9,alluvial,rabi,irrigated,Punjab
sesame,oilseed,30.0,36.0,26.0,26.1,72.6,6.92,37.7,loamy,kharif,irrigated,Gujarat
muskmelon,horticulture,34.0,23.0,33.0,30.5,78.9,7.33,80.8,loamy,zaid,rainfed,Punjab
sesame,oilseed,27.0,40.0,30.0,23.0,73.5,7.93,40.7,loamy,kharif,irrigated,Gujarat
potato,vegetable,78.0,82.0,109.0,21.8,60.8,6.18,81.1,alluvial,rabi,rainfed,Punjab
horsegram,pulse,10.0,42.0,21.0,29.7,58.9,5.65,78.3,red,kharif,irrigated,Tamil Nadu
jasmine,flower,62.0,28.0,47.0,31.1,76.8,6.94,141.5,loamy,kharif,irrigated,Tamil Nadu
cardamom,spice,19.0,23.0,53.0,21.4,93.5,6.65,395.4,loamy,kharif,irrigated,Kerala
mango,horticulture,21.0,39.0,73.0,20.7,72.5,6.26,80.7,alluvial,kharif,rainfed,Karnataka
greengram,pulse,36.0,50.0,40.0,33.8,63.8,7.27,56.4,loamy,kharif,irrigated,Rajasthan
rose,flower,48.0,46.0,59.0,28.6,56.5,6.46,92.5,loamy,rabi,irrigated,Himachal Pradesh
orange,horticulture,19.0,24.0,29.0,20.8,70.4,6.94,123.5,laterite,rabi,irrigated,Assam
cauliflower,vegetable,104.0,38.0,57.0,15.1,61.9,6.84,149.0,alluvial,rabi,irrigated,Uttar Pradesh
tobacco,cash,42.0,58.0,47.0,27.8,77.9,7.11,69.8,alluvial,rabi,rainfed,Andhra Pradesh
potato,vegetable,93.0,53.0,80.0,20.9,76.6,5.52,81.8,alluvial,rabi,rainfed,Bihar
okra,vegetable,35.0,59.0,51.0,25.4,67.3,7.26,72.1,loamy,zaid,rainfed,Andhra Pradesh
sugarcane,cash,161.0,57.0,101.0,20.3,92.1,6.44,149.0,alluvial,kharif,rainfed,Andhra Pradesh
cocoa,plantation,35.0,24.0,54.0,34.7,84.9,6.28,142.6,loamy,kharif,rainfed,Andhra Pradesh
castor,oilseed,48.0,25.0,44.0,39.2,65.3,7.28,83.0,alluvial,kharif,rainfed,Rajasthan
turmeric,spice,54.0,62.0,59.0,23.3,85.6,5.32,110.1,red,kharif,rainfed,Karnataka
brinjal,vegetable,50.0,45.0,52.0,33.1,56.6,6.72,78.2,alluvial,rabi,rainfed,Odisha
marigold,flower,40.0,42.0,74.0,29.9,57.8,7.42,107.5,loamy,rabi,rainfed,Rajasthan
cauliflower,vegetable,76.0,55.0,50.0,20.4,78.4,6.25,114.6,loamy,rabi,rainfed,Bihar
potato,vegetable,85.0,56.0,123.0,9.7,66.8,5.41,145.7,loamy,rabi,rainfed,Bihar
mustard,oilseed,94.0,53.0,33.0,10.7,52.0,7.62,51.4,alluvial,rabi,rainfed,Rajasthan
greengram,pulse,32.0,39.0,24.0,34.9,68.1,6.61,79.4,alluvial,zaid,irrigated,Andhra Pradesh
jasmine,flower,46.0,30.0,31.0,23.8,71.4,6.05,141.2,loamy,kharif,rainfed,Karnataka
cauliflower,vegetable,108.0,67.0,86.0,14.6,66.7,6.06,79.1,loamy,rabi,irrigated,Uttar Pradesh
cashew,plantation,15.0,20.0,13.0,38.8,52.3,5.98,189.6,loamy,kharif,rainfed,Tamil Nadu
jasmine,flower,33.0,41.0,48.0,19.1,78.3,7.2,77.7,alluvial,kharif,rainfed,Andhra Pradesh
greengram,pulse,27.0,31.0,30.0,31.9,64.3,7.46,82.5,red,zaid,rainfed,Maharashtra
sugarcane,cash,132.0,60.0,91.0,34.4,81.4,6.82,124.7,alluvial,kharif,rainfed,Tamil Nadu
watermelon,horticulture,64.0,44.0,64.0,36.4,79.8,7.47,45.1,sandy,kharif,irrigated,Karnataka
pepper,spice,61.0,24.0,101.0,21.0,86.5,5.7,333.1,laterite,kharif,rainfed,Karnataka
sugarcane,cash,121.0,66.0,102.0,34.0,71.2,7.2,137.6,black,kharif,rainfed,Tamil Nadu
mango,horticulture,28.0,22.0,55.0,36.0,55.5,6.62,78.8,laterite,kharif,irrigated,Tamil Nadu
brinjal,vegetable,45.0,32.0,60.0,30.3,68.6,6.35,89.9,sandy,kharif,rainfed,West Bengal
soybean,oilseed,36.0,75.0,59.0,28.7,78.9,7.4,102.6,alluvial,kharif,rainfed,Uttar Pradesh
jute,cash,60.0,38.0,60.0,32.8,87.6,6.95,225.2,alluvial,kharif,rainfed,Meghalaya
tobacco,cash,62.0,45.0,39.0,21.8,75.4,6.82,94.2,sandy,rabi,rainfed,Bihar
rose,flower,74.0,40.0,44.0,24.4,71.1,6.87,158.7,loamy,rabi,irrigated,Himachal Pradesh
rose,flower,47.0,64.0,64.0,17.0,61.1,6.29,150.3,alluvial,rabi,irrigated,West Bengal
cabbage,vegetable,114.0,58.0,78.0,20.9,77.1,6.3,130.0,loamy,rabi,irrigated,Maharashtra
watermelon,horticulture,75.0,35.0,73.0,40.7,73.9,7.3,76.0,red,kharif,rainfed,Andhra Pradesh
apple,horticulture,37.0,40.0,26.0,7.0,86.1,5.61,112.0,loamy,rabi,rainfed,Uttarakhand
jute,cash,59.0,41.0,63.0,35.1,74.2,7.03,232.7,alluvial,kharif,irrigated,Assam
muskmelon,horticulture,52.0,36.0,38.0,35.2,58.6,6.47,78.5,loamy,zaid,irrigated,Haryana
sapota,horticulture,30.0,14.0,37.0,30.7,63.1,7.35,146.2,loamy,kharif,irrigated,Gujarat
pineapple,horticulture,44.0,33.0,48.0,31.7,81.9,6.35,208.9,sandy,kharif,irrigated,Kerala
brinjal,vegetable,67.0,32.0,70.0,27.2,56.0,7.2,101.5,alluvial,rabi,irrigated,Bihar
sesame,oilseed,34.0,29.0,40.0,31.0,68.4,6.67,44.2,sandy,kharif,irrigated,Rajasthan
kidneybeans,pulse,30.0,48.0,55.0,21.4,56.8,6.9,94.3,alluvial,kharif,rainfed,Karnataka
arecanut,plantation,22.0,23.0,64.0,23.7,88.7,7.23,217.7,laterite,kharif,irrigated,West Bengal
tomato,vegetable,84.0,40.0,50.0,21.9,77.6,6.4,129.0,alluvial,rabi,rainfed,Karnataka
tobacco,cash,38.0,59.0,40.0,34.4,76.7,6.63,93.1,sandy,rabi,rainfed,Andhra Pradesh
sesame,oilseed,27.0,36.0,37.0,23.3,65.9,7.33,71.6,loamy,kharif,rainfed,West Bengal
ginger,spice,52.0,63.0,55.0,19.1,80.2,6.38,133.1,laterite,kharif,irrigated,Meghalaya
blackgram,pulse,19.0,36.0,22.0,26.9,65.7,6.84,57.0,red,kharif,irrigated,Tamil Nadu
muskmelon,horticulture,64.0,25.0,48.0,30.3,72.7,6.22,58.1,sandy,zaid,rainfed,Haryana
horsegram,pulse,26.0,21.0,29.0,20.8,56.4,6.26,65.9,red,kharif,rainfed,Andhra Pradesh
groundnut,cash,11.0,75.0,55.0,23.4,55.6,6.71,93.8,sandy,kharif,irrigated,Rajasthan
maize,cereal,60.0,32.0,44.0,26.0,80.6,5.9,84.7,red,rabi,irrigated,Andhra Pradesh
rubber,plantation,35.0,23.0,38.0,21.3,92.3,6.21,241.2,laterite,kharif,irrigated,Karnataka
horsegram,pulse,32.0,19.0,32.0,19.3,63.2,6.9,64.6,loamy,rabi,rainfed,Andhra Pradesh
rubber,plantation,23.0,26.0,38.0,33.0,98.9,4.63,280.5,loamy,kharif,irrigated,Kerala
barley,cereal,79.0,45.0,44.0,13.7,47.3,7.82,51.7,sandy,rabi,rainfed,Uttar Pradesh
pigeonpeas,pulse,38.0,49.0,40.0,23.0,72.6,6.36,84.5,red,kharif,irrigated,Maharashtra
chilli,spice,75.0,39.0,82.0,29.3,56.7,7.28,58.3,black,rabi,rainfed,Maharashtra
watermelon,horticulture,67.0,43.0,62.0,35.2,70.5,7.29,53.4,sandy,kharif,rainfed,Rajasthan
jute,cash,69.0,34.0,45.0,23.5,95.0,7.05,221.7,alluvial,kharif,rainfed,Meghalaya
muskmelon,horticulture,54.0,41.0,48.0,39.6,61.6,6.82,40.3,sandy,zaid,irrigated,Rajasthan
muskmelon,horticulture,53.0,30.0,68.0,32.0,77.0,6.56,63.8,sandy,zaid,rainfed,Karnataka
horsegram,pulse,11.0,20.0,20.0,30.6,42.8,7.11,70.4,loamy,rabi,irrigated,Chhattisgarh
cabbage,vegetable,122.0,40.0,81.0,14.3,79.9,6.08,129.3,loamy,rabi,rainfed,Odisha
papaya,horticulture,77.0,47.0,78.0,37.6,70.4,6.9,150.3,alluvial,kharif,irrigated,Tamil Nadu
arecanut,plantation,22.0,22.0,108.0,29.4,80.9,6.87,212.6,laterite,kharif,irrigated,Kerala
apple,horticulture,28.0,34.0,24.0,16.2,82.0,6.38,122.6,loamy,rabi,irrigated,Himachal Pradesh
maize,cereal,107.0,40.0,69.0,33.0,66.8,6.12,97.1,alluvial,rabi,irrigated,Madhya Pradesh
apple,horticulture,25.0,33.0,19.0,11.9,85.6,5.57,93.1,alluvial,rabi,rainfed,Uttarakhand
coconut,plantation,39.0,27.0,83.0,33.8,83.2,6.15,278.7,alluvial,kharif,rainfed,Kerala
okra,vegetable,32.0,40.0,45.0,23.2,63.0,6.2,59.5,loamy,zaid,rainfed,Andhra Pradesh
cashew,plantation,19.0,21.0,14.0,19.8,78.6,6.8,167.9,laterite,kharif,rainfed,Tamil Nadu
rubber,plantation,26.0,24.0,22.0,27.6,98.0,6.15,251.2,alluvial,kharif,rainfed,Tripura
bajra,millet,43.0,30.0,30.0,40.4,29.4,7.93,37.9,sandy,kharif,rainfed,Uttar Pradesh
groundnut,cash,14.0,78.0,70.0,31.1,55.9,7.33,74.9,loamy,kharif,rainfed,Andhra Pradesh
watermelon,horticulture,68.0,44.0,61.0,30.1,66.1,6.41,66.0,loamy,kharif,rainfed,Maharashtra
soybean,oilseed,28.0,78.0,41.0,30.4,73.5,6.89,128.7,alluvial,kharif,irrigated,Uttar Pradesh
sapota,horticulture,36.0,22.0,44.0,36.5,60.1,6.67,148.1,loamy,kharif,rainfed,Andhra Pradesh
rice,cereal,78.0,38.0,63.0,30.8,89.1,5.65,140.3,alluvial,kharif,irrigated,Tamil Nadu
chilli,spice,48.0,67.0,47.0,25.7,56.3,6.15,103.2,alluvial,kharif,rainfed,Karnataka
soybean,oilseed,42.0,75.0,50.0,26.1,81.7,6.1,94.0,black,kharif,rainfed,Uttar Pradesh
barley,cereal,92.0,45.0,34.0,8.4,59.1,7.01,58.8,sandy,rabi,irrigated,Haryana
bajra,millet,29.0,28.0,24.0,27.7,33.3,8.4,62.8,red,kharif,rainfed,Gujarat
marigold,flower,72.0,70.0,58.0,26.2,51.3,6.26,73.2,sandy,kharif,rainfed,Maharashtra
coriander,spice,33.0,33.0,27.0,24.1,45.3,7.34,40.5,alluvial,rabi,rainfed,Andhra Pradesh
kidneybeans,pulse,36.0,56.0,43.0,25.5,61.4,6.2,77.2,alluvial,kharif,rainfed,Himachal Pradesh
horsegram,pulse,28.0,37.0,29.0,30.2,37.3,7.29,83.1,loamy,kharif,rainfed,Andhra Pradesh
bajra,millet,55.0,14.0,33.0,23.6,45.1,8.06,74.2,loamy,kharif,rainfed,Rajasthan
pigeonpeas,pulse,24.0,63.0,43.0,18.3,60.1,7.26,94.1,alluvial,kharif,rainfed,Maharashtra
cowpea,pulse,17.0,48.0,30.0,37.7,57.5,5.83,88.3,loamy,kharif,rainfed,Tamil Nadu
turmeric,spice,46.0,72.0,102.0,31.9,74.9,6.2,113.2,alluvial,kharif,rainfed,Andhra Pradesh
rubber,plantation,26.0,27.0,43.0,32.9,102.2,4.74,327.8,laterite,kharif,irrigated,Karnataka
brinjal,vegetable,54.0,30.0,42.0,32.6,81.9,6.83,96.3,alluvial,rabi,rainfed,Gujarat
pigeonpeas,pulse,32.0,51.0,32.0,29.3,47.4,7.34,95.2,loamy,kharif,irrigated,Uttar Pradesh
mustard,oilseed,78.0,53.0,31.0,16.6,72.5,7.72,35.8,loamy,rabi,rainfed,Madhya Pradesh
tea,plantation,25.0,31.0,18.0,18.5,97.3,5.97,348.4,red,kharif,irrigated,West Bengal
maize,cereal,81.0,30.0,52.0,24.8,62.7,6.38,58.8,red,rabi,rainfed,Madhya Pradesh
jasmine,flower,53.0,32.0,33.0,34.0,65.1,7.09,111.5,sandy,kharif,irrigated,Maharashtra
groundnut,cash,12.0,57.0,70.0,30.6,52.3,7.23,123.0,loamy,rabi,irrigated,Gujarat
chilli,spice,84.0,63.0,85.0,32.3,64.0,5.54,61.5,loamy,rabi,rainfed,Telangana
sapota,horticulture,31.0,32.0,35.0,39.3,74.8,7.53,182.5,loamy,kharif,irrigated,Tamil Nadu
potato,vegetable,81.0,72.0,82.0,23.4,70.0,5.61,148.9,loamy,rabi,irrigated,Gujarat
pigeonpeas,pulse,40.0,53.0,32.0,22.7,70.0,7.2,126.0,red,kharif,irrigated,Andhra Pradesh
apple,horticulture,33.0,28.0,26.0,16.1,67.7,6.45,105.3,loamy,rabi,rainfed,Arunachal Pradesh
coriander,spice,51.0,45.0,44.0,18.9,60.3,7.43,55.8,alluvial,rabi,irrigated,Madhya Pradesh
jute,cash,55.0,39.0,46.0,28.9,92.1,7.37,173.5,alluvial,kharif,rainfed,Bihar
mustard,oilseed,78.0,57.0,29.0,9.3,74.3,7.19,38.5,sandy,rabi,irrigated,Uttar Pradesh
pineapple,horticulture,50.0,33.0,48.0,34.0,75.5,5.55,231.8,sandy,kharif,rainfed,Assam
rice,cereal,141.0,64.0,38.0,30.8,77.5,6.97,237.7,alluvial,kharif,irrigated,Odisha
pepper,spice,64.0,41.0,62.0,23.1,100.3,6.23,344.7,red,kharif,rainfed,Andhra Pradesh
chickpea,pulse,40.0,72.0,55.0,17.7,43.3,6.29,62.6,black,rabi,rainfed,Uttar Pradesh
guava,horticulture,44.0,30.0,39.0,24.8,64.8,5.56,136.4,loamy,kharif,rainfed,Andhra Pradesh
groundnut,cash,12.0,85.0,42.0,36.0,77.4,7.24,114.7,red,kharif,rainfed,Karnataka
cotton,cash,57.0,65.0,66.0,32.8,75.1,6.27,71.4,alluvial,kharif,irrigated,Maharashtra
sapota,horticulture,33.0,29.0,38.0,37.9,84.4,6.63,204.5,laterite,kharif,rainfed,Karnataka
grapes,horticulture,32.0,19.0,41.0,22.9,58.1,6.91,73.0,black,rabi,rainfed,Karnataka
soybean,oilseed,30.0,66.0,70.0,29.7,58.3,6.28,57.1,black,kharif,rainfed,Uttar Pradesh
jowar,millet,43.0,40.0,34.0,33.5,58.4,7.52,84.9,red,kharif,rainfed,Madhya Pradesh
soybean,oilseed,40.0,76.0,56.0,30.3,79.4,6.79,122.8,alluvial,kharif,irrigated,Rajasthan
tapioca,horticulture,62.0,48.0,87.0,19.1,73.7,6.68,126.0,red,kharif,irrigated,Tamil Nadu
blackgram,pulse,33.0,48.0,34.0,28.6,73.5,7.49,76.9,loamy,rabi,rainfed,Madhya Pradesh
papaya,horticulture,59.0,40.0,72.0,23.8,64.0,6.19,111.7,loamy,kharif,rainfed,Andhra Pradesh
pomegranate,horticulture,28.0,37.0,15.0,23.2,43.7,6.96,45.8,loamy,kharif,rainfed,Maharashtra
greengram,pulse,25.0,45.0,34.0,26.9,85.4,7.31,65.1,alluvial,zaid,rainfed,Maharashtra
chilli,spice,84.0,48.0,57.0,24.1,84.3,6.46,74.5,loamy,kharif,rainfed,Andhra Pradesh
okra,vegetable,40.0,44.0,44.0,25.2,75.0,6.44,83.8,alluvial,zaid,rainfed,West Bengal
tomato,vegetable,71.0,49.0,78.0,20.2,59.7,6.07,97.0,alluvial,rabi,rainfed,Maharashtra
jute,cash,90.0,35.0,62.0,35.6,96.0,6.21,166.3,alluvial,kharif,irrigated,West Bengal
cowpea,pulse,17.0,50.0,23.0,30.2,55.4,7.05,97.8,sandy,zaid,irrigated,Maharashtra
castor,oilseed,56.0,41.0,40.0,21.7,59.3,7.39,97.7,sandy,kharif,irrigated,Andhra Pradesh
cocoa,plantation,21.0,23.0,48.0,23.5,94.6,7.06,189.9,alluvial,kharif,rainfed,Andhra Pradesh
orange,horticulture,36.0,24.0,16.0,23.5,55.7,5.57,152.6,laterite,rabi,irrigated,Meghalaya
muskmelon,horticulture,41.0,36.0,56.0,31.3,78.5,7.0,51.5,loamy,zaid,rainfed,Rajasthan
maize,cereal,90.0,42.0,62.0,22.8,60.8,6.31,94.5,alluvial,rabi,rainfed,Karnataka
sunflower,oilseed,68.0,72.0,81.0,29.6,57.9,6.97,57.5,loamy,kharif,rainfed,Maharashtra
pigeonpeas,pulse,19.0,47.0,44.0,28.4,60.3,6.87,61.1,red,kharif,irrigated,Madhya Pradesh
muskmelon,horticulture,38.0,50.0,53.0,25.9,66.6,6.9,64.4,sandy,zaid,irrigated,Punjab
soybean,oilseed,50.0,69.0,47.0,23.2,83.2,6.09,124.1,alluvial,kharif,rainfed,Rajasthan
guava,horticulture,33.0,30.0,30.0,27.2,58.6,5.09,109.4,sandy,kharif,rainfed,Andhra Pradesh
kidneybeans,pulse,34.0,49.0,56.0,21.9,62.8,6.39,90.1,alluvial,kharif,irrigated,Jammu & Kashmir
ragi,millet,59.0,37.0,47.0,24.2,80.9,5.57,66.2,loamy,kharif,rainfed,Uttarakhand
pomegranate,horticulture,42.0,24.0,22.0,29.0,54.6,8.23,70.9,sandy,kharif,irrigated,Rajasthan
marigold,flower,71.0,70.0,51.0,21.7,67.8,6.8,115.0,sandy,kharif,rainfed,Tamil Nadu
cardamom,spice,28.0,23.0,48.0,24.0,85.1,6.33,218.6,red,kharif,rainfed,Tamil Nadu
onion,vegetable,39.0,32.0,73.0,27.6,50.9,6.3,68.7,alluvial,rabi,irrigated,Gujarat
rubber,plantation,34.0,12.0,29.0,36.0,98.9,5.29,347.9,laterite,kharif,irrigated,Kerala
mothbeans,pulse,22.0,19.0,14.0,25.8,49.6,7.5,24.6,loamy,kharif,rainfed,Gujarat
papaya,horticulture,49.0,37.0,72.0,26.7,58.7,6.6,129.1,sandy,kharif,rainfed,Gujarat
tapioca,horticulture,73.0,50.0,99.0,28.6,74.5,6.05,112.3,laterite,kharif,irrigated,Kerala
chickpea,pulse,19.0,46.0,46.0,23.8,37.1,6.53,84.2,black,rabi,irrigated,Maharashtra
sesame,oilseed,33.0,28.0,26.0,32.9,53.6,5.96,60.5,red,kharif,rainfed,West Bengal
wheat,cereal,150.0,77.0,59.0,12.1,59.0,6.62,87.9,alluvial,rabi,irrigated,Haryana
pomegranate,horticulture,43.0,35.0,14.0,18.7,40.4,8.28,59.0,sandy,kharif,rainfed,Gujarat
pineapple,horticulture,41.0,25.0,42.0,27.9,81.5,5.45,132.1,loamy,kharif,rainfed,West Bengal
potato,vegetable,111.0,69.0,119.0,22.8,71.4,5.38,121.7,loamy,rabi,rainfed,Uttar Pradesh
cashew,plantation,15.0,14.0,22.0,28.7,53.6,6.19,107.8,laterite,kharif,irrigated,Maharashtra
ragi,millet,69.0,45.0,56.0,18.4,72.0,6.98,58.1,laterite,kharif,irrigated,Uttarakhand
apple,horticulture,29.0,41.0,35.0,20.7,83.7,6.05,116.8,alluvial,rabi,rainfed,Jammu & Kashmir
turmeric,spice,63.0,43.0,75.0,27.7,74.1,6.43,213.8,alluvial,kharif,irrigated,Andhra Pradesh
horsegram,pulse,29.0,19.0,19.0,27.2,39.0,6.69,74.3,red,kharif,rainfed,Andhra Pradesh
